ncell,members_reaching_threshold,mean_first_time_min,min_first_time_min,max_first_time_min
2,20,72.29999979337057,62.00000047683716,83.99999936421712
4,20,69.80000058809917,62.00000047683716,80.00000317891438
8,20,71.79999987284342,62.00000047683716,80.00000317891438
16,20,71.80000046888988,63.999998569488525,74.00000095367432
32,20,69.2999988794327,63.999998569488525,74.00000095367432
64,20,69.89999930063885,66.00000063578288,74.00000095367432
128,20,68.89999767144522,63.999998569488525,69.99999682108562
256,20,69.39999779065451,66.00000063578288,72.00000286102295
512,20,68.69999806086224,66.00000063578288,69.99999682108562
1024,20,68.79999796549481,67.99999872843425,69.99999682108562
2048,20,68.29999844233197,67.99999872843425,69.99999682108562
4096,20,68.4999982515971,67.99999872843425,69.99999682108562
8192,20,68.09999863306683,67.99999872843425,69.99999682108562
