comparison,ncell,metric,label,tolerance_percent,point_percent,bootstrap_median_percent,bootstrap_upper95_percent,upper95_ratio_to_tolerance
2->8192,2,surface_area_m1,$4\pi\lambda_2$,5.0,136.97808942287523,137.11667165199293,140.56943305009946,28.113886610019893
2->8192,2,liquid_equiv_g_m3,liquid-equivalent water,5.0,180.69703951945212,180.73095492611526,182.63722876960915,36.52744575392183
2->8192,2,reflectivity_mm6_m3,"reflectivity proxy, $Z$",10.0,199.56668848647465,199.56642784733242,199.66551333574918,19.96655133357492
2->8192,2,mass_weighted_terminal_speed_ms,mass-weighted terminal speed,5.0,170.44048512043568,170.4161424294664,173.53677013438696,34.70735402687739
2->8192,2,flux_g_m2_s,terminal-speed mass-flux proxy,5.0,198.47802766923965,198.47361424596363,198.7377510928277,39.747550218565536
4->8192,4,surface_area_m1,$4\pi\lambda_2$,5.0,41.97176284058384,43.00243391909609,49.24547112772028,9.849094225544055
4->8192,4,liquid_equiv_g_m3,liquid-equivalent water,5.0,54.70134603692854,56.52297308074348,68.18831745336271,13.637663490672542
4->8192,4,reflectivity_mm6_m3,"reflectivity proxy, $Z$",10.0,127.07881393897715,125.58113125691784,153.33158701929693,15.333158701929694
4->8192,4,mass_weighted_terminal_speed_ms,mass-weighted terminal speed,5.0,18.036308532900904,22.87708456651361,42.483925233191464,8.496785046638292
4->8192,4,flux_g_m2_s,terminal-speed mass-flux proxy,5.0,68.49950102041788,71.07094929280808,93.48330555224165,18.69666111044833
8->8192,8,surface_area_m1,$4\pi\lambda_2$,5.0,19.63050587200545,20.38876226183576,23.83161414348272,4.766322828696544
8->8192,8,liquid_equiv_g_m3,liquid-equivalent water,5.0,18.795641432133223,20.975285148933615,34.80819146443058,6.961638292886116
8->8192,8,reflectivity_mm6_m3,"reflectivity proxy, $Z$",10.0,67.90169689850663,70.19515668701669,81.93894382506853,8.193894382506853
8->8192,8,mass_weighted_terminal_speed_ms,mass-weighted terminal speed,5.0,20.169484957874275,21.32111987878814,31.168207707375732,6.233641541475146
8->8192,8,flux_g_m2_s,terminal-speed mass-flux proxy,5.0,30.654705043758085,33.43021121290718,58.71261006320674,11.742522012641349
16->8192,16,surface_area_m1,$4\pi\lambda_2$,5.0,9.946214418143745,10.207391265993106,13.02884653316543,2.605769306633086
16->8192,16,liquid_equiv_g_m3,liquid-equivalent water,5.0,8.49912822242035,9.315074362906165,15.188376215910784,3.0376752431821568
16->8192,16,reflectivity_mm6_m3,"reflectivity proxy, $Z$",10.0,45.415176007821564,47.62014127143173,61.21127036022369,6.1211270360223695
16->8192,16,mass_weighted_terminal_speed_ms,mass-weighted terminal speed,5.0,17.550466417317068,18.501954056552623,24.45022704643178,4.890045409286357
16->8192,16,flux_g_m2_s,terminal-speed mass-flux proxy,5.0,16.448563124611063,18.40056784246158,25.935253774242284,5.187050754848457
32->8192,32,surface_area_m1,$4\pi\lambda_2$,5.0,4.314566539917115,4.471747980759863,5.791852683584623,1.1583705367169246
32->8192,32,liquid_equiv_g_m3,liquid-equivalent water,5.0,4.1628502938782805,4.932093256253095,10.984023883040868,2.1968047766081735
32->8192,32,reflectivity_mm6_m3,"reflectivity proxy, $Z$",10.0,19.947705637486063,23.179331673134435,34.13748750147484,3.4137487501474837
32->8192,32,mass_weighted_terminal_speed_ms,mass-weighted terminal speed,5.0,8.24552191686245,9.911226745298803,15.446810418474906,3.089362083694981
32->8192,32,flux_g_m2_s,terminal-speed mass-flux proxy,5.0,9.307177057932257,10.86366285854891,22.519538589282593,4.503907717856519
64->8192,64,surface_area_m1,$4\pi\lambda_2$,5.0,3.263393063078041,3.471770957936772,4.816146682656528,0.9632293365313055
64->8192,64,liquid_equiv_g_m3,liquid-equivalent water,5.0,2.85917914058816,3.7006587713467614,7.5472610279164565,1.5094522055832913
64->8192,64,reflectivity_mm6_m3,"reflectivity proxy, $Z$",10.0,23.82699858496344,25.10369337362822,37.719309239588284,3.7719309239588283
64->8192,64,mass_weighted_terminal_speed_ms,mass-weighted terminal speed,5.0,9.16079393719594,9.716855620765738,14.901234679672552,2.9802469359345105
64->8192,64,flux_g_m2_s,terminal-speed mass-flux proxy,5.0,9.040728397846346,10.189660054513475,17.51516028517099,3.503032057034198
128->8192,128,surface_area_m1,$4\pi\lambda_2$,5.0,2.0663439261997,2.2613701856450383,3.124983168540199,0.6249966337080398
128->8192,128,liquid_equiv_g_m3,liquid-equivalent water,5.0,1.8217562879388103,2.1721865490949916,4.225020631416219,0.8450041262832437
128->8192,128,reflectivity_mm6_m3,"reflectivity proxy, $Z$",10.0,9.127033118478556,10.352918994006064,18.485982070151913,1.8485982070151912
128->8192,128,mass_weighted_terminal_speed_ms,mass-weighted terminal speed,5.0,4.726455864473982,4.8449166694768095,7.6891543347739155,1.537830866954783
128->8192,128,flux_g_m2_s,terminal-speed mass-flux proxy,5.0,4.463760337908658,4.9131313182406045,7.670492784123636,1.5340985568247272
256->8192,256,surface_area_m1,$4\pi\lambda_2$,5.0,0.8855578717587389,1.0533976599237558,1.7325127755074468,0.34650255510148936
256->8192,256,liquid_equiv_g_m3,liquid-equivalent water,5.0,1.571463030476875,1.7564423068267188,3.331295534168496,0.6662591068336992
256->8192,256,reflectivity_mm6_m3,"reflectivity proxy, $Z$",10.0,6.346613706142553,7.1044868486618356,11.345402926692023,1.1345402926692023
256->8192,256,mass_weighted_terminal_speed_ms,mass-weighted terminal speed,5.0,2.3570544881290583,2.756506035247665,4.467806056741656,0.8935612113483312
256->8192,256,flux_g_m2_s,terminal-speed mass-flux proxy,5.0,2.8256689471388405,3.5375124754981693,6.913881541635205,1.382776308327041
512->8192,512,surface_area_m1,$4\pi\lambda_2$,5.0,0.8946847305364609,0.982756863154441,1.5395945322316702,0.307918906446334
512->8192,512,liquid_equiv_g_m3,liquid-equivalent water,5.0,0.8098046029886752,1.0464893833105169,2.090124588533143,0.4180249177066286
512->8192,512,reflectivity_mm6_m3,"reflectivity proxy, $Z$",10.0,4.765284519599781,6.0106667320905185,9.678002697567695,0.9678002697567696
512->8192,512,mass_weighted_terminal_speed_ms,mass-weighted terminal speed,5.0,2.2777366693612353,2.4565189741644033,4.003263568913492,0.8006527137826984
512->8192,512,flux_g_m2_s,terminal-speed mass-flux proxy,5.0,2.117534940032385,2.5840958781473615,4.679149135830498,0.9358298271660995
1024->8192,1024,surface_area_m1,$4\pi\lambda_2$,5.0,0.4371834471047735,0.6090035649065861,1.0027569397742053,0.20055138795484106
1024->8192,1024,liquid_equiv_g_m3,liquid-equivalent water,5.0,0.8870822718366849,1.0319730255357142,1.875593884923796,0.3751187769847592
1024->8192,1024,reflectivity_mm6_m3,"reflectivity proxy, $Z$",10.0,2.8626698487333675,3.4098285883768247,5.712292681975481,0.5712292681975482
1024->8192,1024,mass_weighted_terminal_speed_ms,mass-weighted terminal speed,5.0,1.2643949577760283,1.4016067896532232,2.3517943123167693,0.47035886246335384
1024->8192,1024,flux_g_m2_s,terminal-speed mass-flux proxy,5.0,1.6140208910839533,1.863383520317544,3.5325560144266506,0.7065112028853301
2048->8192,2048,surface_area_m1,$4\pi\lambda_2$,5.0,0.29929712211982856,0.3605667762149597,0.541970239661203,0.10839404793224058
2048->8192,2048,liquid_equiv_g_m3,liquid-equivalent water,5.0,0.37722294544883805,0.5038042334955818,1.0910570639301687,0.21821141278603373
2048->8192,2048,reflectivity_mm6_m3,"reflectivity proxy, $Z$",10.0,2.5511499245283193,2.7482339380536462,5.022564037523011,0.5022564037523012
2048->8192,2048,mass_weighted_terminal_speed_ms,mass-weighted terminal speed,5.0,0.8680514851555289,1.056633442566127,1.632944098241643,0.3265888196483286
2048->8192,2048,flux_g_m2_s,terminal-speed mass-flux proxy,5.0,0.8720134008033221,1.2407321512266987,2.473057037094802,0.4946114074189604
4096->8192,4096,surface_area_m1,$4\pi\lambda_2$,5.0,0.2928449299116454,0.3290118489333209,0.5736476182233121,0.11472952364466242
4096->8192,4096,liquid_equiv_g_m3,liquid-equivalent water,5.0,0.5054348692693297,0.564831113422802,1.04034420886985,0.20806884177397
4096->8192,4096,reflectivity_mm6_m3,"reflectivity proxy, $Z$",10.0,0.8290329715076067,1.4885727993857407,2.686889141999723,0.2686889141999723
4096->8192,4096,mass_weighted_terminal_speed_ms,mass-weighted terminal speed,5.0,0.39295724934574444,0.5524985247634561,1.0951248481381783,0.21902496962763568
4096->8192,4096,flux_g_m2_s,terminal-speed mass-flux proxy,5.0,0.7809486547216878,0.9220599144425783,2.0442285649808594,0.4088457129961719
512->1024,512,surface_area_m1,$4\pi\lambda_2$,5.0,0.8750172105715178,1.0334423580913596,1.6591700218342984,0.33183400436685967
512->1024,512,liquid_equiv_g_m3,liquid-equivalent water,5.0,1.598477673917849,1.8387098923455039,3.2054586545387664,0.6410917309077533
512->1024,512,reflectivity_mm6_m3,"reflectivity proxy, $Z$",10.0,3.6429297247588073,5.307892388885962,8.939580011194012,0.8939580011194013
512->1024,512,mass_weighted_terminal_speed_ms,mass-weighted terminal speed,5.0,1.7136493435035707,2.0916301779796744,3.896928479044251,0.7793856958088502
512->1024,512,flux_g_m2_s,terminal-speed mass-flux proxy,5.0,3.010319985679257,3.1910038121831947,6.458166121709279,1.2916332243418558
1024->2048,1024,surface_area_m1,$4\pi\lambda_2$,5.0,0.4059100292893981,0.566086357487914,0.9632638337925623,0.19265276675851245
1024->2048,1024,liquid_equiv_g_m3,liquid-equivalent water,5.0,0.7315807221417284,0.8573913468164283,1.7789625017809023,0.3557925003561805
1024->2048,1024,reflectivity_mm6_m3,"reflectivity proxy, $Z$",10.0,1.4560344600537753,2.9706930696070026,5.0502331896514105,0.5050233189651411
1024->2048,1024,mass_weighted_terminal_speed_ms,mass-weighted terminal speed,5.0,0.6053965281411025,1.0523565626888831,1.8765580908657529,0.37531161817315056
1024->2048,1024,flux_g_m2_s,terminal-speed mass-flux proxy,5.0,0.9198670756994655,1.41351825787274,3.0037093089226494,0.6007418617845299
2048->4096,2048,surface_area_m1,$4\pi\lambda_2$,5.0,0.4289894291579097,0.5095731032045442,0.7573040644905777,0.15146081289811555
2048->4096,2048,liquid_equiv_g_m3,liquid-equivalent water,5.0,0.7586874120145912,0.7996890621848245,1.531913364760285,0.306382672952057
2048->4096,2048,reflectivity_mm6_m3,"reflectivity proxy, $Z$",10.0,2.5503619815582246,3.060080497028288,5.015485285370357,0.5015485285370357
2048->4096,2048,mass_weighted_terminal_speed_ms,mass-weighted terminal speed,5.0,0.9933116483201977,1.2902468500105753,1.974721448015499,0.3949442896030998
2048->4096,2048,flux_g_m2_s,terminal-speed mass-flux proxy,5.0,1.6529339144204804,1.739752633725987,3.401970258389856,0.6803940516779712
4096->8192,4096,surface_area_m1,$4\pi\lambda_2$,5.0,0.2928449299116454,0.33244468539397265,0.5733896502675175,0.1146779300535035
4096->8192,4096,liquid_equiv_g_m3,liquid-equivalent water,5.0,0.5054348692693297,0.5475746771031609,1.0499307258668513,0.20998614517337028
4096->8192,4096,reflectivity_mm6_m3,"reflectivity proxy, $Z$",10.0,0.8290329715076067,1.4728803828875106,2.8239396089408118,0.2823939608940812
4096->8192,4096,mass_weighted_terminal_speed_ms,mass-weighted terminal speed,5.0,0.39295724934574444,0.5483566665679056,1.0759915349384879,0.21519830698769757
4096->8192,4096,flux_g_m2_s,terminal-speed mass-flux proxy,5.0,0.7809486547216878,0.9035803196102699,1.994753822062039,0.39895076441240784
