max_superdroplets,time_s,metric,ensemble_members,point_estimate,bootstrap_variance_of_estimate,variance_coefficient_n_times_variance
32768,600.0,ensemble_mean_l1,40,0.013143174918709477,2.7603411792129492e-06,0.00011041364716851797
32768,600.0,golovin_relative_error_radius_moment_0_m3,40,0.0023126102735409187,1.0779353679625049e-06,4.31174147185002e-05
32768,600.0,golovin_relative_error_radius_moment_6_um6_m3,40,-0.005961521724115621,7.103939970131906e-06,0.00028415759880527625
32768,600.0,ensemble_mean_l1,60,0.011618154438270708,1.782322780555547e-06,0.00010693936683333282
32768,600.0,golovin_relative_error_radius_moment_0_m3,60,0.00127196668114156,8.628550872116664e-07,5.1771305232699985e-05
32768,600.0,golovin_relative_error_radius_moment_6_um6_m3,60,-0.00161327161021488,6.282961469491006e-06,0.00037697768816946035
32768,600.0,ensemble_mean_l1,80,0.010128357663277916,1.1524288702196611e-06,9.219430961757289e-05
32768,600.0,golovin_relative_error_radius_moment_0_m3,80,0.0014699674349003503,7.109381702998144e-07,5.6875053623985156e-05
32768,600.0,golovin_relative_error_radius_moment_6_um6_m3,80,-0.0006820055715212895,4.724134059525315e-06,0.0003779307247620252
32768,600.0,ensemble_mean_l1,100,0.009294376486825308,9.733017733605767e-07,9.733017733605767e-05
32768,600.0,golovin_relative_error_radius_moment_0_m3,100,0.0008866646248207821,6.052817212177612e-07,6.0528172121776115e-05
32768,600.0,golovin_relative_error_radius_moment_6_um6_m3,100,-0.0005666328514415253,3.564355957998802e-06,0.0003564355957998802
32768,1200.0,ensemble_mean_l1,40,0.015408653281421242,3.2317009435156665e-06,0.00012926803774062666
32768,1200.0,golovin_relative_error_radius_moment_0_m3,40,0.0026887332704738586,1.6199599193472885e-06,6.479839677389155e-05
32768,1200.0,golovin_relative_error_radius_moment_6_um6_m3,40,-0.00739538720665594,1.4204266614839936e-05,0.0005681706645935975
32768,1200.0,ensemble_mean_l1,60,0.013095067433889353,1.8458082953015322e-06,0.00011074849771809192
32768,1200.0,golovin_relative_error_radius_moment_0_m3,60,0.0010933157222703881,1.3168857024652109e-06,7.901314214791265e-05
32768,1200.0,golovin_relative_error_radius_moment_6_um6_m3,60,-0.0015398865870567546,1.2978471646078951e-05,0.000778708298764737
32768,1200.0,ensemble_mean_l1,80,0.010779519362130788,1.227447498366115e-06,9.81957998692892e-05
32768,1200.0,golovin_relative_error_radius_moment_0_m3,80,0.0005769341536542557,1.097832620497029e-06,8.782660963976232e-05
32768,1200.0,golovin_relative_error_radius_moment_6_um6_m3,80,0.00035676289099039057,9.679472411556571e-06,0.0007743577929245257
32768,1200.0,ensemble_mean_l1,100,0.00892131888779304,8.822104737667177e-07,8.822104737667177e-05
32768,1200.0,golovin_relative_error_radius_moment_0_m3,100,9.303736626780523e-05,9.371401621540477e-07,9.371401621540477e-05
32768,1200.0,golovin_relative_error_radius_moment_6_um6_m3,100,0.0003563960070663441,7.238249470689443e-06,0.0007238249470689443
32768,1800.0,ensemble_mean_l1,40,0.017445218810517363,2.34058191732627e-06,9.36232766930508e-05
32768,1800.0,golovin_relative_error_radius_moment_0_m3,40,0.0031314312473334077,1.7520869399567617e-06,7.008347759827047e-05
32768,1800.0,golovin_relative_error_radius_moment_6_um6_m3,40,-0.0076978164751835745,2.677598287916504e-05,0.0010710393151666016
32768,1800.0,ensemble_mean_l1,60,0.01402906162926328,1.462797436789622e-06,8.776784620737731e-05
32768,1800.0,golovin_relative_error_radius_moment_0_m3,60,0.001507440115043185,1.4183079223886968e-06,8.509847534332181e-05
32768,1800.0,golovin_relative_error_radius_moment_6_um6_m3,60,-0.0017575764535436244,2.3459112112062333e-05,0.00140754672672374
32768,1800.0,ensemble_mean_l1,80,0.01209544340367446,1.0937669668615532e-06,8.750135734892426e-05
32768,1800.0,golovin_relative_error_radius_moment_0_m3,80,0.0011185569629749107,1.3198155127879316e-06,0.00010558524102303454
32768,1800.0,golovin_relative_error_radius_moment_6_um6_m3,80,0.0014826278605643826,1.7985630679438563e-05,0.001438850454355085
32768,1800.0,ensemble_mean_l1,100,0.011259961927033418,7.39719244188227e-07,7.39719244188227e-05
32768,1800.0,golovin_relative_error_radius_moment_0_m3,100,0.0006170149180966,1.0913125098697525e-06,0.00010913125098697524
32768,1800.0,golovin_relative_error_radius_moment_6_um6_m3,100,-0.0009994198878655015,1.3313828185770583e-05,0.0013313828185770582
32768,2400.0,ensemble_mean_l1,40,0.016687649455753767,3.4042115238781766e-06,0.00013616846095512706
32768,2400.0,golovin_relative_error_radius_moment_0_m3,40,0.003287625477014311,1.9198635519355386e-06,7.679454207742155e-05
32768,2400.0,golovin_relative_error_radius_moment_6_um6_m3,40,-0.015528022884931676,2.3342707819208283e-05,0.0009337083127683313
32768,2400.0,ensemble_mean_l1,60,0.013285364923726149,1.746877116577226e-06,0.00010481262699463357
32768,2400.0,golovin_relative_error_radius_moment_0_m3,60,0.0017245140873109763,1.5441450189872931e-06,9.264870113923758e-05
32768,2400.0,golovin_relative_error_radius_moment_6_um6_m3,60,-0.006704257972288143,2.7540722279449453e-05,0.0016524433367669671
32768,2400.0,ensemble_mean_l1,80,0.011768730510380188,1.221574304639225e-06,9.772594437113799e-05
32768,2400.0,golovin_relative_error_radius_moment_0_m3,80,0.0010873111184731513,1.4521858669508932e-06,0.00011617486935607145
32768,2400.0,golovin_relative_error_radius_moment_6_um6_m3,80,-0.000980492347139783,2.1583650877156093e-05,0.0017266920701724873
32768,2400.0,ensemble_mean_l1,100,0.010739886022101542,9.002873017904296e-07,9.002873017904296e-05
32768,2400.0,golovin_relative_error_radius_moment_0_m3,100,0.0005632371777972544,1.2051845913560556e-06,0.00012051845913560557
32768,2400.0,golovin_relative_error_radius_moment_6_um6_m3,100,-0.0029943350709373882,1.699597110599107e-05,0.001699597110599107
32768,3000.0,ensemble_mean_l1,40,0.020573627886877614,5.216579155480582e-06,0.00020866316621922327
32768,3000.0,golovin_relative_error_radius_moment_0_m3,40,0.0029930667947293934,1.7781629830070738e-06,7.112651932028295e-05
32768,3000.0,golovin_relative_error_radius_moment_6_um6_m3,40,-0.02249307971873487,4.4770074886698324e-05,0.0017908029954679329
32768,3000.0,ensemble_mean_l1,60,0.014921093267332854,2.8783550799127805e-06,0.00017270130479476683
32768,3000.0,golovin_relative_error_radius_moment_0_m3,60,0.0015510871144314006,1.4665944851084965e-06,8.79956691065098e-05
32768,3000.0,golovin_relative_error_radius_moment_6_um6_m3,60,-0.011527533909663846,4.318134348667955e-05,0.002590880609200773
32768,3000.0,ensemble_mean_l1,80,0.013338337308167069,1.8244571025148227e-06,0.00014595656820118582
32768,3000.0,golovin_relative_error_radius_moment_0_m3,80,0.0007439475761341297,1.456564802186531e-06,0.00011652518417492248
32768,3000.0,golovin_relative_error_radius_moment_6_um6_m3,80,-0.003908999611298945,3.348813736673833e-05,0.002679050989339066
32768,3000.0,ensemble_mean_l1,100,0.012472006807493243,1.5491104337450222e-06,0.0001549110433745022
32768,3000.0,golovin_relative_error_radius_moment_0_m3,100,0.00023911018612389977,1.2032573707090622e-06,0.00012032573707090622
32768,3000.0,golovin_relative_error_radius_moment_6_um6_m3,100,-0.006778250298888222,2.5292212767613733e-05,0.0025292212767613733
32768,3600.0,ensemble_mean_l1,40,0.02383215109816364,7.054665845716244e-06,0.00028218663382864975
32768,3600.0,golovin_relative_error_radius_moment_0_m3,40,0.002430675947166705,1.8756690211380554e-06,7.502676084552222e-05
32768,3600.0,golovin_relative_error_radius_moment_6_um6_m3,40,-0.020379346144741295,9.003015848475195e-05,0.003601206339390078
32768,3600.0,ensemble_mean_l1,60,0.01987914508200903,4.14193781758886e-06,0.0002485162690553316
32768,3600.0,golovin_relative_error_radius_moment_0_m3,60,0.0011528015976281355,1.5009746579912784e-06,9.005847947947671e-05
32768,3600.0,golovin_relative_error_radius_moment_6_um6_m3,60,-0.011039623968247252,7.19663515344825e-05,0.00431798109206895
32768,3600.0,ensemble_mean_l1,80,0.015401656184357649,3.1078485149931967e-06,0.0002486278811994557
32768,3600.0,golovin_relative_error_radius_moment_0_m3,80,0.000592270674812713,1.4800872406923564e-06,0.0001184069792553885
32768,3600.0,golovin_relative_error_radius_moment_6_um6_m3,80,-0.00559325354935942,5.410596131918947e-05,0.004328476905535158
32768,3600.0,ensemble_mean_l1,100,0.014248486720068669,2.10700508458153e-06,0.00021070050845815302
32768,3600.0,golovin_relative_error_radius_moment_0_m3,100,0.0001377764401125481,1.2522464165862352e-06,0.0001252246416586235
32768,3600.0,golovin_relative_error_radius_moment_6_um6_m3,100,-0.007841639495511848,4.168065398973674e-05,0.004168065398973674
65536,600.0,ensemble_mean_l1,40,0.0109188977529697,1.7712981155659035e-06,7.085192462263614e-05
65536,600.0,golovin_relative_error_radius_moment_0_m3,40,-0.0007844888775560444,4.231858175909504e-07,1.6927432703638015e-05
65536,600.0,golovin_relative_error_radius_moment_6_um6_m3,40,-0.002423054231127575,5.270235443153281e-06,0.00021080941772613123
65536,600.0,ensemble_mean_l1,60,0.008315278869523823,9.603513353077643e-07,5.7621080118465853e-05
65536,600.0,golovin_relative_error_radius_moment_0_m3,60,-0.0003073149654494104,2.8928069203301573e-07,1.7356841521980945e-05
65536,600.0,golovin_relative_error_radius_moment_6_um6_m3,60,-0.003204579054287691,3.5216032284262174e-06,0.00021129619370557304
65536,600.0,ensemble_mean_l1,80,0.006454271558132132,6.221512175300466e-07,4.9772097402403726e-05
65536,600.0,golovin_relative_error_radius_moment_0_m3,80,-0.0005293401247998292,2.2045545954005304e-07,1.7636436763204242e-05
65536,600.0,golovin_relative_error_radius_moment_6_um6_m3,80,-0.0029134331538023723,2.6157394676048145e-06,0.00020925915740838515
65536,600.0,ensemble_mean_l1,100,0.006019151139927062,4.2506617311443947e-07,4.250661731144395e-05
65536,600.0,golovin_relative_error_radius_moment_0_m3,100,-0.0003102140745708781,1.9600287780298844e-07,1.9600287780298844e-05
65536,600.0,golovin_relative_error_radius_moment_6_um6_m3,100,-0.0021359445070887016,2.12782813426423e-06,0.00021278281342642302
65536,1200.0,ensemble_mean_l1,40,0.011308372396029734,1.3902723975334556e-06,5.561089590133823e-05
65536,1200.0,golovin_relative_error_radius_moment_0_m3,40,-0.0005276838825100827,7.850690733689119e-07,3.1402762934756477e-05
65536,1200.0,golovin_relative_error_radius_moment_6_um6_m3,40,-0.0031429873798204722,9.407030848546023e-06,0.0003762812339418409
65536,1200.0,ensemble_mean_l1,60,0.008844250065525397,7.885404653039407e-07,4.7312427918236446e-05
65536,1200.0,golovin_relative_error_radius_moment_0_m3,60,-0.00012602858071302975,4.848047320363933e-07,2.90882839221836e-05
65536,1200.0,golovin_relative_error_radius_moment_6_um6_m3,60,-0.0051380497084184485,6.9541169181209095e-06,0.00041724701508725456
65536,1200.0,ensemble_mean_l1,80,0.007578152414909739,5.703316195209585e-07,4.562652956167668e-05
65536,1200.0,golovin_relative_error_radius_moment_0_m3,80,-0.0001474540357575202,4.456128616657161e-07,3.564902893325729e-05
65536,1200.0,golovin_relative_error_radius_moment_6_um6_m3,80,-0.0034023822993637875,5.2098986471566415e-06,0.0004167918917725313
65536,1200.0,ensemble_mean_l1,100,0.007204346161711551,4.294254230440449e-07,4.294254230440449e-05
65536,1200.0,golovin_relative_error_radius_moment_0_m3,100,-0.00016829472168030768,3.606035878011944e-07,3.606035878011944e-05
65536,1200.0,golovin_relative_error_radius_moment_6_um6_m3,100,-0.002541858617251641,3.970923907261162e-06,0.0003970923907261162
65536,1800.0,ensemble_mean_l1,40,0.013318040029272863,1.3208707237417187e-06,5.283482894966875e-05
65536,1800.0,golovin_relative_error_radius_moment_0_m3,40,-0.0008297851358353952,8.896281300269006e-07,3.558512520107602e-05
65536,1800.0,golovin_relative_error_radius_moment_6_um6_m3,40,-0.004456462608265701,9.80439408949691e-06,0.00039217576357987644
65536,1800.0,ensemble_mean_l1,60,0.011455162308425198,6.983211096658459e-07,4.1899266579950754e-05
65536,1800.0,golovin_relative_error_radius_moment_0_m3,60,-0.0005900125234390985,5.389917844147398e-07,3.233950706488439e-05
65536,1800.0,golovin_relative_error_radius_moment_6_um6_m3,60,-0.00653418387421202,8.31223118467595e-06,0.000498733871080557
65536,1800.0,ensemble_mean_l1,80,0.01066980942340354,5.385482169720852e-07,4.308385735776681e-05
65536,1800.0,golovin_relative_error_radius_moment_0_m3,80,-0.0007306855920555424,5.017273375394058e-07,4.0138187003152466e-05
65536,1800.0,golovin_relative_error_radius_moment_6_um6_m3,80,-0.0036182566849304472,6.3058660247179956e-06,0.0005044692819774397
65536,1800.0,ensemble_mean_l1,100,0.01022979846994103,4.3821753162065795e-07,4.3821753162065795e-05
65536,1800.0,golovin_relative_error_radius_moment_0_m3,100,-0.0006974590383142853,4.2845238821590773e-07,4.284523882159077e-05
65536,1800.0,golovin_relative_error_radius_moment_6_um6_m3,100,-0.0029212121998885374,5.306953363251237e-06,0.0005306953363251238
65536,2400.0,ensemble_mean_l1,40,0.013315589434888144,1.3944466039397266e-06,5.5777864157589065e-05
65536,2400.0,golovin_relative_error_radius_moment_0_m3,40,-0.0012572038444840171,1.2455985457870102e-06,4.982394183148041e-05
65536,2400.0,golovin_relative_error_radius_moment_6_um6_m3,40,-0.004130766921260518,1.9559032348940486e-05,0.0007823612939576194
65536,2400.0,ensemble_mean_l1,60,0.011184939962752686,9.028588151436855e-07,5.417152890862113e-05
65536,2400.0,golovin_relative_error_radius_moment_0_m3,60,-0.000745672799492845,7.555197407161504e-07,4.5331184442969026e-05
65536,2400.0,golovin_relative_error_radius_moment_6_um6_m3,60,-0.006901514140327554,1.4712856278090182e-05,0.0008827713766854109
65536,2400.0,ensemble_mean_l1,80,0.00962733027527705,6.228187701034091e-07,4.9825501608272725e-05
65536,2400.0,golovin_relative_error_radius_moment_0_m3,80,-0.0009883480637174035,6.153288530121131e-07,4.922630824096905e-05
65536,2400.0,golovin_relative_error_radius_moment_6_um6_m3,80,-0.005243534786473693,1.0181788299255387e-05,0.0008145430639404309
65536,2400.0,ensemble_mean_l1,100,0.008654185558312521,4.97096443337275e-07,4.9709644333727494e-05
65536,2400.0,golovin_relative_error_radius_moment_0_m3,100,-0.000812743383218264,5.131033517750697e-07,5.131033517750697e-05
65536,2400.0,golovin_relative_error_radius_moment_6_um6_m3,100,-0.003803361689265714,8.314981294513285e-06,0.0008314981294513285
65536,3000.0,ensemble_mean_l1,40,0.012169296137586983,2.0929590754704544e-06,8.371836301881817e-05
65536,3000.0,golovin_relative_error_radius_moment_0_m3,40,-0.0013957646983148025,1.3037937427682693e-06,5.2151749710730775e-05
65536,3000.0,golovin_relative_error_radius_moment_6_um6_m3,40,-0.004597095733328746,3.4623355189716225e-05,0.001384934207588649
65536,3000.0,ensemble_mean_l1,60,0.011707737921822002,1.5930092880215844e-06,9.558055728129506e-05
65536,3000.0,golovin_relative_error_radius_moment_0_m3,60,-0.0007188941917639802,8.313449092439165e-07,4.9880694554634994e-05
65536,3000.0,golovin_relative_error_radius_moment_6_um6_m3,60,-0.004898841039207874,2.1733260358027194e-05,0.0013039956214816316
65536,3000.0,ensemble_mean_l1,80,0.009123707843057603,9.886132363776406e-07,7.908905891021125e-05
65536,3000.0,golovin_relative_error_radius_moment_0_m3,80,-0.001115074388202096,6.622648170367733e-07,5.298118536294186e-05
65536,3000.0,golovin_relative_error_radius_moment_6_um6_m3,80,-0.004802201611894269,1.5248414479729103e-05,0.0012198731583783283
65536,3000.0,ensemble_mean_l1,100,0.007762083981354202,7.341114894631442e-07,7.341114894631442e-05
65536,3000.0,golovin_relative_error_radius_moment_0_m3,100,-0.001040449142966453,5.411225448904395e-07,5.411225448904395e-05
65536,3000.0,golovin_relative_error_radius_moment_6_um6_m3,100,-0.004435763002215522,1.1462543549651511e-05,0.001146254354965151
65536,3600.0,ensemble_mean_l1,40,0.01666897247630448,3.121528646333156e-06,0.00012486114585332623
65536,3600.0,golovin_relative_error_radius_moment_0_m3,40,-0.001492409089088706,1.2316832105077802e-06,4.926732842031121e-05
65536,3600.0,golovin_relative_error_radius_moment_6_um6_m3,40,-0.0058871201685512745,4.876028711752253e-05,0.0019504114847009011
65536,3600.0,ensemble_mean_l1,60,0.013253129742344497,1.7998990960419186e-06,0.00010799394576251512
65536,3600.0,golovin_relative_error_radius_moment_0_m3,60,-0.0008962174258742258,8.671822993881059e-07,5.2030937963286354e-05
65536,3600.0,golovin_relative_error_radius_moment_6_um6_m3,60,-0.004177020168322367,3.0087671128597224e-05,0.0018052602677158334
65536,3600.0,ensemble_mean_l1,80,0.010445352261212277,1.2044121343407032e-06,9.635297074725625e-05
65536,3600.0,golovin_relative_error_radius_moment_0_m3,80,-0.0013930295977548648,6.984014858702338e-07,5.58721188696187e-05
65536,3600.0,golovin_relative_error_radius_moment_6_um6_m3,80,-0.005388367181719593,2.2204292615440165e-05,0.001776343409235213
65536,3600.0,ensemble_mean_l1,100,0.00982531963428725,8.475125437680418e-07,8.475125437680418e-05
65536,3600.0,golovin_relative_error_radius_moment_0_m3,100,-0.0012849210847544535,5.773128807892109e-07,5.773128807892109e-05
65536,3600.0,golovin_relative_error_radius_moment_6_um6_m3,100,-0.003122383453588584,1.7753086154324544e-05,0.0017753086154324543
131072,600.0,ensemble_mean_l1,40,0.007550314240090322,8.354587705853128e-07,3.3418350823412514e-05
131072,600.0,golovin_relative_error_radius_moment_0_m3,40,-0.000838534907063615,4.142569621957516e-07,1.6570278487830065e-05
131072,600.0,golovin_relative_error_radius_moment_6_um6_m3,40,-0.002612763008946406,2.307873994480359e-06,9.231495977921435e-05
131072,600.0,ensemble_mean_l1,60,0.005409802659599748,3.6835059655601416e-07,2.210103579336085e-05
131072,600.0,golovin_relative_error_radius_moment_0_m3,60,-0.0006687205642848563,2.059366312719296e-07,1.2356197876315775e-05
131072,600.0,golovin_relative_error_radius_moment_6_um6_m3,60,-0.0010802279297083643,1.5831339518392667e-06,9.4988037110356e-05
131072,600.0,ensemble_mean_l1,80,0.004668191660158407,2.8282341363794374e-07,2.26258730910355e-05
131072,600.0,golovin_relative_error_radius_moment_0_m3,80,-0.00019225215018226494,1.822199704591145e-07,1.457759763672916e-05
131072,600.0,golovin_relative_error_radius_moment_6_um6_m3,80,-0.0006851764275954797,1.2792454522499341e-06,0.00010233963617999474
131072,600.0,ensemble_mean_l1,100,0.0039187725903963725,2.1703190968737242e-07,2.170319096873724e-05
131072,600.0,golovin_relative_error_radius_moment_0_m3,100,8.155013580061543e-05,1.5251221863862235e-07,1.5251221863862235e-05
131072,600.0,golovin_relative_error_radius_moment_6_um6_m3,100,-0.0010348741722900124,1.0812286522720603e-06,0.00010812286522720604
131072,1200.0,ensemble_mean_l1,40,0.007944900208762123,8.894361693238276e-07,3.557744677295311e-05
131072,1200.0,golovin_relative_error_radius_moment_0_m3,40,-0.0010440192489345134,7.192674798567247e-07,2.8770699194268988e-05
131072,1200.0,golovin_relative_error_radius_moment_6_um6_m3,40,-0.000848585388253395,5.516198451595531e-06,0.00022064793806382126
131072,1200.0,ensemble_mean_l1,60,0.006065312526733922,5.075161132179524e-07,3.0450966793077142e-05
131072,1200.0,golovin_relative_error_radius_moment_0_m3,60,-0.0010257817516953704,4.2607597060096575e-07,2.5564558236057946e-05
131072,1200.0,golovin_relative_error_radius_moment_6_um6_m3,60,0.00048573321333870897,4.39443503927167e-06,0.0002636661023563002
131072,1200.0,ensemble_mean_l1,80,0.005277126291022572,3.324473265118489e-07,2.659578612094791e-05
131072,1200.0,golovin_relative_error_radius_moment_0_m3,80,-0.000658806446627258,3.2248095250125025e-07,2.579847620010002e-05
131072,1200.0,golovin_relative_error_radius_moment_6_um6_m3,80,-0.0001079295090158694,3.266089694814509e-06,0.00026128717558516074
131072,1200.0,ensemble_mean_l1,100,0.004617315337386137,2.291166128641841e-07,2.291166128641841e-05
131072,1200.0,golovin_relative_error_radius_moment_0_m3,100,-0.00023901142748986693,2.656398530283096e-07,2.6563985302830963e-05
131072,1200.0,golovin_relative_error_radius_moment_6_um6_m3,100,-0.0007234679170306646,2.3576158660158152e-06,0.0002357615866015815
131072,1800.0,ensemble_mean_l1,40,0.010864042604661393,7.113811341392668e-07,2.845524536557067e-05
131072,1800.0,golovin_relative_error_radius_moment_0_m3,40,-0.0014571029240750156,9.294615612807906e-07,3.717846245123163e-05
131072,1800.0,golovin_relative_error_radius_moment_6_um6_m3,40,-0.0009986904152228166,5.460661167163113e-06,0.0002184264466865245
131072,1800.0,ensemble_mean_l1,60,0.010180411570186083,4.221635395547082e-07,2.5329812373282492e-05
131072,1800.0,golovin_relative_error_radius_moment_0_m3,60,-0.0012249545695620571,5.115764859619584e-07,3.069458915771751e-05
131072,1800.0,golovin_relative_error_radius_moment_6_um6_m3,60,-0.0003099532608837626,4.718922161535679e-06,0.0002831353296921407
131072,1800.0,ensemble_mean_l1,80,0.009476962713521867,2.6575337847020544e-07,2.1260270277616436e-05
131072,1800.0,golovin_relative_error_radius_moment_0_m3,80,-0.000956986963131351,3.725934590260266e-07,2.9807476722082126e-05
131072,1800.0,golovin_relative_error_radius_moment_6_um6_m3,80,-0.0009651329443954026,3.5818165900352035e-06,0.0002865453272028163
131072,1800.0,ensemble_mean_l1,100,0.008875301948060499,2.0438925439652218e-07,2.0438925439652218e-05
131072,1800.0,golovin_relative_error_radius_moment_0_m3,100,-0.0005763945398533843,2.979959507218595e-07,2.979959507218595e-05
131072,1800.0,golovin_relative_error_radius_moment_6_um6_m3,100,-0.0008139471980024315,2.998415223579455e-06,0.0002998415223579455
131072,2400.0,ensemble_mean_l1,40,0.008577370609506635,7.267114230689576e-07,2.9068456922758304e-05
131072,2400.0,golovin_relative_error_radius_moment_0_m3,40,-0.0016214434934580801,9.682285634221225e-07,3.87291425368849e-05
131072,2400.0,golovin_relative_error_radius_moment_6_um6_m3,40,0.00042746685560737243,9.356799294064005e-06,0.0003742719717625602
131072,2400.0,ensemble_mean_l1,60,0.00795349635506417,4.143299004668525e-07,2.485979402801115e-05
131072,2400.0,golovin_relative_error_radius_moment_0_m3,60,-0.0013933302382331666,5.230395364674805e-07,3.138237218804883e-05
131072,2400.0,golovin_relative_error_radius_moment_6_um6_m3,60,0.0008720085126411129,6.915781713182996e-06,0.0004149469027909798
131072,2400.0,ensemble_mean_l1,80,0.007775755049900672,2.6968508883184496e-07,2.1574807106547598e-05
131072,2400.0,golovin_relative_error_radius_moment_0_m3,80,-0.0011306514510927997,3.867459416158543e-07,3.093967532926835e-05
131072,2400.0,golovin_relative_error_radius_moment_6_um6_m3,80,-0.0006516842844744866,5.344045745014303e-06,0.0004275236596011443
131072,2400.0,ensemble_mean_l1,100,0.0072672269222525685,2.0630507907551946e-07,2.0630507907551945e-05
131072,2400.0,golovin_relative_error_radius_moment_0_m3,100,-0.0007640001765475423,3.2538890187916844e-07,3.253889018791684e-05
131072,2400.0,golovin_relative_error_radius_moment_6_um6_m3,100,-0.00193406438873027,4.22745304307511e-06,0.00042274530430751097
131072,3000.0,ensemble_mean_l1,40,0.009442594667348689,1.1685556028395352e-06,4.6742224113581406e-05
131072,3000.0,golovin_relative_error_radius_moment_0_m3,40,-0.001545183544624168,1.0240116635160992e-06,4.096046654064397e-05
131072,3000.0,golovin_relative_error_radius_moment_6_um6_m3,40,0.002091031774921012,1.3665937853328884e-05,0.0005466375141331553
131072,3000.0,ensemble_mean_l1,60,0.007712058395787535,6.225272979053984e-07,3.7351637874323906e-05
131072,3000.0,golovin_relative_error_radius_moment_0_m3,60,-0.0014219990788193174,5.671655966873101e-07,3.4029935801238606e-05
131072,3000.0,golovin_relative_error_radius_moment_6_um6_m3,60,0.0015326708501756103,9.421079571862622e-06,0.0005652647743117573
131072,3000.0,ensemble_mean_l1,80,0.006626132802522743,3.8925421785959754e-07,3.1140337428767805e-05
131072,3000.0,golovin_relative_error_radius_moment_0_m3,80,-0.001148201699313478,4.0340174960162237e-07,3.227213996812979e-05
131072,3000.0,golovin_relative_error_radius_moment_6_um6_m3,80,0.0009291513767899301,7.0417846299241546e-06,0.0005633427703939323
131072,3000.0,ensemble_mean_l1,100,0.0057781926502808705,2.9556071541258714e-07,2.9556071541258712e-05
131072,3000.0,golovin_relative_error_radius_moment_0_m3,100,-0.000832578099265201,3.371047226217078e-07,3.371047226217078e-05
131072,3000.0,golovin_relative_error_radius_moment_6_um6_m3,100,-3.328367781741615e-05,5.569955479769429e-06,0.0005569955479769429
131072,3600.0,ensemble_mean_l1,40,0.010773490429269904,1.6417975052049994e-06,6.567190020819998e-05
131072,3600.0,golovin_relative_error_radius_moment_0_m3,40,-0.0017153367578280787,1.0725900755292904e-06,4.290360302117162e-05
131072,3600.0,golovin_relative_error_radius_moment_6_um6_m3,40,0.003696609287049779,2.0254915444935073e-05,0.0008101966177974029
131072,3600.0,ensemble_mean_l1,60,0.00987184945513563,8.698119934735221e-07,5.218871960841133e-05
131072,3600.0,golovin_relative_error_radius_moment_0_m3,60,-0.0014430473762184425,5.920968053579801e-07,3.5525808321478805e-05
131072,3600.0,golovin_relative_error_radius_moment_6_um6_m3,60,0.002637322366050959,1.3948858889100593e-05,0.0008369315333460356
131072,3600.0,ensemble_mean_l1,80,0.008101521031838872,6.179342918347712e-07,4.94347433467817e-05
131072,3600.0,golovin_relative_error_radius_moment_0_m3,80,-0.0011919073519351467,4.23321293420511e-07,3.386570347364088e-05
131072,3600.0,golovin_relative_error_radius_moment_6_um6_m3,80,0.0023312185688093997,1.1432621135896333e-05,0.0009146096908717067
131072,3600.0,ensemble_mean_l1,100,0.007039327068442216,4.989391751569181e-07,4.9893917515691805e-05
131072,3600.0,golovin_relative_error_radius_moment_0_m3,100,-0.0009300800241298302,3.533335673689398e-07,3.533335673689398e-05
131072,3600.0,golovin_relative_error_radius_moment_6_um6_m3,100,0.0013178598396983631,8.402275853224837e-06,0.0008402275853224837
