lower_max_superdroplets,upper_max_superdroplets,time_s,metric,lower_n_members,upper_n_members,estimated_difference_lower_minus_upper,95ci_low,95ci_high,equivalence_margin,equivalence_pass
16384,32768,600.0,ensemble_mean_l1_bins_250,100,100,0.0037839548996682713,0.0011868284999924632,0.0074915489962960515,0.01,True
16384,32768,600.0,ensemble_mean_l1_bins_500,100,100,0.003683629285226267,0.001974260879940491,0.008544712605431047,0.01,True
16384,32768,600.0,ensemble_mean_l1_bins_1000,100,100,0.007187941311465525,0.004958341445552438,0.01228772488915293,0.01,False
16384,32768,600.0,golovin_relative_error_radius_moment_0_m3,100,100,-0.0016834850571775107,-0.004187047413510241,0.0008200772991552195,0.05,True
16384,32768,600.0,golovin_relative_error_radius_moment_6_um6_m3,100,100,0.0067941630886831535,0.00037212226462578213,0.013216203912740525,0.05,True
16384,32768,1200.0,ensemble_mean_l1_bins_250,100,100,0.0016105810882711862,0.00036630572758434237,0.006445279343352578,0.01,True
16384,32768,1200.0,ensemble_mean_l1_bins_500,100,100,0.003487794493129538,0.0021633254534405644,0.008547424156671849,0.01,True
16384,32768,1200.0,ensemble_mean_l1_bins_1000,100,100,0.0056107889230538645,0.00413045601231076,0.011261224293092321,0.01,False
16384,32768,1200.0,golovin_relative_error_radius_moment_0_m3,100,100,-9.22755728984781e-05,-0.003155342443252851,0.002970791297455895,0.05,True
16384,32768,1200.0,golovin_relative_error_radius_moment_6_um6_m3,100,100,0.004137171832974636,-0.005042968170598452,0.013317311836547724,0.05,True
16384,32768,1800.0,ensemble_mean_l1_bins_250,100,100,0.0024869951989936745,0.0011837817853152881,0.006839607680542308,0.01,True
16384,32768,1800.0,ensemble_mean_l1_bins_500,100,100,0.005758083675983527,0.003884844635763691,0.009993355910389823,0.01,True
16384,32768,1800.0,ensemble_mean_l1_bins_1000,100,100,0.006264392052603299,0.005361919882609051,0.012290152680621901,0.01,False
16384,32768,1800.0,golovin_relative_error_radius_moment_0_m3,100,100,-0.00010909308314846489,-0.0034999265885335543,0.0032817404222366246,0.05,True
16384,32768,1800.0,golovin_relative_error_radius_moment_6_um6_m3,100,100,0.003132103493788103,-0.008333304076619325,0.014597511064195531,0.05,True
16384,32768,2400.0,ensemble_mean_l1_bins_250,100,100,0.0029725382646921487,0.0011901534580444153,0.007355893925684487,0.01,True
16384,32768,2400.0,ensemble_mean_l1_bins_500,100,100,0.004934841981008785,0.003123577053886577,0.009686701624588002,0.01,True
16384,32768,2400.0,ensemble_mean_l1_bins_1000,100,100,0.00820894346358288,0.006456901670820424,0.013471950518961972,0.01,False
16384,32768,2400.0,golovin_relative_error_radius_moment_0_m3,100,100,-0.0013305561286619638,-0.004868155206212764,0.0022070429488888358,0.05,True
16384,32768,2400.0,golovin_relative_error_radius_moment_6_um6_m3,100,100,0.006629303698332082,-0.005870499708543233,0.019129107105207398,0.05,True
16384,32768,3000.0,ensemble_mean_l1_bins_250,100,100,0.005197566598972107,0.0021503569857270113,0.009660027714391612,0.01,True
16384,32768,3000.0,ensemble_mean_l1_bins_500,100,100,0.0057909014449931615,0.00393373759426635,0.012130810863015084,0.01,False
16384,32768,3000.0,ensemble_mean_l1_bins_1000,100,100,0.008476240999615577,0.0064876178723687885,0.01533673815500411,0.01,False
16384,32768,3000.0,golovin_relative_error_radius_moment_0_m3,100,100,-0.0008703155526100326,-0.00446023951171572,0.002719608406495654,0.05,True
16384,32768,3000.0,golovin_relative_error_radius_moment_6_um6_m3,100,100,0.007145226648336809,-0.008531993539421266,0.022822446836094884,0.05,True
16384,32768,3600.0,ensemble_mean_l1_bins_250,100,100,0.002159140789150889,0.0005274471925329938,0.009509309365738043,0.01,True
16384,32768,3600.0,ensemble_mean_l1_bins_500,100,100,0.005123080109134745,0.0032148015200484034,0.012819378890567458,0.01,False
16384,32768,3600.0,ensemble_mean_l1_bins_1000,100,100,0.007137298657639696,0.005361166155253825,0.015936012125377413,0.01,False
16384,32768,3600.0,golovin_relative_error_radius_moment_0_m3,100,100,-0.0008833642895150484,-0.004522976521658244,0.0027562479426281473,0.05,True
16384,32768,3600.0,golovin_relative_error_radius_moment_6_um6_m3,100,100,0.016717309641456693,-0.003078583222932668,0.036513202505846054,0.05,True
32768,65536,600.0,ensemble_mean_l1_bins_250,100,100,0.001917824274326651,0.0004988347152653562,0.004953538064252605,0.01,True
32768,65536,600.0,ensemble_mean_l1_bins_500,100,100,0.003275225346898246,0.0019768884922086016,0.006681574515727543,0.01,True
32768,65536,600.0,ensemble_mean_l1_bins_1000,100,100,0.003464123368647841,0.0028232845411869903,0.007972371228417005,0.01,True
32768,65536,600.0,golovin_relative_error_radius_moment_0_m3,100,100,0.0011968786993916602,-0.0005770024937006217,0.002970759892483942,0.05,True
32768,65536,600.0,golovin_relative_error_radius_moment_6_um6_m3,100,100,0.0015693116556471762,-0.0031458483262864875,0.00628447163758084,0.05,True
32768,65536,1200.0,ensemble_mean_l1_bins_250,100,100,0.0016629828187726238,0.0004309745471621469,0.004593371875289452,0.01,True
32768,65536,1200.0,ensemble_mean_l1_bins_500,100,100,0.001716972726081489,0.0009559858266470186,0.005448231630871616,0.01,True
32768,65536,1200.0,ensemble_mean_l1_bins_1000,100,100,0.004083641925326589,0.0030324974448973302,0.008011734741279105,0.01,True
32768,65536,1200.0,golovin_relative_error_radius_moment_0_m3,100,100,0.0002613320879481129,-0.0019731144865485968,0.0024957786624448222,0.05,True
32768,65536,1200.0,golovin_relative_error_radius_moment_6_um6_m3,100,100,0.002898254624317985,-0.0037505020286657275,0.009547011277301698,0.05,True
32768,65536,1800.0,ensemble_mean_l1_bins_250,100,100,0.0008042133047804993,-0.00038521137956029134,0.0037413675123347916,0.01,True
32768,65536,1800.0,ensemble_mean_l1_bins_500,100,100,0.0010301634570923871,0.00043550770700366803,0.0046910093309421854,0.01,True
32768,65536,1800.0,ensemble_mean_l1_bins_1000,100,100,0.0019231301498594897,0.001754472978116396,0.006336853499968469,0.01,True
32768,65536,1800.0,golovin_relative_error_radius_moment_0_m3,100,100,0.0013144739564108854,-0.0011315864329647738,0.0037605343457865446,0.05,True
32768,65536,1800.0,golovin_relative_error_radius_moment_6_um6_m3,100,100,0.001921792312023036,-0.006674491585466059,0.010518076209512131,0.05,True
32768,65536,2400.0,ensemble_mean_l1_bins_250,100,100,0.0016149215052936447,0.0003230115288249714,0.004779699387864847,0.01,True
32768,65536,2400.0,ensemble_mean_l1_bins_500,100,100,0.0020857004637890204,0.0012681345895394506,0.005934957379049685,0.01,True
32768,65536,2400.0,ensemble_mean_l1_bins_1000,100,100,0.0027198284066000545,0.0022084798043838136,0.007424270086858967,0.01,True
32768,65536,2400.0,golovin_relative_error_radius_moment_0_m3,100,100,0.0013759805610155185,-0.0012271834601292543,0.003979144582160291,0.05,True
32768,65536,2400.0,golovin_relative_error_radius_moment_6_um6_m3,100,100,0.0008090266183283256,-0.009085244868658844,0.010703298105315494,0.05,True
32768,65536,3000.0,ensemble_mean_l1_bins_250,100,100,0.0031110272927807993,0.0013828473291708126,0.006981455588764138,0.01,True
32768,65536,3000.0,ensemble_mean_l1_bins_500,100,100,0.004709922826139041,0.002912869416828418,0.008768571083254264,0.01,True
32768,65536,3000.0,ensemble_mean_l1_bins_1000,100,100,0.005544247791090319,0.004061011520661728,0.010519599669417304,0.01,False
32768,65536,3000.0,golovin_relative_error_radius_moment_0_m3,100,100,0.0012795593290903528,-0.0013465208563434368,0.0039056395145241427,0.05,True
32768,65536,3000.0,golovin_relative_error_radius_moment_6_um6_m3,100,100,-0.0023424872966727,-0.014426636531054825,0.009741661937709426,0.05,True
32768,65536,3600.0,ensemble_mean_l1_bins_250,100,100,0.0025140184700543034,0.00046843130893356417,0.006937986073665253,0.01,True
32768,65536,3600.0,ensemble_mean_l1_bins_500,100,100,0.004423167085781419,0.002597398011295088,0.009333352342509597,0.01,True
32768,65536,3600.0,ensemble_mean_l1_bins_1000,100,100,0.008158653659233864,0.005915076923175643,0.013325020138139057,0.01,False
32768,65536,3600.0,golovin_relative_error_radius_moment_0_m3,100,100,0.0014226975248670015,-0.0012727213170593953,0.004118116366793398,0.05,True
32768,65536,3600.0,golovin_relative_error_radius_moment_6_um6_m3,100,100,-0.004719256041923263,-0.020027161212104905,0.010588649128258376,0.05,True
65536,131072,600.0,ensemble_mean_l1_bins_250,100,100,0.001433611879387944,0.000475150939163054,0.003527117392158994,0.01,True
65536,131072,600.0,ensemble_mean_l1_bins_500,100,100,0.002100378549530689,0.0012000361556719654,0.0043556036255001035,0.01,True
65536,131072,600.0,ensemble_mean_l1_bins_1000,100,100,0.002571989711163971,0.0019208082553534118,0.005294880703761063,0.01,True
65536,131072,600.0,golovin_relative_error_radius_moment_0_m3,100,100,-0.00039176421037149357,-0.0015611808008706598,0.0007776523801276726,0.05,True
65536,131072,600.0,golovin_relative_error_radius_moment_6_um6_m3,100,100,-0.0011010703347986892,-0.004645780921011235,0.0024436402514138567,0.05,True
65536,131072,1200.0,ensemble_mean_l1_bins_250,100,100,0.001010749274315281,0.00017600503638742827,0.003204659250007885,0.01,True
65536,131072,1200.0,ensemble_mean_l1_bins_500,100,100,0.002587030824325414,0.0014250329627415598,0.00466067967238111,0.01,True
65536,131072,1200.0,ensemble_mean_l1_bins_1000,100,100,0.002314221606866727,0.001893095747152426,0.005420363481881404,0.01,True
65536,131072,1200.0,golovin_relative_error_radius_moment_0_m3,100,100,7.071670580955925e-05,-0.0014990472647511933,0.0016404806763703117,0.05,True
65536,131072,1200.0,golovin_relative_error_radius_moment_6_um6_m3,100,100,-0.0018183907002209763,-0.006813383676726109,0.0031766022762841567,0.05,True
65536,131072,1800.0,ensemble_mean_l1_bins_250,100,100,0.0007363396702215162,-0.00013467409735026166,0.002979791885311876,0.01,True
65536,131072,1800.0,ensemble_mean_l1_bins_500,100,100,0.001354496521880532,0.0005856862186639979,0.00368503445454971,0.01,True
65536,131072,1800.0,ensemble_mean_l1_bins_1000,100,100,0.0027560854754364317,0.002161184426941591,0.005446214257901788,0.01,True
65536,131072,1800.0,golovin_relative_error_radius_moment_0_m3,100,100,-0.00012106449846090107,-0.0018027008732652196,0.0015605718763434177,0.05,True
65536,131072,1800.0,golovin_relative_error_radius_moment_6_um6_m3,100,100,-0.002107265001886106,-0.00781204681559693,0.0035975168118247184,0.05,True
65536,131072,2400.0,ensemble_mean_l1_bins_250,100,100,0.0005775928284062568,-0.0001494584432106036,0.00297516784002276,0.01,True
65536,131072,2400.0,ensemble_mean_l1_bins_500,100,100,0.0013869586360599527,0.0007531157308948703,0.003967094588680099,0.01,True
65536,131072,2400.0,ensemble_mean_l1_bins_1000,100,100,0.002526524221147958,0.0019325067519432107,0.0055903482175279325,0.01,True
65536,131072,2400.0,golovin_relative_error_radius_moment_0_m3,100,100,-4.8743206670721624e-05,-0.0018604933912898577,0.0017630069779484146,0.05,True
65536,131072,2400.0,golovin_relative_error_radius_moment_6_um6_m3,100,100,-0.0018692973005354438,-0.008869990706523747,0.005131396105452859,0.05,True
65536,131072,3000.0,ensemble_mean_l1_bins_250,100,100,0.001446054667052118,0.00022265510651019415,0.0042153282720397015,0.01,True
65536,131072,3000.0,ensemble_mean_l1_bins_500,100,100,0.0019838913310733317,0.0010265591548974612,0.005073961526507423,0.01,True
65536,131072,3000.0,ensemble_mean_l1_bins_1000,100,100,0.002885879218326854,0.0024357292936088865,0.0067646902181719495,0.01,True
65536,131072,3000.0,golovin_relative_error_radius_moment_0_m3,100,100,-0.00020787104370125202,-0.0020727510505735513,0.0016570089631710474,0.05,True
65536,131072,3000.0,golovin_relative_error_radius_moment_6_um6_m3,100,100,-0.0044024793243981055,-0.01270241077406074,0.003897452125264528,0.05,True
65536,131072,3600.0,ensemble_mean_l1_bins_250,100,100,0.00278663180214593,0.0008585321217453255,0.005472073937167624,0.01,True
65536,131072,3600.0,ensemble_mean_l1_bins_500,100,100,0.002785992565845034,0.0016789182089287703,0.006228995103340736,0.01,True
65536,131072,3600.0,ensemble_mean_l1_bins_1000,100,100,0.0037428316541062816,0.0030031174400049726,0.008101772341577655,0.01,True
65536,131072,3600.0,golovin_relative_error_radius_moment_0_m3,100,100,-0.0003548410606246233,-0.002270173354946843,0.0015604912336975967,0.05,True
65536,131072,3600.0,golovin_relative_error_radius_moment_6_um6_m3,100,100,-0.004440243293286947,-0.014658488394435005,0.005778001807861111,0.05,True
