lower_max_superdroplets,upper_max_superdroplets,time_s,log_radius_bins,projected_members_each_resolution,estimate_held_fixed,projected_95ci_low,projected_95ci_high,projected_largest_absolute_interval_edge,equivalence_margin,projected_equivalence_pass,projection_method
16384,32768,600.0,250,100,0.0037839548996682713,0.0011868284999924632,0.0074915489962960515,0.0074915489962960515,0.01,True,observed_95ci_scaled_by_sqrt_100_over_n
16384,32768,600.0,250,150,0.0037839548996682713,0.001663410074095839,0.006811192803032675,0.006811192803032675,0.01,True,observed_95ci_scaled_by_sqrt_100_over_n
16384,32768,600.0,250,200,0.0037839548996682713,0.0019475092108589035,0.006405619827280986,0.006405619827280986,0.01,True,observed_95ci_scaled_by_sqrt_100_over_n
16384,32768,600.0,250,300,0.0037839548996682713,0.0022845032736959602,0.005924535349402188,0.005924535349402188,0.01,True,observed_95ci_scaled_by_sqrt_100_over_n
16384,32768,600.0,250,400,0.0037839548996682713,0.0024853916998303673,0.005637751947982161,0.005637751947982161,0.01,True,observed_95ci_scaled_by_sqrt_100_over_n
16384,32768,600.0,250,600,0.0037839548996682713,0.0027236824868820553,0.005297573851350473,0.005297573851350473,0.01,True,observed_95ci_scaled_by_sqrt_100_over_n
16384,32768,600.0,250,800,0.0037839548996682713,0.0028657320552635873,0.005094787363474629,0.005094787363474629,0.01,True,observed_95ci_scaled_by_sqrt_100_over_n
16384,32768,600.0,250,1000,0.0037839548996682713,0.002962671420235437,0.00495639909814209,0.00495639909814209,0.01,True,observed_95ci_scaled_by_sqrt_100_over_n
16384,32768,600.0,250,1500,0.0037839548996682713,0.0031133797467389358,0.004741251579050693,0.004741251579050693,0.01,True,observed_95ci_scaled_by_sqrt_100_over_n
16384,32768,600.0,250,2000,0.0037839548996682713,0.003203219782084832,0.004612998142971936,0.004612998142971936,0.01,True,observed_95ci_scaled_by_sqrt_100_over_n
16384,32768,600.0,250,2500,0.0037839548996682713,0.00326452961973311,0.0045254737189938275,0.0045254737189938275,0.01,True,observed_95ci_scaled_by_sqrt_100_over_n
16384,32768,600.0,500,100,0.003683629285226267,0.001974260879940491,0.008544712605431047,0.008544712605431047,0.01,True,observed_95ci_scaled_by_sqrt_100_over_n
16384,32768,600.0,500,150,0.003683629285226267,0.0022879358267645514,0.007652687195778268,0.007652687195778268,0.01,True,observed_95ci_scaled_by_sqrt_100_over_n
16384,32768,600.0,500,200,0.003683629285226267,0.00247492329430266,0.007120934264855884,0.007120934264855884,0.01,True,observed_95ci_scaled_by_sqrt_100_over_n
16384,32768,600.0,500,300,0.003683629285226267,0.002696724976290283,0.006490177048699697,0.006490177048699697,0.01,True,observed_95ci_scaled_by_sqrt_100_over_n
16384,32768,600.0,500,400,0.003683629285226267,0.0028289450825833787,0.006114170945328657,0.006114170945328657,0.01,True,observed_95ci_scaled_by_sqrt_100_over_n
16384,32768,600.0,500,600,0.003683629285226267,0.002985782555995409,0.005668158240502267,0.005668158240502267,0.01,True,observed_95ci_scaled_by_sqrt_100_over_n
16384,32768,600.0,500,800,0.003683629285226267,0.0030792762897644634,0.005402281775041076,0.005402281775041076,0.01,True,observed_95ci_scaled_by_sqrt_100_over_n
16384,32768,600.0,500,1000,0.003683629285226267,0.003143079533122981,0.005220838803996338,0.005220838803996338,0.01,True,observed_95ci_scaled_by_sqrt_100_over_n
16384,32768,600.0,500,1500,0.003683629285226267,0.003242272260812604,0.004938755601471585,0.004938755601471585,0.01,True,observed_95ci_scaled_by_sqrt_100_over_n
16384,32768,600.0,500,2000,0.003683629285226267,0.0033014028899453264,0.004770600560053093,0.004770600560053093,0.01,True,observed_95ci_scaled_by_sqrt_100_over_n
16384,32768,600.0,500,2500,0.003683629285226267,0.0033417556041691115,0.004655845949267223,0.004655845949267223,0.01,True,observed_95ci_scaled_by_sqrt_100_over_n
16384,32768,600.0,1000,100,0.007187941311465525,0.004958341445552438,0.01228772488915293,0.01228772488915293,0.01,False,observed_95ci_scaled_by_sqrt_100_over_n
16384,32768,600.0,1000,150,0.007187941311465525,0.005367480644110573,0.011351897166118657,0.011351897166118657,0.01,False,observed_95ci_scaled_by_sqrt_100_over_n
16384,32768,600.0,1000,200,0.007187941311465525,0.005611376126945764,0.010794032861832082,0.010794032861832082,0.01,False,observed_95ci_scaled_by_sqrt_100_over_n
16384,32768,600.0,1000,300,0.007187941311465525,0.005900681228695451,0.010132302732852181,0.010132302732852181,0.01,False,observed_95ci_scaled_by_sqrt_100_over_n
16384,32768,600.0,1000,400,0.007187941311465525,0.006073141378508982,0.009737833100309227,0.009737833100309227,0.01,True,observed_95ci_scaled_by_sqrt_100_over_n
16384,32768,600.0,1000,600,0.007187941311465525,0.006277710977788049,0.009269919238792092,0.009269919238792092,0.01,True,observed_95ci_scaled_by_sqrt_100_over_n
16384,32768,600.0,1000,800,0.007187941311465525,0.006399658719205645,0.008990987086648803,0.008990987086648803,0.01,True,observed_95ci_scaled_by_sqrt_100_over_n
16384,32768,600.0,1000,1000,0.007187941311465525,0.006482879926756388,0.00880063447940697,0.00880063447940697,0.01,True,observed_95ci_scaled_by_sqrt_100_over_n
16384,32768,600.0,1000,1500,0.007187941311465525,0.006612261101506346,0.008504699769175218,0.008504699769175218,0.01,True,observed_95ci_scaled_by_sqrt_100_over_n
16384,32768,600.0,1000,2000,0.007187941311465525,0.0066893876251849175,0.008328287586490136,0.008328287586490136,0.01,True,observed_95ci_scaled_by_sqrt_100_over_n
16384,32768,600.0,1000,2500,0.007187941311465525,0.006742021338282908,0.008207898027003006,0.008207898027003006,0.01,True,observed_95ci_scaled_by_sqrt_100_over_n
16384,32768,1200.0,250,100,0.0016105810882711862,0.0003663057275843423,0.006445279343352578,0.006445279343352578,0.01,True,observed_95ci_scaled_by_sqrt_100_over_n
16384,32768,1200.0,250,150,0.0016105810882711862,0.000594634510537765,0.005558095683362386,0.005558095683362386,0.01,True,observed_95ci_scaled_by_sqrt_100_over_n
16384,32768,1200.0,250,200,0.0016105810882711862,0.0007307455430661815,0.005029229009430007,0.005029229009430007,0.01,True,observed_95ci_scaled_by_sqrt_100_over_n
16384,32768,1200.0,250,300,0.0016105810882711862,0.0008921983738326183,0.0044018954272930415,0.0044018954272930415,0.01,True,observed_95ci_scaled_by_sqrt_100_over_n
16384,32768,1200.0,250,400,0.0016105810882711862,0.0009884434079277644,0.004027930215811882,0.004027930215811882,0.01,True,observed_95ci_scaled_by_sqrt_100_over_n
16384,32768,1200.0,250,600,0.0016105810882711862,0.0011026077994044756,0.003584338385816786,0.003584338385816786,0.01,True,observed_95ci_scaled_by_sqrt_100_over_n
16384,32768,1200.0,250,800,0.0016105810882711862,0.0011706633156686839,0.003319905048850597,0.003319905048850597,0.01,True,observed_95ci_scaled_by_sqrt_100_over_n
16384,32768,1200.0,250,1000,0.0016105810882711862,0.0012171066706513902,0.0031394469168410793,0.0031394469168410793,0.01,True,observed_95ci_scaled_by_sqrt_100_over_n
16384,32768,1200.0,250,1500,0.0016105810882711862,0.0012893105716020948,0.0028588948099957387,0.0028588948099957387,0.01,True,observed_95ci_scaled_by_sqrt_100_over_n
16384,32768,1200.0,250,2000,0.0016105810882711862,0.001332352659348801,0.002691652483177347,0.002691652483177347,0.01,True,observed_95ci_scaled_by_sqrt_100_over_n
16384,32768,1200.0,250,2500,0.0016105810882711862,0.0013617260161338173,0.0025775207392874644,0.0025775207392874644,0.01,True,observed_95ci_scaled_by_sqrt_100_over_n
16384,32768,1200.0,500,100,0.003487794493129538,0.0021633254534405644,0.008547424156671849,0.008547424156671849,0.01,True,observed_95ci_scaled_by_sqrt_100_over_n
16384,32768,1200.0,500,150,0.003487794493129538,0.0024063700506788623,0.007618964814172335,0.007618964814172335,0.01,True,observed_95ci_scaled_by_sqrt_100_over_n
16384,32768,1200.0,500,200,0.003487794493129538,0.00255125345369383,0.007065492938512916,0.007065492938512916,0.01,True,observed_95ci_scaled_by_sqrt_100_over_n
16384,32768,1200.0,500,300,0.003487794493129538,0.002723111936531784,0.006408973041375506,0.006408973041375506,0.01,True,observed_95ci_scaled_by_sqrt_100_over_n
16384,32768,1200.0,500,400,0.003487794493129538,0.002825559973285051,0.006017609324900693,0.006017609324900693,0.01,True,observed_95ci_scaled_by_sqrt_100_over_n
16384,32768,1200.0,500,600,0.003487794493129538,0.0029470822719042,0.005553379653650936,0.005553379653650936,0.01,True,observed_95ci_scaled_by_sqrt_100_over_n
16384,32768,1200.0,500,800,0.003487794493129538,0.003019523973411684,0.005276643715821227,0.005276643715821227,0.01,True,observed_95ci_scaled_by_sqrt_100_over_n
16384,32768,1200.0,500,1000,0.003487794493129538,0.003068960607550227,0.005087789878504048,0.005087789878504048,0.01,True,observed_95ci_scaled_by_sqrt_100_over_n
16384,32768,1200.0,500,1500,0.003487794493129538,0.0031458180575773564,0.0047941852547879645,0.0047941852547879645,0.01,True,observed_95ci_scaled_by_sqrt_100_over_n
16384,32768,1200.0,500,2000,0.003487794493129538,0.003191634212445697,0.004619162079995038,0.004619162079995038,0.01,True,observed_95ci_scaled_by_sqrt_100_over_n
16384,32768,1200.0,500,2500,0.003487794493129538,0.003222900685191743,0.004499720425838,0.004499720425838,0.01,True,observed_95ci_scaled_by_sqrt_100_over_n
16384,32768,1200.0,1000,100,0.0056107889230538645,0.00413045601231076,0.011261224293092321,0.011261224293092321,0.01,False,observed_95ci_scaled_by_sqrt_100_over_n
16384,32768,1200.0,1000,150,0.0056107889230538645,0.004402102162797331,0.010224350083443355,0.010224350083443355,0.01,False,observed_95ci_scaled_by_sqrt_100_over_n
16384,32768,1200.0,1000,200,0.0056107889230538645,0.004564035483453795,0.009606250089864377,0.009606250089864377,0.01,True,observed_95ci_scaled_by_sqrt_100_over_n
16384,32768,1200.0,1000,300,0.0056107889230538645,0.004756118318546071,0.00887306930498415,0.00887306930498415,0.01,True,observed_95ci_scaled_by_sqrt_100_over_n
16384,32768,1200.0,1000,400,0.0056107889230538645,0.004870622467682313,0.008436006608073093,0.008436006608073093,0.01,True,observed_95ci_scaled_by_sqrt_100_over_n
16384,32768,1200.0,1000,600,0.0056107889230538645,0.005006445542925598,0.007917569503248609,0.007917569503248609,0.01,True,observed_95ci_scaled_by_sqrt_100_over_n
16384,32768,1200.0,1000,800,0.0056107889230538645,0.00508741220325383,0.0076085195064591205,0.0076085195064591205,0.01,True,observed_95ci_scaled_by_sqrt_100_over_n
16384,32768,1200.0,1000,1000,0.0056107889230538645,0.005142666553728369,0.007397613477143651,0.007397613477143651,0.01,True,observed_95ci_scaled_by_sqrt_100_over_n
16384,32768,1200.0,1000,1500,0.0056107889230538645,0.005228568609043811,0.007069725062185884,0.007069725062185884,0.01,True,observed_95ci_scaled_by_sqrt_100_over_n
16384,32768,1200.0,1000,2000,0.0056107889230538645,0.005279776421278693,0.006874264682041381,0.006874264682041381,0.01,True,observed_95ci_scaled_by_sqrt_100_over_n
16384,32768,1200.0,1000,2500,0.0056107889230538645,0.005314722340905243,0.006740875997061556,0.006740875997061556,0.01,True,observed_95ci_scaled_by_sqrt_100_over_n
16384,32768,1800.0,250,100,0.0024869951989936745,0.0011837817853152881,0.006839607680542308,0.006839607680542308,0.01,True,observed_95ci_scaled_by_sqrt_100_over_n
16384,32768,1800.0,250,150,0.0024869951989936745,0.0014229259025061217,0.006040888408281479,0.006040888408281479,0.01,True,observed_95ci_scaled_by_sqrt_100_over_n
16384,32768,1800.0,250,200,0.0024869951989936745,0.0015654841568484182,0.00556475700057392,0.00556475700057392,0.01,True,observed_95ci_scaled_by_sqrt_100_over_n
16384,32768,1800.0,250,300,0.0024869951989936745,0.001734584583794927,0.004999977186893903,0.004999977186893903,0.01,True,observed_95ci_scaled_by_sqrt_100_over_n
16384,32768,1800.0,250,400,0.0024869951989936745,0.0018353884921544813,0.004663301439767991,0.004663301439767991,0.01,True,observed_95ci_scaled_by_sqrt_100_over_n
16384,32768,1800.0,250,600,0.0024869951989936745,0.0019549605507498983,0.004263941803637577,0.004263941803637577,0.01,True,observed_95ci_scaled_by_sqrt_100_over_n
16384,32768,1800.0,250,800,0.0024869951989936745,0.002026239677921046,0.004025876099783797,0.004025876099783797,0.01,True,observed_95ci_scaled_by_sqrt_100_over_n
16384,32768,1800.0,250,1000,0.0024869951989936745,0.0020748829325429813,0.0038634121203708046,0.0038634121203708046,0.01,True,observed_95ci_scaled_by_sqrt_100_over_n
16384,32768,1800.0,250,1500,0.0024869951989936745,0.002150506942478307,0.0036108349092291675,0.0036108349092291675,0.01,True,observed_95ci_scaled_by_sqrt_100_over_n
16384,32768,1800.0,250,2000,0.0024869951989936745,0.002195587820776232,0.0034602689378393538,0.0034602689378393538,0.01,True,observed_95ci_scaled_by_sqrt_100_over_n
16384,32768,1800.0,250,2500,0.0024869951989936745,0.0022263525162579973,0.003357517695303401,0.003357517695303401,0.01,True,observed_95ci_scaled_by_sqrt_100_over_n
16384,32768,1800.0,500,100,0.005758083675983527,0.003884844635763691,0.009993355910389823,0.009993355910389823,0.01,True,observed_95ci_scaled_by_sqrt_100_over_n
16384,32768,1800.0,500,150,0.005758083675983527,0.004228590404383696,0.009216168974674399,0.009216168974674399,0.01,True,observed_95ci_scaled_by_sqrt_100_over_n
16384,32768,1800.0,500,200,0.005758083675983527,0.004433503647860701,0.00875287339310332,0.00875287339310332,0.01,True,observed_95ci_scaled_by_sqrt_100_over_n
16384,32768,1800.0,500,300,0.005758083675983527,0.004676568611856088,0.008203319240609349,0.008203319240609349,0.01,True,observed_95ci_scaled_by_sqrt_100_over_n
16384,32768,1800.0,500,400,0.005758083675983527,0.004821464155873608,0.007875719793186676,0.007875719793186676,0.01,True,observed_95ci_scaled_by_sqrt_100_over_n
16384,32768,1800.0,500,600,0.005758083675983527,0.004993337040183611,0.007487126325328963,0.007487126325328963,0.01,True,observed_95ci_scaled_by_sqrt_100_over_n
16384,32768,1800.0,500,800,0.005758083675983527,0.005095793661922114,0.0072554785345434235,0.0072554785345434235,0.01,True,observed_95ci_scaled_by_sqrt_100_over_n
16384,32768,1800.0,500,1000,0.005758083675983527,0.005165713479079282,0.007097394353142971,0.007097394353142971,0.01,True,observed_95ci_scaled_by_sqrt_100_over_n
16384,32768,1800.0,500,1500,0.005758083675983527,0.005274415435567728,0.006851626264684211,0.006851626264684211,0.01,True,observed_95ci_scaled_by_sqrt_100_over_n
16384,32768,1800.0,500,2000,0.005758083675983527,0.005339214692779725,0.006705119337918517,0.006705119337918517,0.01,True,observed_95ci_scaled_by_sqrt_100_over_n
16384,32768,1800.0,500,2500,0.005758083675983527,0.005383435867939559,0.006605138122864786,0.006605138122864786,0.01,True,observed_95ci_scaled_by_sqrt_100_over_n
16384,32768,1800.0,1000,100,0.006264392052603299,0.005361919882609051,0.012290152680621901,0.012290152680621901,0.01,False,observed_95ci_scaled_by_sqrt_100_over_n
16384,32768,1800.0,1000,150,0.006264392052603299,0.00552752661142057,0.011184405002869394,0.011184405002869394,0.01,False,observed_95ci_scaled_by_sqrt_100_over_n
16384,32768,1800.0,1000,200,0.006264392052603299,0.005626247861368228,0.010525248254482162,0.010525248254482162,0.01,False,observed_95ci_scaled_by_sqrt_100_over_n
16384,32768,1800.0,1000,300,0.006264392052603299,0.005743349502320974,0.009743366573262087,0.009743366573262087,0.01,True,observed_95ci_scaled_by_sqrt_100_over_n
16384,32768,1800.0,1000,400,0.006264392052603299,0.005813155967606174,0.009277272366612601,0.009277272366612601,0.01,True,observed_95ci_scaled_by_sqrt_100_over_n
16384,32768,1800.0,1000,600,0.006264392052603299,0.0058959593320119345,0.008724398527736347,0.008724398527736347,0.01,True,observed_95ci_scaled_by_sqrt_100_over_n
16384,32768,1800.0,1000,800,0.006264392052603299,0.005945319956985763,0.008394820153542731,0.008394820153542731,0.01,True,observed_95ci_scaled_by_sqrt_100_over_n
16384,32768,1800.0,1000,1000,0.006264392052603299,0.00597900529439365,0.00816990487455384,0.00816990487455384,0.01,True,observed_95ci_scaled_by_sqrt_100_over_n
16384,32768,1800.0,1000,1500,0.006264392052603299,0.006031374740283073,0.007820236756639858,0.007820236756639858,0.01,True,observed_95ci_scaled_by_sqrt_100_over_n
16384,32768,1800.0,1000,2000,0.006264392052603299,0.00606259314061241,0.007611793090642441,0.007611793090642441,0.01,True,observed_95ci_scaled_by_sqrt_100_over_n
16384,32768,1800.0,1000,2500,0.006264392052603299,0.006083897618604449,0.007469544178207019,0.007469544178207019,0.01,True,observed_95ci_scaled_by_sqrt_100_over_n
16384,32768,2400.0,250,100,0.0029725382646921487,0.0011901534580444153,0.007355893925684487,0.007355893925684487,0.01,True,observed_95ci_scaled_by_sqrt_100_over_n
16384,32768,2400.0,250,150,0.0029725382646921487,0.0015172271641667485,0.006551533174882586,0.006551533174882586,0.01,True,observed_95ci_scaled_by_sqrt_100_over_n
16384,32768,2400.0,250,200,0.0029725382646921487,0.0017122018812276629,0.006072038776932272,0.006072038776932272,0.01,True,observed_95ci_scaled_by_sqrt_100_over_n
16384,32768,2400.0,250,300,0.0029725382646921487,0.0019434779167745808,0.005503269835519945,0.005503269835519945,0.01,True,observed_95ci_scaled_by_sqrt_100_over_n
16384,32768,2400.0,250,400,0.0029725382646921487,0.002081345861368282,0.005164216095188318,0.005164216095188318,0.01,True,observed_95ci_scaled_by_sqrt_100_over_n
16384,32768,2400.0,250,600,0.0029725382646921487,0.0022448827144294485,0.004762035719787367,0.004762035719787367,0.01,True,observed_95ci_scaled_by_sqrt_100_over_n
16384,32768,2400.0,250,800,0.0029725382646921487,0.0023423700729599058,0.00452228852081221,0.00452228852081221,0.01,True,observed_95ci_scaled_by_sqrt_100_over_n
16384,32768,2400.0,250,1000,0.0029725382646921487,0.0024088986991035823,0.004358677033025016,0.004358677033025016,0.01,True,observed_95ci_scaled_by_sqrt_100_over_n
16384,32768,2400.0,250,1500,0.0029725382646921487,0.0025123284865134956,0.004104315829727304,0.004104315829727304,0.01,True,observed_95ci_scaled_by_sqrt_100_over_n
16384,32768,2400.0,250,2000,0.0029725382646921487,0.0025739849057194336,0.003952686387445888,0.003952686387445888,0.01,True,observed_95ci_scaled_by_sqrt_100_over_n
16384,32768,2400.0,250,2500,0.0029725382646921487,0.002616061303362602,0.0038492093968906164,0.0038492093968906164,0.01,True,observed_95ci_scaled_by_sqrt_100_over_n
16384,32768,2400.0,500,100,0.004934841981008785,0.003123577053886577,0.009686701624588002,0.009686701624588002,0.01,True,observed_95ci_scaled_by_sqrt_100_over_n
16384,32768,2400.0,500,150,0.004934841981008785,0.003455950360859195,0.008814719133039658,0.008814719133039658,0.01,True,observed_95ci_scaled_by_sqrt_100_over_n
16384,32768,2400.0,500,200,0.004934841981008785,0.003654084268515314,0.00829491415823034,0.00829491415823034,0.01,True,observed_95ci_scaled_by_sqrt_100_over_n
16384,32768,2400.0,500,300,0.004934841981008785,0.0038891076877610505,0.007678329425380565,0.007678329425380565,0.01,True,observed_95ci_scaled_by_sqrt_100_over_n
16384,32768,2400.0,500,400,0.004934841981008785,0.004029209517447681,0.0073107718027983935,0.0073107718027983935,0.01,True,observed_95ci_scaled_by_sqrt_100_over_n
16384,32768,2400.0,500,600,0.004934841981008785,0.00419539617093399,0.0068747805570242215,0.0068747805570242215,0.01,True,observed_95ci_scaled_by_sqrt_100_over_n
16384,32768,2400.0,500,800,0.004934841981008785,0.00429446312476205,0.006614878069619563,0.006614878069619563,0.01,True,observed_95ci_scaled_by_sqrt_100_over_n
16384,32768,2400.0,500,1000,0.004934841981008785,0.004362069719440279,0.006437511940523409,0.006437511940523409,0.01,True,observed_95ci_scaled_by_sqrt_100_over_n
16384,32768,2400.0,500,1500,0.004934841981008785,0.0044671753877878586,0.00616176686521528,0.00616176686521528,0.01,True,observed_95ci_scaled_by_sqrt_100_over_n
16384,32768,2400.0,500,2000,0.004934841981008785,0.004529830830778139,0.00599739009926689,0.00599739009926689,0.01,True,observed_95ci_scaled_by_sqrt_100_over_n
16384,32768,2400.0,500,2500,0.004934841981008785,0.004572588995584343,0.005885213909724628,0.005885213909724628,0.01,True,observed_95ci_scaled_by_sqrt_100_over_n
16384,32768,2400.0,1000,100,0.00820894346358288,0.006456901670820424,0.013471950518961972,0.013471950518961972,0.01,False,observed_95ci_scaled_by_sqrt_100_over_n
16384,32768,2400.0,1000,150,0.00820894346358288,0.00677840733014985,0.012506170729698408,0.012506170729698408,0.01,False,observed_95ci_scaled_by_sqrt_100_over_n
16384,32768,2400.0,1000,200,0.00820894346358288,0.006970062830998311,0.01193045144187408,0.01193045144187408,0.01,False,observed_95ci_scaled_by_sqrt_100_over_n
16384,32768,2400.0,1000,300,0.00820894346358288,0.007197401662900001,0.011247542003752898,0.011247542003752898,0.01,False,observed_95ci_scaled_by_sqrt_100_over_n
16384,32768,2400.0,1000,400,0.00820894346358288,0.007332922567201652,0.010840446991272425,0.010840446991272425,0.01,False,observed_95ci_scaled_by_sqrt_100_over_n
16384,32768,2400.0,1000,600,0.00820894346358288,0.007493675396866365,0.010357557096640643,0.010357557096640643,0.01,False,observed_95ci_scaled_by_sqrt_100_over_n
16384,32768,2400.0,1000,800,0.00820894346358288,0.007589503147290596,0.01006969745272848,0.01006969745272848,0.01,False,observed_95ci_scaled_by_sqrt_100_over_n
16384,32768,2400.0,1000,1000,0.00820894346358288,0.007654899201489472,0.009873252427236266,0.009873252427236266,0.01,True,observed_95ci_scaled_by_sqrt_100_over_n
16384,32768,2400.0,1000,1500,0.00820894346358288,0.007756568217900988,0.009567846042013238,0.009567846042013238,0.01,True,observed_95ci_scaled_by_sqrt_100_over_n
16384,32768,2400.0,1000,2000,0.00820894346358288,0.007817175008779135,0.009385787617771745,0.009385787617771745,0.01,True,observed_95ci_scaled_by_sqrt_100_over_n
16384,32768,2400.0,1000,2500,0.00820894346358288,0.007858535105030389,0.009261544874658698,0.009261544874658698,0.01,True,observed_95ci_scaled_by_sqrt_100_over_n
16384,32768,3000.0,250,100,0.005197566598972107,0.0021503569857270113,0.009660027714391612,0.009660027714391612,0.01,True,observed_95ci_scaled_by_sqrt_100_over_n
16384,32768,3000.0,250,150,0.005197566598972107,0.002709530368387388,0.008841150842235058,0.008841150842235058,0.01,True,observed_95ci_scaled_by_sqrt_100_over_n
16384,32768,3000.0,250,200,0.005197566598972107,0.003042864017749663,0.008353003114466524,0.008353003114466524,0.01,True,observed_95ci_scaled_by_sqrt_100_over_n
16384,32768,3000.0,250,300,0.005197566598972107,0.003438259308487836,0.007773969725207795,0.007773969725207795,0.01,True,observed_95ci_scaled_by_sqrt_100_over_n
16384,32768,3000.0,250,400,0.005197566598972107,0.003673961792349559,0.007428797156681859,0.007428797156681859,0.01,True,observed_95ci_scaled_by_sqrt_100_over_n
16384,32768,3000.0,250,600,0.005197566598972107,0.003953548483679748,0.007019358720603584,0.007019358720603584,0.01,True,observed_95ci_scaled_by_sqrt_100_over_n
16384,32768,3000.0,250,800,0.005197566598972107,0.004120215308360885,0.006775284856719316,0.006775284856719316,0.01,True,observed_95ci_scaled_by_sqrt_100_over_n
16384,32768,3000.0,250,1000,0.005197566598972107,0.004233954310390578,0.006608720708438223,0.006608720708438223,0.01,True,observed_95ci_scaled_by_sqrt_100_over_n
16384,32768,3000.0,250,1500,0.005197566598972107,0.004410780460005347,0.006349769104513301,0.006349769104513301,0.01,True,observed_95ci_scaled_by_sqrt_100_over_n
16384,32768,3000.0,250,2000,0.005197566598972107,0.004516189815281419,0.006195403239074862,0.006195403239074862,0.01,True,observed_95ci_scaled_by_sqrt_100_over_n
16384,32768,3000.0,250,2500,0.005197566598972107,0.004588124676323088,0.006090058822056008,0.006090058822056008,0.01,True,observed_95ci_scaled_by_sqrt_100_over_n
16384,32768,3000.0,500,100,0.0057909014449931615,0.00393373759426635,0.012130810863015084,0.012130810863015084,0.01,False,observed_95ci_scaled_by_sqrt_100_over_n
16384,32768,3000.0,500,150,0.0057909014449931615,0.00427453351065215,0.01096741580819955,0.01096741580819955,0.01,False,observed_95ci_scaled_by_sqrt_100_over_n
16384,32768,3000.0,500,200,0.0057909014449931615,0.004477688292369712,0.01027389438658492,0.01027389438658492,0.01,False,observed_95ci_scaled_by_sqrt_100_over_n
16384,32768,3000.0,500,300,0.0057909014449931615,0.004718667395846795,0.009451249854125961,0.009451249854125961,0.01,True,observed_95ci_scaled_by_sqrt_100_over_n
16384,32768,3000.0,500,400,0.0057909014449931615,0.004862319519629756,0.008960856154004122,0.008960856154004122,0.01,True,observed_95ci_scaled_by_sqrt_100_over_n
16384,32768,3000.0,500,600,0.0057909014449931615,0.0050327174778226555,0.008379158626596356,0.008379158626596356,0.01,True,observed_95ci_scaled_by_sqrt_100_over_n
16384,32768,3000.0,500,800,0.0057909014449931615,0.005134294868681437,0.008032397915789042,0.008032397915789042,0.01,True,observed_95ci_scaled_by_sqrt_100_over_n
16384,32768,3000.0,500,1000,0.0057909014449931615,0.005203614669350594,0.007795756837003345,0.007795756837003345,0.01,True,observed_95ci_scaled_by_sqrt_100_over_n
16384,32768,3000.0,500,1500,0.0057909014449931615,0.005311383800656936,0.0074278590178239925,0.0074278590178239925,0.01,True,observed_95ci_scaled_by_sqrt_100_over_n
16384,32768,3000.0,500,2000,0.0057909014449931615,0.0053756269834351195,0.007208548287981976,0.007208548287981976,0.01,True,observed_95ci_scaled_by_sqrt_100_over_n
16384,32768,3000.0,500,2500,0.0057909014449931615,0.005419468674847799,0.007058883328597546,0.007058883328597546,0.01,True,observed_95ci_scaled_by_sqrt_100_over_n
16384,32768,3000.0,1000,100,0.008476240999615577,0.0064876178723687885,0.01533673815500411,0.01533673815500411,0.01,False,observed_95ci_scaled_by_sqrt_100_over_n
16384,32768,3000.0,1000,150,0.008476240999615577,0.006852537015464772,0.014077813470454704,0.014077813470454704,0.01,False,observed_95ci_scaled_by_sqrt_100_over_n
16384,32768,3000.0,1000,200,0.008476240999615577,0.007070072101114974,0.013327345060501828,0.013327345060501828,0.01,False,observed_95ci_scaled_by_sqrt_100_over_n
16384,32768,3000.0,1000,300,0.008476240999615577,0.0073281089017829286,0.012437150879053808,0.012437150879053808,0.01,False,observed_95ci_scaled_by_sqrt_100_over_n
16384,32768,3000.0,1000,400,0.008476240999615577,0.007481929435992183,0.011906489577309843,0.011906489577309843,0.01,False,observed_95ci_scaled_by_sqrt_100_over_n
16384,32768,3000.0,1000,600,0.008476240999615577,0.007664389007540175,0.011277027235035141,0.011277027235035141,0.01,False,observed_95ci_scaled_by_sqrt_100_over_n
16384,32768,3000.0,1000,800,0.008476240999615577,0.007773156550365276,0.010901793030058702,0.010901793030058702,0.01,False,observed_95ci_scaled_by_sqrt_100_over_n
16384,32768,3000.0,1000,1000,0.008476240999615577,0.007847383150636907,0.010645720688828963,0.010645720688828963,0.01,False,observed_95ci_scaled_by_sqrt_100_over_n
16384,32768,3000.0,1000,1500,0.008476240999615577,0.007962780716034928,0.010247613748250454,0.010247613748250454,0.01,False,observed_95ci_scaled_by_sqrt_100_over_n
16384,32768,3000.0,1000,2000,0.008476240999615577,0.008031571350200373,0.010010294799504847,0.010010294799504847,0.01,False,observed_95ci_scaled_by_sqrt_100_over_n
16384,32768,3000.0,1000,2500,0.008476240999615577,0.00807851637416622,0.009848340430693284,0.009848340430693284,0.01,True,observed_95ci_scaled_by_sqrt_100_over_n
16384,32768,3600.0,250,100,0.002159140789150889,0.0005274471925329938,0.009509309365738043,0.009509309365738043,0.01,True,observed_95ci_scaled_by_sqrt_100_over_n
16384,32768,3600.0,250,150,0.002159140789150889,0.0008268685463907134,0.00816052830117671,0.00816052830117671,0.01,True,observed_95ci_scaled_by_sqrt_100_over_n
16384,32768,3600.0,250,200,0.002159140789150889,0.001005359182163708,0.007356494832519939,0.007356494832519939,0.01,True,observed_95ci_scaled_by_sqrt_100_over_n
16384,32768,3600.0,250,300,0.002159140789150889,0.0012170820519085586,0.0064027625954326105,0.0064027625954326105,0.01,True,observed_95ci_scaled_by_sqrt_100_over_n
16384,32768,3600.0,250,400,0.002159140789150889,0.0013432939908419414,0.005834225077444466,0.005834225077444466,0.01,True,observed_95ci_scaled_by_sqrt_100_over_n
16384,32768,3600.0,250,600,0.002159140789150889,0.0014930046677708014,0.0051598345451638,0.0051598345451638,0.01,True,observed_95ci_scaled_by_sqrt_100_over_n
16384,32768,3600.0,250,800,0.002159140789150889,0.0015822499856572986,0.004757817810835414,0.004757817810835414,0.01,True,observed_95ci_scaled_by_sqrt_100_over_n
16384,32768,3600.0,250,1000,0.002159140789150889,0.0016431539682684325,0.004483468177972206,0.004483468177972206,0.01,True,observed_95ci_scaled_by_sqrt_100_over_n
16384,32768,3600.0,250,1500,0.002159140789150889,0.0017378393140965965,0.004056946155080164,0.004056946155080164,0.01,True,observed_95ci_scaled_by_sqrt_100_over_n
16384,32768,3600.0,250,2000,0.002159140789150889,0.0017942830091020156,0.0038026884474840635,0.0038026884474840635,0.01,True,observed_95ci_scaled_by_sqrt_100_over_n
16384,32768,3600.0,250,2500,0.002159140789150889,0.00183280206982731,0.00362917450446832,0.00362917450446832,0.01,True,observed_95ci_scaled_by_sqrt_100_over_n
16384,32768,3600.0,500,100,0.005123080109134745,0.0032148015200484034,0.012819378890567458,0.012819378890567458,0.01,False,observed_95ci_scaled_by_sqrt_100_over_n
16384,32768,3600.0,500,150,0.005123080109134745,0.003564977165688162,0.01140708174997278,0.01140708174997278,0.01,False,observed_95ci_scaled_by_sqrt_100_over_n
16384,32768,3600.0,500,200,0.005123080109134745,0.0037737233783986957,0.01056518516752358,0.01056518516752358,0.01,False,observed_95ci_scaled_by_sqrt_100_over_n
16384,32768,3600.0,500,300,0.005123080109134745,0.004021334952036946,0.009566540282358711,0.009566540282358711,0.01,True,observed_95ci_scaled_by_sqrt_100_over_n
16384,32768,3600.0,500,400,0.005123080109134745,0.004168940814591574,0.008971229499851102,0.008971229499851102,0.01,True,observed_95ci_scaled_by_sqrt_100_over_n
16384,32768,3600.0,500,600,0.005123080109134745,0.004344028637411453,0.008265080929553761,0.008265080929553761,0.01,True,observed_95ci_scaled_by_sqrt_100_over_n
16384,32768,3600.0,500,800,0.005123080109134745,0.00444840174376672,0.007844132638329162,0.007844132638329162,0.01,True,observed_95ci_scaled_by_sqrt_100_over_n
16384,32768,3600.0,500,1000,0.005123080109134745,0.004519629433970208,0.007556863479385324,0.007556863479385324,0.01,True,observed_95ci_scaled_by_sqrt_100_over_n
16384,32768,3600.0,500,1500,0.005123080109134745,0.004630364696104373,0.0071102559096631,0.0071102559096631,0.01,True,observed_95ci_scaled_by_sqrt_100_over_n
16384,32768,3600.0,500,2000,0.005123080109134745,0.0046963760446143005,0.006844024834177979,0.006844024834177979,0.01,True,observed_95ci_scaled_by_sqrt_100_over_n
16384,32768,3600.0,500,2500,0.005123080109134745,0.004741424391317477,0.006662339865421287,0.006662339865421287,0.01,True,observed_95ci_scaled_by_sqrt_100_over_n
16384,32768,3600.0,1000,100,0.007137298657639696,0.005361166155253825,0.015936012125377413,0.015936012125377413,0.01,False,observed_95ci_scaled_by_sqrt_100_over_n
16384,32768,3600.0,1000,150,0.007137298657639696,0.005687092542167026,0.014321418120610278,0.014321418120610278,0.01,False,observed_95ci_scaled_by_sqrt_100_over_n
16384,32768,3600.0,1000,200,0.007137298657639696,0.005881383320916814,0.013358928616394438,0.013358928616394438,0.01,False,observed_95ci_scaled_by_sqrt_100_over_n
16384,32768,3600.0,1000,300,0.007137298657639696,0.00611184807927077,0.012217238246760452,0.012217238246760452,0.01,False,observed_95ci_scaled_by_sqrt_100_over_n
16384,32768,3600.0,1000,400,0.007137298657639696,0.00624923240644676,0.011536655391508555,0.011536655391508555,0.01,False,observed_95ci_scaled_by_sqrt_100_over_n
16384,32768,3600.0,1000,600,0.007137298657639696,0.006412195599903361,0.010729358389124987,0.010729358389124987,0.01,False,observed_95ci_scaled_by_sqrt_100_over_n
16384,32768,3600.0,1000,800,0.007137298657639696,0.006509340989278255,0.010248113637017067,0.010248113637017067,0.01,False,observed_95ci_scaled_by_sqrt_100_over_n
16384,32768,3600.0,1000,1000,0.007137298657639696,0.006575636244260316,0.00991969616136466,0.00991969616136466,0.01,True,observed_95ci_scaled_by_sqrt_100_over_n
16384,32768,3600.0,1000,1500,0.007137298657639696,0.006678703217479817,0.009409116706212969,0.009409116706212969,0.01,True,observed_95ci_scaled_by_sqrt_100_over_n
16384,32768,3600.0,1000,2000,0.007137298657639696,0.006740143356401535,0.00910475080048014,0.00910475080048014,0.01,True,observed_95ci_scaled_by_sqrt_100_over_n
16384,32768,3600.0,1000,2500,0.007137298657639696,0.006782072157162522,0.00889704135118724,0.00889704135118724,0.01,True,observed_95ci_scaled_by_sqrt_100_over_n
32768,65536,600.0,250,100,0.001917824274326651,0.0004988347152653561,0.004953538064252605,0.004953538064252605,0.01,True,observed_95ci_scaled_by_sqrt_100_over_n
32768,65536,600.0,250,150,0.001917824274326651,0.0007592241509809623,0.004396474204476341,0.004396474204476341,0.01,True,observed_95ci_scaled_by_sqrt_100_over_n
32768,65536,600.0,250,200,0.001917824274326651,0.0009144471346815004,0.004064398080924808,0.004064398080924808,0.01,True,observed_95ci_scaled_by_sqrt_100_over_n
32768,65536,600.0,250,300,0.001917824274326651,0.0010985702704253441,0.0036704944481230598,0.0036704944481230598,0.01,True,observed_95ci_scaled_by_sqrt_100_over_n
32768,65536,600.0,250,400,0.001917824274326651,0.0012083294947960036,0.003435681169289628,0.003435681169289628,0.01,True,observed_95ci_scaled_by_sqrt_100_over_n
32768,65536,600.0,250,600,0.001917824274326651,0.0013385242126538067,0.0031571492394014966,0.0031571492394014966,0.01,True,observed_95ci_scaled_by_sqrt_100_over_n
32768,65536,600.0,250,800,0.001917824274326651,0.0014161357045040757,0.0029911111776257295,0.0029911111776257295,0.01,True,observed_95ci_scaled_by_sqrt_100_over_n
32768,65536,600.0,250,1000,0.001917824274326651,0.00146910037606348,0.002877801264381444,0.002877801264381444,0.01,True,observed_95ci_scaled_by_sqrt_100_over_n
32768,65536,600.0,250,1500,0.001917824274326651,0.001551442745614211,0.002701642204475679,0.002701642204475679,0.01,True,observed_95ci_scaled_by_sqrt_100_over_n
32768,65536,600.0,250,2000,0.001917824274326651,0.0016005285629843002,0.002596630513777446,0.002596630513777446,0.01,True,observed_95ci_scaled_by_sqrt_100_over_n
32768,65536,600.0,250,2500,0.001917824274326651,0.001634026362514392,0.002524967032311842,0.002524967032311842,0.01,True,observed_95ci_scaled_by_sqrt_100_over_n
32768,65536,600.0,500,100,0.003275225346898246,0.0019768884922086016,0.006681574515727543,0.006681574515727543,0.01,True,observed_95ci_scaled_by_sqrt_100_over_n
32768,65536,600.0,500,150,0.003275225346898246,0.0022151377441516932,0.0060564977966933685,0.0060564977966933685,0.01,True,observed_95ci_scaled_by_sqrt_100_over_n
32768,65536,600.0,500,200,0.003275225346898246,0.0023571625526827853,0.005683877943266602,0.005683877943266602,0.01,True,observed_95ci_scaled_by_sqrt_100_over_n
32768,65536,600.0,500,300,0.003275225346898246,0.002525630214344368,0.0052418819564756984,0.0052418819564756984,0.01,True,observed_95ci_scaled_by_sqrt_100_over_n
32768,65536,600.0,500,400,0.003275225346898246,0.0026260569195534237,0.0049783999313128945,0.0049783999313128945,0.01,True,observed_95ci_scaled_by_sqrt_100_over_n
32768,65536,600.0,500,600,0.003275225346898246,0.0027451815455249696,0.004665861571795807,0.004665861571795807,0.01,True,observed_95ci_scaled_by_sqrt_100_over_n
32768,65536,600.0,500,800,0.003275225346898246,0.0028161939497905156,0.004479551645082424,0.004479551645082424,0.01,True,observed_95ci_scaled_by_sqrt_100_over_n
32768,65536,600.0,500,1000,0.003275225346898246,0.002864655183802412,0.004352407534830447,0.004352407534830447,0.01,True,observed_95ci_scaled_by_sqrt_100_over_n
32768,65536,600.0,500,1500,0.003275225346898246,0.0029399962124995586,0.0041547409203811355,0.0041547409203811355,0.01,True,observed_95ci_scaled_by_sqrt_100_over_n
32768,65536,600.0,500,2000,0.003275225346898246,0.0029849084004203146,0.004036908176558468,0.004036908176558468,0.01,True,observed_95ci_scaled_by_sqrt_100_over_n
32768,65536,600.0,500,2500,0.003275225346898246,0.003015557975960317,0.003956495180664105,0.003956495180664105,0.01,True,observed_95ci_scaled_by_sqrt_100_over_n
32768,65536,600.0,1000,100,0.003464123368647841,0.0028232845411869903,0.007972371228417005,0.007972371228417005,0.01,True,observed_95ci_scaled_by_sqrt_100_over_n
32768,65536,600.0,1000,150,0.003464123368647841,0.0029408806571003237,0.007145092332124101,0.007145092332124101,0.01,True,observed_95ci_scaled_by_sqrt_100_over_n
32768,65536,600.0,1000,200,0.003464123368647841,0.0030109818881026377,0.006651936001560357,0.006651936001560357,0.01,True,observed_95ci_scaled_by_sqrt_100_over_n
32768,65536,600.0,1000,300,0.003464123368647841,0.0030941348991061547,0.006066961484059122,0.006066961484059122,0.01,True,observed_95ci_scaled_by_sqrt_100_over_n
32768,65536,600.0,1000,400,0.003464123368647841,0.0031437039549174154,0.005718247298532423,0.005718247298532423,0.01,True,observed_95ci_scaled_by_sqrt_100_over_n
32768,65536,600.0,1000,600,0.003464123368647841,0.0032025020128740823,0.005304607850385971,0.005304607850385971,0.01,True,observed_95ci_scaled_by_sqrt_100_over_n
32768,65536,600.0,1000,800,0.003464123368647841,0.0032375526283752393,0.005058029685104099,0.005058029685104099,0.01,True,observed_95ci_scaled_by_sqrt_100_over_n
32768,65536,600.0,1000,1000,0.003464123368647841,0.003261472337863046,0.004889756517992835,0.004889756517992835,0.01,True,observed_95ci_scaled_by_sqrt_100_over_n
32768,65536,600.0,1000,1500,0.003464123368647841,0.0032986594948905767,0.004628147960745254,0.004628147960745254,0.01,True,observed_95ci_scaled_by_sqrt_100_over_n
32768,65536,600.0,1000,2000,0.003464123368647841,0.0033208274505654688,0.00447219823603402,0.00447219823603402,0.01,True,observed_95ci_scaled_by_sqrt_100_over_n
32768,65536,600.0,1000,2500,0.003464123368647841,0.0033359556031556706,0.004365772940601673,0.004365772940601673,0.01,True,observed_95ci_scaled_by_sqrt_100_over_n
32768,65536,1200.0,250,100,0.0016629828187726238,0.00043097454716214696,0.004593371875289452,0.004593371875289452,0.01,True,observed_95ci_scaled_by_sqrt_100_over_n
32768,65536,1200.0,250,150,0.0016629828187726238,0.0006570522773279922,0.0040556354642066385,0.0040556354642066385,0.01,True,observed_95ci_scaled_by_sqrt_100_over_n
32768,65536,1200.0,250,200,0.0016629828187726238,0.0007918214154389377,0.0037350807921505223,0.0037350807921505223,0.01,True,observed_95ci_scaled_by_sqrt_100_over_n
32768,65536,1200.0,250,300,0.0016629828187726238,0.0009516825115144695,0.003354843729382948,0.003354843729382948,0.01,True,observed_95ci_scaled_by_sqrt_100_over_n
32768,65536,1200.0,250,400,0.0016629828187726238,0.0010469786829673854,0.003128177347031038,0.003128177347031038,0.01,True,observed_95ci_scaled_by_sqrt_100_over_n
32768,65536,1200.0,250,600,0.0016629828187726238,0.001160017548050308,0.0028593091414896316,0.0028593091414896316,0.01,True,observed_95ci_scaled_by_sqrt_100_over_n
32768,65536,1200.0,250,800,0.0016629828187726238,0.0012274021171057806,0.002699031805461573,0.002699031805461573,0.01,True,observed_95ci_scaled_by_sqrt_100_over_n
32768,65536,1200.0,250,1000,0.0016629828187726238,0.001273387595326977,0.0025896532036751296,0.0025896532036751296,0.01,True,observed_95ci_scaled_by_sqrt_100_over_n
32768,65536,1200.0,250,1500,0.0016629828187726238,0.0013448796508834797,0.0024196060196924997,0.0024196060196924997,0.01,True,observed_95ci_scaled_by_sqrt_100_over_n
32768,65536,1200.0,250,2000,0.0016629828187726238,0.0013874973943563188,0.002318237731861934,0.002318237731861934,0.01,True,observed_95ci_scaled_by_sqrt_100_over_n
32768,65536,1200.0,250,2500,0.0016629828187726238,0.0014165811644505284,0.0022490606300759894,0.0022490606300759894,0.01,True,observed_95ci_scaled_by_sqrt_100_over_n
32768,65536,1200.0,500,100,0.001716972726081489,0.0009559858266470186,0.005448231630871616,0.005448231630871616,0.01,True,observed_95ci_scaled_by_sqrt_100_over_n
32768,65536,1200.0,500,150,0.001716972726081489,0.0010956295245624528,0.004763532864398759,0.004763532864398759,0.01,True,observed_95ci_scaled_by_sqrt_100_over_n
32768,65536,1200.0,500,200,0.001716972726081489,0.0011788737290972496,0.004355371200021278,0.004355371200021278,0.01,True,observed_95ci_scaled_by_sqrt_100_over_n
32768,65536,1200.0,500,300,0.001716972726081489,0.001277616734843219,0.0038712160591782567,0.0038712160591782567,0.01,True,observed_95ci_scaled_by_sqrt_100_over_n
32768,65536,1200.0,500,400,0.001716972726081489,0.0013364792763642538,0.0035826021784765524,0.0035826021784765524,0.01,True,observed_95ci_scaled_by_sqrt_100_over_n
32768,65536,1200.0,500,600,0.001716972726081489,0.001406301125321971,0.003240252795240124,0.003240252795240124,0.01,True,observed_95ci_scaled_by_sqrt_100_over_n
32768,65536,1200.0,500,800,0.001716972726081489,0.0014479232275893693,0.0030361719630513837,0.0030361719630513837,0.01,True,observed_95ci_scaled_by_sqrt_100_over_n
32768,65536,1200.0,500,1000,0.001716972726081489,0.0014763275389052463,0.0028969003939737044,0.0028969003939737044,0.01,True,observed_95ci_scaled_by_sqrt_100_over_n
32768,65536,1200.0,500,1500,0.001716972726081489,0.0015204867535353742,0.002680379632657508,0.002680379632657508,0.01,True,observed_95ci_scaled_by_sqrt_100_over_n
32768,65536,1200.0,500,2000,0.001716972726081489,0.0015468108823692619,0.002551307581357703,0.002551307581357703,0.01,True,observed_95ci_scaled_by_sqrt_100_over_n
32768,65536,1200.0,500,2500,0.001716972726081489,0.001564775346194595,0.0024632245070395145,0.0024632245070395145,0.01,True,observed_95ci_scaled_by_sqrt_100_over_n
32768,65536,1200.0,1000,100,0.004083641925326589,0.0030324974448973302,0.008011734741279105,0.008011734741279105,0.01,True,observed_95ci_scaled_by_sqrt_100_over_n
32768,65536,1200.0,1000,150,0.004083641925326589,0.0032253860509950483,0.007290916279118582,0.007290916279118582,0.01,True,observed_95ci_scaled_by_sqrt_100_over_n
32768,65536,1200.0,1000,200,0.004083641925326589,0.0033403705352082497,0.0068612229926167745,0.0068612229926167745,0.01,True,observed_95ci_scaled_by_sqrt_100_over_n
32768,65536,1200.0,1000,300,0.004083641925326589,0.003476763376593567,0.006351527370018609,0.006351527370018609,0.01,True,observed_95ci_scaled_by_sqrt_100_over_n
32768,65536,1200.0,1000,400,0.004083641925326589,0.0035580696851119594,0.006047688333302847,0.006047688333302847,0.01,True,observed_95ci_scaled_by_sqrt_100_over_n
32768,65536,1200.0,1000,600,0.004083641925326589,0.0036545139881608182,0.005687279102222585,0.005687279102222585,0.01,True,observed_95ci_scaled_by_sqrt_100_over_n
32768,65536,1200.0,1000,800,0.004083641925326589,0.003712006230267419,0.005472432458971681,0.005472432458971681,0.01,True,observed_95ci_scaled_by_sqrt_100_over_n
32768,65536,1200.0,1000,1000,0.004083641925326589,0.0037512408545195145,0.0053258139412220434,0.0053258139412220434,0.01,True,observed_95ci_scaled_by_sqrt_100_over_n
32768,65536,1200.0,1000,1500,0.004083641925326589,0.0038122375875158975,0.005097871129229328,0.005097871129229328,0.01,True,observed_95ci_scaled_by_sqrt_100_over_n
32768,65536,1200.0,1000,2000,0.004083641925326589,0.003848598874085237,0.0049619901811664285,0.0049619901811664285,0.01,True,observed_95ci_scaled_by_sqrt_100_over_n
32768,65536,1200.0,1000,2500,0.004083641925326589,0.003873413029240737,0.004869260488517092,0.004869260488517092,0.01,True,observed_95ci_scaled_by_sqrt_100_over_n
32768,65536,1800.0,250,100,0.0008042133047804993,-0.0003852113795602913,0.0037413675123347916,0.0037413675123347916,0.01,True,observed_95ci_scaled_by_sqrt_100_over_n
32768,65536,1800.0,250,150,0.0008042133047804993,-0.000166947883254796,0.0032023896729060637,0.0032023896729060637,0.01,True,observed_95ci_scaled_by_sqrt_100_over_n
32768,65536,1800.0,250,200,0.0008042133047804993,-3.6836955227542516e-05,0.00288109496233274,0.00288109496233274,0.01,True,observed_95ci_scaled_by_sqrt_100_over_n
32768,65536,1800.0,250,300,0.0008042133047804993,0.0001174986430955582,0.0024999800771634117,0.0024999800771634117,0.01,True,observed_95ci_scaled_by_sqrt_100_over_n
32768,65536,1800.0,250,400,0.0008042133047804993,0.00020950096261010398,0.0022727904085576454,0.0022727904085576454,0.01,True,observed_95ci_scaled_by_sqrt_100_over_n
32768,65536,1800.0,250,600,0.0008042133047804993,0.00031863271076285163,0.0020033014888432817,0.0020033014888432817,0.01,True,observed_95ci_scaled_by_sqrt_100_over_n
32768,65536,1800.0,250,800,0.0008042133047804993,0.00038368817477647837,0.0018426541335566195,0.0018426541335566195,0.01,True,observed_95ci_scaled_by_sqrt_100_over_n
32768,65536,1800.0,250,1000,0.0008042133047804993,0.0004280841940061284,0.001733023018282349,0.001733023018282349,0.01,True,observed_95ci_scaled_by_sqrt_100_over_n
32768,65536,1800.0,250,1500,0.0008042133047804993,0.0004971051718458396,0.0015625832601872203,0.0015625832601872203,0.01,True,observed_95ci_scaled_by_sqrt_100_over_n
32768,65536,1800.0,250,2000,0.0008042133047804993,0.0005382498599502755,0.0014609809516295917,0.0014609809516295917,0.01,True,observed_95ci_scaled_by_sqrt_100_over_n
32768,65536,1800.0,250,2500,0.0008042133047804993,0.0005663283679123412,0.0013916441462913578,0.0013916441462913578,0.01,True,observed_95ci_scaled_by_sqrt_100_over_n
32768,65536,1800.0,500,100,0.0010301634570923871,0.000435507707003668,0.0046910093309421854,0.0046910093309421854,0.01,True,observed_95ci_scaled_by_sqrt_100_over_n
32768,65536,1800.0,500,150,0.0010301634570923871,0.0005446290703159356,0.004019231596394121,0.004019231596394121,0.01,True,observed_95ci_scaled_by_sqrt_100_over_n
32768,65536,1800.0,500,200,0.0010301634570923871,0.0006096783437330808,0.003618772399370372,0.003618772399370372,0.01,True,observed_95ci_scaled_by_sqrt_100_over_n
32768,65536,1800.0,500,300,0.0010301634570923871,0.0006868387997035063,0.003143753807821299,0.003143753807821299,0.01,True,observed_95ci_scaled_by_sqrt_100_over_n
32768,65536,1800.0,500,400,0.0010301634570923871,0.0007328355820480275,0.0028605863940172863,0.0028605863940172863,0.01,True,observed_95ci_scaled_by_sqrt_100_over_n
32768,65536,1800.0,500,600,0.0010301634570923871,0.0007873962637041614,0.0025246975267432543,0.0025246975267432543,0.01,True,observed_95ci_scaled_by_sqrt_100_over_n
32768,65536,1800.0,500,800,0.0010301634570923871,0.000819920900412734,0.0023244679282313795,0.0023244679282313795,0.01,True,observed_95ci_scaled_by_sqrt_100_over_n
32768,65536,1800.0,500,1000,0.0010301634570923871,0.0008421167976927644,0.002187824569511868,0.002187824569511868,0.01,True,observed_95ci_scaled_by_sqrt_100_over_n
32768,65536,1800.0,500,1500,0.0010301634570923871,0.0008766240026377146,0.001975389797255881,0.001975389797255881,0.01,True,observed_95ci_scaled_by_sqrt_100_over_n
32768,65536,1800.0,500,2000,0.0010301634570923871,0.0008971943890514368,0.001848753480000164,0.001848753480000164,0.01,True,observed_95ci_scaled_by_sqrt_100_over_n
32768,65536,1800.0,500,2500,0.0010301634570923871,0.0009112323070746433,0.0017623326318623469,0.0017623326318623469,0.01,True,observed_95ci_scaled_by_sqrt_100_over_n
32768,65536,1800.0,1000,100,0.0019231301498594897,0.001754472978116396,0.006336853499968469,0.006336853499968469,0.01,True,observed_95ci_scaled_by_sqrt_100_over_n
32768,65536,1800.0,1000,150,0.0019231301498594897,0.0017854221457823134,0.00552692017438434,0.00552692017438434,0.01,True,observed_95ci_scaled_by_sqrt_100_over_n
32768,65536,1800.0,1000,200,0.0019231301498594897,0.001803871520024204,0.005044103861002956,0.005044103861002956,0.01,True,observed_95ci_scaled_by_sqrt_100_over_n
32768,65536,1800.0,1000,300,0.0019231301498594897,0.0018257558863528536,0.004471394514173445,0.004471394514173445,0.01,True,observed_95ci_scaled_by_sqrt_100_over_n
32768,65536,1800.0,1000,400,0.0019231301498594897,0.0018388015639879429,0.0041299918249139795,0.0041299918249139795,0.01,True,observed_95ci_scaled_by_sqrt_100_over_n
32768,65536,1800.0,1000,600,0.0019231301498594897,0.0018542761478209015,0.0037250251621219147,0.0037250251621219147,0.01,True,observed_95ci_scaled_by_sqrt_100_over_n
32768,65536,1800.0,1000,800,0.0019231301498594897,0.001863500834941847,0.003483617005431223,0.003483617005431223,0.01,True,observed_95ci_scaled_by_sqrt_100_over_n
32768,65536,1800.0,1000,1000,0.0019231301498594897,0.001869796069216453,0.0033188720246808065,0.0033188720246808065,0.01,True,observed_95ci_scaled_by_sqrt_100_over_n
32768,65536,1800.0,1000,1500,0.0019231301498594897,0.0018795830553675267,0.0030627486185087487,0.0030627486185087487,0.01,True,observed_95ci_scaled_by_sqrt_100_over_n
32768,65536,1800.0,1000,2000,0.0019231301498594897,0.0018854172597684484,0.0029100686943316677,0.0029100686943316677,0.01,True,observed_95ci_scaled_by_sqrt_100_over_n
32768,65536,1800.0,1000,2500,0.0019231301498594897,0.001889398715510871,0.0028058748198812856,0.0028058748198812856,0.01,True,observed_95ci_scaled_by_sqrt_100_over_n
32768,65536,2400.0,250,100,0.0016149215052936447,0.00032301152882497144,0.004779699387864847,0.004779699387864847,0.01,True,observed_95ci_scaled_by_sqrt_100_over_n
32768,65536,2400.0,250,150,0.0016149215052936447,0.0005600814266405541,0.004198951825808719,0.004198951825808719,0.01,True,observed_95ci_scaled_by_sqrt_100_over_n
32768,65536,2400.0,250,200,0.0016149215052936447,0.0007014032002500927,0.0038527574070089453,0.0038527574070089453,0.01,True,observed_95ci_scaled_by_sqrt_100_over_n
32768,65536,2400.0,250,300,0.0016149215052936447,0.0008690369326106931,0.003442106867721502,0.003442106867721502,0.01,True,observed_95ci_scaled_by_sqrt_100_over_n
32768,65536,2400.0,250,400,0.0016149215052936447,0.0009689665170593081,0.003197310446579246,0.003197310446579246,0.01,True,observed_95ci_scaled_by_sqrt_100_over_n
32768,65536,2400.0,250,600,0.0016149215052936447,0.0010875014659670994,0.0029069366655511825,0.0029069366655511825,0.01,True,observed_95ci_scaled_by_sqrt_100_over_n
32768,65536,2400.0,250,800,0.0016149215052936447,0.0011581623527718687,0.0027338394561512947,0.0027338394561512947,0.01,True,observed_95ci_scaled_by_sqrt_100_over_n
32768,65536,2400.0,250,1000,0.0016149215052936447,0.0012063836995400905,0.002615712145038635,0.002615712145038635,0.01,True,observed_95ci_scaled_by_sqrt_100_over_n
32768,65536,2400.0,250,1500,0.0016149215052936447,0.0012813517837161523,0.0024320636408699005,0.0024320636408699005,0.01,True,observed_95ci_scaled_by_sqrt_100_over_n
32768,65536,2400.0,250,2000,0.0016149215052936447,0.001326041652474234,0.0023225873532053505,0.0023225873532053505,0.01,True,observed_95ci_scaled_by_sqrt_100_over_n
32768,65536,2400.0,250,2500,0.0016149215052936447,0.00135653950999991,0.0022478770818078852,0.0022478770818078852,0.01,True,observed_95ci_scaled_by_sqrt_100_over_n
32768,65536,2400.0,500,100,0.0020857004637890204,0.0012681345895394506,0.005934957379049685,0.005934957379049685,0.01,True,observed_95ci_scaled_by_sqrt_100_over_n
32768,65536,2400.0,500,150,0.0020857004637890204,0.0014181607227810595,0.005228605574211759,0.005228605574211759,0.01,True,observed_95ci_scaled_by_sqrt_100_over_n
32768,65536,2400.0,500,200,0.0020857004637890204,0.0015075940900404414,0.0048075361310990486,0.0048075361310990486,0.01,True,observed_95ci_scaled_by_sqrt_100_over_n
32768,65536,2400.0,500,300,0.0020857004637890204,0.0016136785862107797,0.004308069979994793,0.004308069979994793,0.01,True,observed_95ci_scaled_by_sqrt_100_over_n
32768,65536,2400.0,500,400,0.0020857004637890204,0.0016769175266642357,0.004010328921419353,0.004010328921419353,0.01,True,observed_95ci_scaled_by_sqrt_100_over_n
32768,65536,2400.0,500,600,0.0020857004637890204,0.00175193059328504,0.0036571530190003896,0.0036571530190003896,0.01,True,observed_95ci_scaled_by_sqrt_100_over_n
32768,65536,2400.0,500,800,0.0020857004637890204,0.001796647276914731,0.0034466182974440345,0.0034466182974440345,0.01,True,observed_95ci_scaled_by_sqrt_100_over_n
32768,65536,2400.0,500,1000,0.0020857004637890204,0.001827163433803476,0.0033029423789267655,0.0033029423789267655,0.01,True,observed_95ci_scaled_by_sqrt_100_over_n
32768,65536,2400.0,500,1500,0.0020857004637890204,0.0018746058627626145,0.003079574325660906,0.003079574325660906,0.01,True,observed_95ci_scaled_by_sqrt_100_over_n
32768,65536,2400.0,500,2000,0.0020857004637890204,0.0019028871766984122,0.0029464204763274197,0.0029464204763274197,0.01,True,observed_95ci_scaled_by_sqrt_100_over_n
32768,65536,2400.0,500,2500,0.0020857004637890204,0.0019221872889391065,0.002855551846841153,0.002855551846841153,0.01,True,observed_95ci_scaled_by_sqrt_100_over_n
32768,65536,2400.0,1000,100,0.0027198284066000545,0.0022084798043838136,0.007424270086858967,0.007424270086858967,0.01,True,observed_95ci_scaled_by_sqrt_100_over_n
32768,65536,2400.0,1000,150,0.0027198284066000545,0.002302314021228322,0.006560988953705343,0.006560988953705343,0.01,True,observed_95ci_scaled_by_sqrt_100_over_n
32768,65536,2400.0,1000,200,0.0027198284066000545,0.002358250342422688,0.0060463710204077675,0.0060463710204077675,0.01,True,observed_95ci_scaled_by_sqrt_100_over_n
32768,65536,2400.0,1000,300,0.0027198284066000545,0.002424601153460769,0.005435939077084433,0.005435939077084433,0.01,True,observed_95ci_scaled_by_sqrt_100_over_n
32768,65536,2400.0,1000,400,0.0027198284066000545,0.0024641541054919343,0.0050720492467295104,0.0050720492467295104,0.01,True,observed_95ci_scaled_by_sqrt_100_over_n
32768,65536,2400.0,1000,600,0.0027198284066000545,0.002511071213914188,0.004640408680152698,0.004640408680152698,0.01,True,observed_95ci_scaled_by_sqrt_100_over_n
32768,65536,2400.0,1000,800,0.0027198284066000545,0.0025390393745113714,0.004383099713503911,0.004383099713503911,0.01,True,observed_95ci_scaled_by_sqrt_100_over_n
32768,65536,2400.0,1000,1000,0.0027198284066000545,0.00255812578046538,0.00420750348950483,0.00420750348950483,0.01,True,observed_95ci_scaled_by_sqrt_100_over_n
32768,65536,2400.0,1000,1500,0.0027198284066000545,0.0025877987652340585,0.0039345100253231746,0.0039345100253231746,0.01,True,observed_95ci_scaled_by_sqrt_100_over_n
32768,65536,2400.0,1000,2000,0.0027198284066000545,0.002605487383124553,0.0037717735459242806,0.0037717735459242806,0.01,True,observed_95ci_scaled_by_sqrt_100_over_n
32768,65536,2400.0,1000,2500,0.0027198284066000545,0.002617558686156806,0.0036607167426518372,0.0036607167426518372,0.01,True,observed_95ci_scaled_by_sqrt_100_over_n
32768,65536,3000.0,250,100,0.0031110272927807993,0.0013828473291708126,0.006981455588764138,0.006981455588764138,0.01,True,observed_95ci_scaled_by_sqrt_100_over_n
32768,65536,3000.0,250,150,0.0031110272927807993,0.001699974261265443,0.006271218763177121,0.006271218763177121,0.01,True,observed_95ci_scaled_by_sqrt_100_over_n
32768,65536,3000.0,250,200,0.0031110272927807993,0.0018890195214014568,0.005847833386966912,0.005847833386966912,0.01,True,observed_95ci_scaled_by_sqrt_100_over_n
32768,65536,3000.0,250,300,0.0031110272927807993,0.0021132621255824558,0.005345620111345924,0.005345620111345924,0.01,True,observed_95ci_scaled_by_sqrt_100_over_n
32768,65536,3000.0,250,400,0.0031110272927807993,0.002246937310975806,0.005046241440772469,0.005046241440772469,0.01,True,observed_95ci_scaled_by_sqrt_100_over_n
32768,65536,3000.0,250,600,0.0031110272927807993,0.0024055007770231213,0.00469112302797896,0.00469112302797896,0.01,True,observed_95ci_scaled_by_sqrt_100_over_n
32768,65536,3000.0,250,800,0.0031110272927807993,0.002500023407091128,0.004479430339873856,0.004479430339873856,0.01,True,observed_95ci_scaled_by_sqrt_100_over_n
32768,65536,3000.0,250,1000,0.0031110272927807993,0.002564528803613353,0.004334964186347968,0.004334964186347968,0.01,True,observed_95ci_scaled_by_sqrt_100_over_n
32768,65536,3000.0,250,1500,0.0031110272927807993,0.0026648131448934113,0.004110367581649694,0.004110367581649694,0.01,True,observed_95ci_scaled_by_sqrt_100_over_n
32768,65536,3000.0,250,2000,0.0031110272927807993,0.002724594505182295,0.003976481369966541,0.003976481369966541,0.01,True,observed_95ci_scaled_by_sqrt_100_over_n
32768,65536,3000.0,250,2500,0.0031110272927807993,0.002765391300058802,0.003885112951977467,0.003885112951977467,0.01,True,observed_95ci_scaled_by_sqrt_100_over_n
32768,65536,3000.0,500,100,0.004709922826139041,0.002912869416828418,0.008768571083254264,0.008768571083254264,0.01,True,observed_95ci_scaled_by_sqrt_100_over_n
32768,65536,3000.0,500,150,0.004709922826139041,0.003242634861692404,0.008023795251261895,0.008023795251261895,0.01,True,observed_95ci_scaled_by_sqrt_100_over_n
32768,65536,3000.0,500,200,0.004709922826139041,0.0034392141742610946,0.0075798205311961775,0.0075798205311961775,0.01,True,observed_95ci_scaled_by_sqrt_100_over_n
32768,65536,3000.0,500,300,0.004709922826139041,0.003672393556525418,0.00705318448993052,0.00705318448993052,0.01,True,observed_95ci_scaled_by_sqrt_100_over_n
32768,65536,3000.0,500,400,0.004709922826139041,0.003811396121483729,0.006739246954696652,0.006739246954696652,0.01,True,observed_95ci_scaled_by_sqrt_100_over_n
32768,65536,3000.0,500,600,0.004709922826139041,0.003976278843915723,0.006366859038700468,0.006366859038700468,0.01,True,observed_95ci_scaled_by_sqrt_100_over_n
32768,65536,3000.0,500,800,0.004709922826139041,0.004074568500200068,0.00614487167866761,0.00614487167866761,0.01,True,observed_95ci_scaled_by_sqrt_100_over_n
32768,65536,3000.0,500,1000,0.004709922826139041,0.0041416446410998,0.005993380097534721,0.005993380097534721,0.01,True,observed_95ci_scaled_by_sqrt_100_over_n
32768,65536,3000.0,500,1500,0.004709922826139041,0.004245925631038688,0.005757861300000442,0.005757861300000442,0.01,True,observed_95ci_scaled_by_sqrt_100_over_n
32768,65536,3000.0,500,2000,0.004709922826139041,0.00430808946789741,0.005617464166106109,0.005617464166106109,0.01,True,observed_95ci_scaled_by_sqrt_100_over_n
32768,65536,3000.0,500,2500,0.004709922826139041,0.004350512144276916,0.0055216524775620855,0.0055216524775620855,0.01,True,observed_95ci_scaled_by_sqrt_100_over_n
32768,65536,3000.0,1000,100,0.005544247791090319,0.004061011520661728,0.010519599669417304,0.010519599669417304,0.01,False,observed_95ci_scaled_by_sqrt_100_over_n
32768,65536,3000.0,1000,150,0.005544247791090319,0.004333190447577382,0.009606605588656641,0.009606605588656641,0.01,True,observed_95ci_scaled_by_sqrt_100_over_n
32768,65536,3000.0,1000,200,0.005544247791090319,0.004495441366168418,0.009062352843044557,0.009062352843044557,0.01,True,observed_95ci_scaled_by_sqrt_100_over_n
32768,65536,3000.0,1000,300,0.005544247791090319,0.004687900931086555,0.008416768537355514,0.008416768537355514,0.01,True,observed_95ci_scaled_by_sqrt_100_over_n
32768,65536,3000.0,1000,400,0.005544247791090319,0.004802629655876023,0.008031923730253812,0.008031923730253812,0.01,True,observed_95ci_scaled_by_sqrt_100_over_n
32768,65536,3000.0,1000,600,0.005544247791090319,0.00493871911933385,0.00757542668987348,0.00757542668987348,0.01,True,observed_95ci_scaled_by_sqrt_100_over_n
32768,65536,3000.0,1000,800,0.005544247791090319,0.005019844578629368,0.007303300317067438,0.007303300317067438,0.01,True,observed_95ci_scaled_by_sqrt_100_over_n
32768,65536,3000.0,1000,1000,0.005544247791090319,0.005075207298817539,0.0071175922007213396,0.0071175922007213396,0.01,True,observed_95ci_scaled_by_sqrt_100_over_n
32768,65536,3000.0,1000,1500,0.005544247791090319,0.005161277832832937,0.006828878122175799,0.006828878122175799,0.01,True,observed_95ci_scaled_by_sqrt_100_over_n
32768,65536,3000.0,1000,2000,0.005544247791090319,0.00521258607835316,0.006656770292282359,0.006656770292282359,0.01,True,observed_95ci_scaled_by_sqrt_100_over_n
32768,65536,3000.0,1000,2500,0.005544247791090319,0.0052476005370046,0.006539318166755716,0.006539318166755716,0.01,True,observed_95ci_scaled_by_sqrt_100_over_n
32768,65536,3600.0,250,100,0.0025140184700543034,0.0004684313089335641,0.006937986073665253,0.006937986073665253,0.01,True,observed_95ci_scaled_by_sqrt_100_over_n
32768,65536,3600.0,250,150,0.0025140184700543034,0.0008438035470095663,0.00612617289253767,0.00612617289253767,0.01,True,observed_95ci_scaled_by_sqrt_100_over_n
32768,65536,3600.0,250,200,0.0025140184700543034,0.0010675699169176898,0.005642235962317206,0.005642235962317206,0.01,True,observed_95ci_scaled_by_sqrt_100_over_n
32768,65536,3600.0,250,300,0.0025140184700543034,0.0013329981719304024,0.005068197356885269,0.005068197356885269,0.01,True,observed_95ci_scaled_by_sqrt_100_over_n
32768,65536,3600.0,250,400,0.0025140184700543034,0.0014912248894939338,0.004726002271859778,0.004726002271859778,0.01,True,observed_95ci_scaled_by_sqrt_100_over_n
32768,65536,3600.0,250,600,0.0025140184700543034,0.0016789110085319349,0.004320095681295986,0.004320095681295986,0.01,True,observed_95ci_scaled_by_sqrt_100_over_n
32768,65536,3600.0,250,800,0.0025140184700543034,0.0017907941934859966,0.004078127216185755,0.004078127216185755,0.01,True,observed_95ci_scaled_by_sqrt_100_over_n
32768,65536,3600.0,250,1000,0.0025140184700543034,0.0018671470119003665,0.003912999862275058,0.003912999862275058,0.01,True,observed_95ci_scaled_by_sqrt_100_over_n
32768,65536,3600.0,250,1500,0.0025140184700543034,0.0019858501361718814,0.0036562819935840596,0.0036562819935840596,0.01,True,observed_95ci_scaled_by_sqrt_100_over_n
32768,65536,3600.0,250,2000,0.0025140184700543034,0.002056611275437625,0.0035032476992473962,0.0035032476992473962,0.01,True,observed_95ci_scaled_by_sqrt_100_over_n
32768,65536,3600.0,250,2500,0.0025140184700543034,0.0021049010378301554,0.0033988119907764932,0.0033988119907764932,0.01,True,observed_95ci_scaled_by_sqrt_100_over_n
32768,65536,3600.0,500,100,0.004423167085781419,0.002597398011295088,0.009333352342509597,0.009333352342509597,0.01,True,observed_95ci_scaled_by_sqrt_100_over_n
32768,65536,3600.0,500,150,0.004423167085781419,0.002932432878899751,0.008432316559621705,0.008432316559621705,0.01,True,observed_95ci_scaled_by_sqrt_100_over_n
32768,65536,3600.0,500,200,0.004423167085781419,0.003132153392331447,0.007895192377696123,0.007895192377696123,0.01,True,observed_95ci_scaled_by_sqrt_100_over_n
32768,65536,3600.0,500,300,0.004423167085781419,0.003369058819148642,0.007258063865524364,0.007258063865524364,0.01,True,observed_95ci_scaled_by_sqrt_100_over_n
32768,65536,3600.0,500,400,0.004423167085781419,0.0035102825485382534,0.006878259714145508,0.006878259714145508,0.01,True,observed_95ci_scaled_by_sqrt_100_over_n
32768,65536,3600.0,500,600,0.004423167085781419,0.003677799982340585,0.006427741822701562,0.006427741822701562,0.01,True,observed_95ci_scaled_by_sqrt_100_over_n
32768,65536,3600.0,500,800,0.004423167085781419,0.003777660239056433,0.006159179731738771,0.006159179731738771,0.01,True,observed_95ci_scaled_by_sqrt_100_over_n
32768,65536,3600.0,500,1000,0.004423167085781419,0.0038458082100939765,0.005975904000245384,0.005975904000245384,0.01,True,observed_95ci_scaled_by_sqrt_100_over_n
32768,65536,3600.0,500,1500,0.004423167085781419,0.003951755537814346,0.005690971467521514,0.005690971467521514,0.01,True,observed_95ci_scaled_by_sqrt_100_over_n
32768,65536,3600.0,500,2000,0.004423167085781419,0.004014912709604588,0.005521117887397565,0.005521117887397565,0.01,True,observed_95ci_scaled_by_sqrt_100_over_n
32768,65536,3600.0,500,2500,0.004423167085781419,0.004058013270884153,0.005405204137127055,0.005405204137127055,0.01,True,observed_95ci_scaled_by_sqrt_100_over_n
32768,65536,3600.0,1000,100,0.008158653659233864,0.005915076923175643,0.013325020138139057,0.013325020138139057,0.01,False,observed_95ci_scaled_by_sqrt_100_over_n
32768,65536,3600.0,1000,150,0.008158653659233864,0.006326780925193339,0.012376974225079568,0.012376974225079568,0.01,False,observed_95ci_scaled_by_sqrt_100_over_n
32768,65536,3600.0,1000,200,0.008158653659233864,0.006572205335054714,0.011811826430562593,0.011811826430562593,0.01,False,observed_95ci_scaled_by_sqrt_100_over_n
32768,65536,3600.0,1000,300,0.008158653659233864,0.006863324026723068,0.011141456736562036,0.011141456736562036,0.01,False,observed_95ci_scaled_by_sqrt_100_over_n
32768,65536,3600.0,1000,400,0.008158653659233864,0.007036865291204753,0.01074183689868646,0.01074183689868646,0.01,False,observed_95ci_scaled_by_sqrt_100_over_n
32768,65536,3600.0,1000,600,0.008158653659233864,0.0072427172922136015,0.010267813942156716,0.010267813942156716,0.01,False,observed_95ci_scaled_by_sqrt_100_over_n
32768,65536,3600.0,1000,800,0.008158653659233864,0.007365429497144289,0.009985240044898229,0.009985240044898229,0.01,True,observed_95ci_scaled_by_sqrt_100_over_n
32768,65536,3600.0,1000,1000,0.008158653659233864,0.007449172400102824,0.00979240218928233,0.00979240218928233,0.01,True,observed_95ci_scaled_by_sqrt_100_over_n
32768,65536,3600.0,1000,1500,0.008158653659233864,0.007579364636921071,0.009492603748114135,0.009492603748114135,0.01,True,observed_95ci_scaled_by_sqrt_100_over_n
32768,65536,3600.0,1000,2000,0.008158653659233864,0.007656974649777535,0.009313888323584688,0.009313888323584688,0.01,True,observed_95ci_scaled_by_sqrt_100_over_n
32768,65536,3600.0,1000,2500,0.008158653659233864,0.007709938312022219,0.009191926955014902,0.009191926955014902,0.01,True,observed_95ci_scaled_by_sqrt_100_over_n
65536,131072,600.0,250,100,0.001433611879387944,0.000475150939163054,0.003527117392158994,0.003527117392158994,0.01,True,observed_95ci_scaled_by_sqrt_100_over_n
65536,131072,600.0,250,150,0.001433611879387944,0.0006510317987415477,0.0031429519727188522,0.0031429519727188522,0.01,True,observed_95ci_scaled_by_sqrt_100_over_n
65536,131072,600.0,250,200,0.001433611879387944,0.00075587764905249,0.002913943823919774,0.002913943823919774,0.01,True,observed_95ci_scaled_by_sqrt_100_over_n
65536,131072,600.0,250,300,0.001433611879387944,0.0008802441975413619,0.002642297850736275,0.002642297850736275,0.01,True,observed_95ci_scaled_by_sqrt_100_over_n
65536,131072,600.0,250,400,0.001433611879387944,0.0009543814092754989,0.002480364635773469,0.002480364635773469,0.01,True,observed_95ci_scaled_by_sqrt_100_over_n
65536,131072,600.0,250,600,0.001433611879387944,0.0010423218390647458,0.002288281926053398,0.002288281926053398,0.01,True,observed_95ci_scaled_by_sqrt_100_over_n
65536,131072,600.0,250,800,0.001433611879387944,0.001094744764220217,0.002173777851653859,0.002173777851653859,0.01,True,observed_95ci_scaled_by_sqrt_100_over_n
65536,131072,600.0,250,1000,0.001433611879387944,0.001130519917446229,0.0020956364508354676,0.0020956364508354676,0.01,True,observed_95ci_scaled_by_sqrt_100_over_n
65536,131072,600.0,250,1500,0.001433611879387944,0.0011861383287558572,0.00197415267846499,0.00197415267846499,0.01,True,observed_95ci_scaled_by_sqrt_100_over_n
65536,131072,600.0,250,2000,0.001433611879387944,0.0012192934977758223,0.0019017339431706061,0.0019017339431706061,0.01,True,observed_95ci_scaled_by_sqrt_100_over_n
65536,131072,600.0,250,2500,0.001433611879387944,0.001241919691342966,0.001852312981942154,0.001852312981942154,0.01,True,observed_95ci_scaled_by_sqrt_100_over_n
65536,131072,600.0,500,100,0.002100378549530689,0.0012000361556719654,0.0043556036255001035,0.0043556036255001035,0.01,True,observed_95ci_scaled_by_sqrt_100_over_n
65536,131072,600.0,500,150,0.002100378549530689,0.0013652520632807571,0.003941762113282187,0.003941762113282187,0.01,True,observed_95ci_scaled_by_sqrt_100_over_n
65536,131072,600.0,500,200,0.002100378549530689,0.0014637403374434563,0.003695063493850609,0.003695063493850609,0.01,True,observed_95ci_scaled_by_sqrt_100_over_n
65536,131072,600.0,500,300,0.002100378549530689,0.0015805656260735228,0.0034024333542248247,0.0034024333542248247,0.01,True,observed_95ci_scaled_by_sqrt_100_over_n
65536,131072,600.0,500,400,0.002100378549530689,0.0016502073526013274,0.0032279910875153963,0.0032279910875153963,0.01,True,observed_95ci_scaled_by_sqrt_100_over_n
65536,131072,600.0,500,600,0.002100378549530689,0.0017328153064057232,0.003021070331406438,0.003021070331406438,0.01,True,observed_95ci_scaled_by_sqrt_100_over_n
65536,131072,600.0,500,800,0.002100378549530689,0.0017820594434870727,0.002897721021690649,0.002897721021690649,0.01,True,observed_95ci_scaled_by_sqrt_100_over_n
65536,131072,600.0,500,1000,0.002100378549530689,0.0018156652856704928,0.0028135433371696507,0.0028135433371696507,0.01,True,observed_95ci_scaled_by_sqrt_100_over_n
65536,131072,600.0,500,1500,0.002100378549530689,0.0018679111430440654,0.002682675160275949,0.002682675160275949,0.01,True,observed_95ci_scaled_by_sqrt_100_over_n
65536,131072,600.0,500,2000,0.002100378549530689,0.0018990558699613896,0.002604662206973663,0.002604662206973663,0.01,True,observed_95ci_scaled_by_sqrt_100_over_n
65536,131072,600.0,500,2500,0.002100378549530689,0.0019203100707589444,0.002551423564724572,0.002551423564724572,0.01,True,observed_95ci_scaled_by_sqrt_100_over_n
65536,131072,600.0,1000,100,0.002571989711163971,0.0019208082553534118,0.005294880703761063,0.005294880703761063,0.01,True,observed_95ci_scaled_by_sqrt_100_over_n
65536,131072,600.0,1000,150,0.002571989711163971,0.0020403022789311103,0.004795220896858399,0.004795220896858399,0.01,True,observed_95ci_scaled_by_sqrt_100_over_n
65536,131072,600.0,1000,200,0.002571989711163971,0.0021115348879773965,0.0044973643964611445,0.0044973643964611445,0.01,True,observed_95ci_scaled_by_sqrt_100_over_n
65536,131072,600.0,1000,300,0.002571989711163971,0.0021960299223604523,0.0041440515587139095,0.0041440515587139095,0.01,True,observed_95ci_scaled_by_sqrt_100_over_n
65536,131072,600.0,1000,400,0.002571989711163971,0.002246398983258691,0.003933435207462517,0.003933435207462517,0.01,True,observed_95ci_scaled_by_sqrt_100_over_n
65536,131072,600.0,1000,600,0.002571989711163971,0.0023061459950475404,0.0036836053040111847,0.0036836053040111847,0.01,True,observed_95ci_scaled_by_sqrt_100_over_n
65536,131072,600.0,1000,800,0.002571989711163971,0.0023417622995706836,0.0035346770538125577,0.0035346770538125577,0.01,True,observed_95ci_scaled_by_sqrt_100_over_n
65536,131072,600.0,1000,1000,0.002571989711163971,0.0023660680541214055,0.00343304344686032,0.00343304344686032,0.01,True,observed_95ci_scaled_by_sqrt_100_over_n
65536,131072,600.0,1000,1500,0.002571989711163971,0.0024038553822497443,0.003275037142355086,0.003275037142355086,0.01,True,observed_95ci_scaled_by_sqrt_100_over_n
65536,131072,600.0,1000,2000,0.002571989711163971,0.002426381111076002,0.003180846646640868,0.003180846646640868,0.01,True,observed_95ci_scaled_by_sqrt_100_over_n
65536,131072,600.0,1000,2500,0.002571989711163971,0.002441753420001859,0.003116567909683389,0.003116567909683389,0.01,True,observed_95ci_scaled_by_sqrt_100_over_n
65536,131072,1200.0,250,100,0.001010749274315281,0.00017600503638742825,0.003204659250007885,0.003204659250007885,0.01,True,observed_95ci_scaled_by_sqrt_100_over_n
65536,131072,1200.0,250,150,0.001010749274315281,0.00032918345809806895,0.0028020692683315227,0.0028020692683315227,0.01,True,observed_95ci_scaled_by_sqrt_100_over_n
65536,131072,1200.0,250,200,0.001010749274315281,0.0004204959631200994,0.002562077895440335,0.002562077895440335,0.01,True,observed_95ci_scaled_by_sqrt_100_over_n
65536,131072,1200.0,250,300,0.001010749274315281,0.0005288094638431463,0.002277403789359211,0.002277403789359211,0.01,True,observed_95ci_scaled_by_sqrt_100_over_n
65536,131072,1200.0,250,400,0.001010749274315281,0.0005933771553513546,0.002107704262161583,0.002107704262161583,0.01,True,observed_95ci_scaled_by_sqrt_100_over_n
65536,131072,1200.0,250,600,0.001010749274315281,0.0006699663662066749,0.0019064092713234019,0.0019064092713234019,0.01,True,observed_95ci_scaled_by_sqrt_100_over_n
65536,131072,1200.0,250,800,0.001010749274315281,0.0007156226187176902,0.001786413584877808,0.001786413584877808,0.01,True,observed_95ci_scaled_by_sqrt_100_over_n
65536,131072,1200.0,250,1000,0.001010749274315281,0.0007467799687599283,0.0017045245247706083,0.0017045245247706083,0.01,True,observed_95ci_scaled_by_sqrt_100_over_n
65536,131072,1200.0,250,1500,0.001010749274315281,0.0007952192388594693,0.0015772143942443325,0.0015772143942443325,0.01,True,observed_95ci_scaled_by_sqrt_100_over_n
65536,131072,1200.0,250,2000,0.001010749274315281,0.0008240947883319873,0.0015013224585316383,0.0015013224585316383,0.01,True,observed_95ci_scaled_by_sqrt_100_over_n
65536,131072,1200.0,250,2500,0.001010749274315281,0.0008438004267297104,0.0014495312694538017,0.0014495312694538017,0.01,True,observed_95ci_scaled_by_sqrt_100_over_n
65536,131072,1200.0,500,100,0.002587030824325414,0.0014250329627415598,0.00466067967238111,0.00466067967238111,0.01,True,observed_95ci_scaled_by_sqrt_100_over_n
65536,131072,1200.0,500,150,0.002587030824325414,0.001638263543296868,0.0042801580188076074,0.0042801580188076074,0.01,True,observed_95ci_scaled_by_sqrt_100_over_n
65536,131072,1200.0,500,200,0.002587030824325414,0.0017653742566752033,0.0040533219865852696,0.0040533219865852696,0.01,True,observed_95ci_scaled_by_sqrt_100_over_n
65536,131072,1200.0,500,300,0.002587030824325414,0.0019161510461422064,0.003784252544955127,0.003784252544955127,0.01,True,observed_95ci_scaled_by_sqrt_100_over_n
65536,131072,1200.0,500,400,0.002587030824325414,0.002006031893533487,0.003623855248353262,0.003623855248353262,0.01,True,observed_95ci_scaled_by_sqrt_100_over_n
65536,131072,1200.0,500,600,0.002587030824325414,0.002112647183811141,0.0034335944215665107,0.0034335944215665107,0.01,True,observed_95ci_scaled_by_sqrt_100_over_n
65536,131072,1200.0,500,800,0.002587030824325414,0.002176202540500309,0.003320176405455342,0.003320176405455342,0.01,True,observed_95ci_scaled_by_sqrt_100_over_n
65536,131072,1200.0,500,1000,0.002587030824325414,0.002219574836440409,0.003242776167049456,0.003242776167049456,0.01,True,observed_95ci_scaled_by_sqrt_100_over_n
65536,131072,1200.0,500,1500,0.002587030824325414,0.0022870042665758877,0.003122444654618874,0.003122444654618874,0.01,True,observed_95ci_scaled_by_sqrt_100_over_n
65536,131072,1200.0,500,2000,0.002587030824325414,0.002327200203504325,0.003050712802897081,0.003050712802897081,0.01,True,observed_95ci_scaled_by_sqrt_100_over_n
65536,131072,1200.0,500,2500,0.002587030824325414,0.0023546312520086434,0.003001760593936553,0.003001760593936553,0.01,True,observed_95ci_scaled_by_sqrt_100_over_n
65536,131072,1200.0,1000,100,0.002314221606866727,0.001893095747152426,0.005420363481881404,0.005420363481881404,0.01,True,observed_95ci_scaled_by_sqrt_100_over_n
65536,131072,1200.0,1000,150,0.002314221606866727,0.0019703737822697512,0.004850375827692647,0.004850375827692647,0.01,True,observed_95ci_scaled_by_sqrt_100_over_n
65536,131072,1200.0,1000,200,0.002314221606866727,0.00201644065572973,0.004510595590017102,0.004510595590017102,0.01,True,observed_95ci_scaled_by_sqrt_100_over_n
65536,131072,1200.0,1000,300,0.002314221606866727,0.0020710844783979627,0.00410755345454762,0.00410755345454762,0.01,True,observed_95ci_scaled_by_sqrt_100_over_n
65536,131072,1200.0,1000,400,0.002314221606866727,0.0021036586770095764,0.0038672925443740654,0.0038672925443740654,0.01,True,observed_95ci_scaled_by_sqrt_100_over_n
65536,131072,1200.0,1000,600,0.002314221606866727,0.002142297694568239,0.003582298717279687,0.003582298717279687,0.01,True,observed_95ci_scaled_by_sqrt_100_over_n
65536,131072,1200.0,1000,800,0.002314221606866727,0.0021653311312982287,0.0034124085984419145,0.0034124085984419145,0.01,True,observed_95ci_scaled_by_sqrt_100_over_n
65536,131072,1200.0,1000,1000,0.002314221606866727,0.002181049917037353,0.0032964699129339704,0.0032964699129339704,0.01,True,observed_95ci_scaled_by_sqrt_100_over_n
65536,131072,1200.0,1000,1500,0.002314221606866727,0.0022054873774446757,0.003116223990392682,0.003116223990392682,0.01,True,observed_95ci_scaled_by_sqrt_100_over_n
65536,131072,1200.0,1000,2000,0.002314221606866727,0.0022200550019263053,0.0030087760448958742,0.0030087760448958742,0.01,True,observed_95ci_scaled_by_sqrt_100_over_n
65536,131072,1200.0,1000,2500,0.002314221606866727,0.0022299964349238666,0.0029354499818696625,0.0029354499818696625,0.01,True,observed_95ci_scaled_by_sqrt_100_over_n
65536,131072,1800.0,250,100,0.0007363396702215162,-0.00013467409735026163,0.002979791885311876,0.002979791885311876,0.01,True,observed_95ci_scaled_by_sqrt_100_over_n
65536,131072,1800.0,250,150,0.0007363396702215162,2.5159907058182546e-05,0.0025681107333175284,0.0025681107333175284,0.01,True,observed_95ci_scaled_by_sqrt_100_over_n
65536,131072,1800.0,250,200,0.0007363396702215162,0.00012043992866466867,0.0023226999447798907,0.0023226999447798907,0.01,True,observed_95ci_scaled_by_sqrt_100_over_n
65536,131072,1800.0,250,300,0.0007363396702215162,0.00023345963704608016,0.0020315974105179976,0.0020315974105179976,0.01,True,observed_95ci_scaled_by_sqrt_100_over_n
65536,131072,1800.0,250,400,0.0007363396702215162,0.0003008327864356273,0.0018580657777666962,0.0018580657777666962,0.01,True,observed_95ci_scaled_by_sqrt_100_over_n
65536,131072,1800.0,250,600,0.0007363396702215162,0.0003807497886398494,0.0016522252017695223,0.0016522252017695223,0.01,True,observed_95ci_scaled_by_sqrt_100_over_n
65536,131072,1800.0,250,800,0.0007363396702215162,0.00042838979944309245,0.0015295198075007035,0.0015295198075007035,0.01,True,observed_95ci_scaled_by_sqrt_100_over_n
65536,131072,1800.0,250,1000,0.0007363396702215162,0.0004609009323323836,0.0014457815523650675,0.0014457815523650675,0.01,True,observed_95ci_scaled_by_sqrt_100_over_n
65536,131072,1800.0,250,1500,0.0007363396702215162,0.0005114448824799913,0.0013155965413586563,0.0013155965413586563,0.01,True,observed_95ci_scaled_by_sqrt_100_over_n
65536,131072,1800.0,250,2000,0.0007363396702215162,0.0005415750708586465,0.0012379908359429685,0.0012379908359429685,0.01,True,observed_95ci_scaled_by_sqrt_100_over_n
65536,131072,1800.0,250,2500,0.0007363396702215162,0.0005621369167071607,0.0011850301132395882,0.0011850301132395882,0.01,True,observed_95ci_scaled_by_sqrt_100_over_n
65536,131072,1800.0,500,100,0.001354496521880532,0.0005856862186639979,0.00368503445454971,0.00368503445454971,0.01,True,observed_95ci_scaled_by_sqrt_100_over_n
65536,131072,1800.0,500,150,0.001354496521880532,0.0007267655379222236,0.003257372775627287,0.003257372775627287,0.01,True,observed_95ci_scaled_by_sqrt_100_over_n
65536,131072,1800.0,500,200,0.001354496521880532,0.0008108655430300349,0.0030024356978833855,0.0030024356978833855,0.01,True,observed_95ci_scaled_by_sqrt_100_over_n
65536,131072,1800.0,500,300,0.001354496521880532,0.0009106236863627083,0.0027000332246637157,0.0027000332246637157,0.01,True,observed_95ci_scaled_by_sqrt_100_over_n
65536,131072,1800.0,500,400,0.001354496521880532,0.000970091370272265,0.0025197654882151213,0.0025197654882151213,0.01,True,observed_95ci_scaled_by_sqrt_100_over_n
65536,131072,1800.0,500,600,0.001354496521880532,0.0010406310299013778,0.0023059346487539095,0.0023059346487539095,0.01,True,observed_95ci_scaled_by_sqrt_100_over_n
65536,131072,1800.0,500,800,0.001354496521880532,0.0010826810324552835,0.002178466109881959,0.002178466109881959,0.01,True,observed_95ci_scaled_by_sqrt_100_over_n
65536,131072,1800.0,500,1000,0.001354496521880532,0.0011113773572036397,0.002091477325946006,0.002091477325946006,0.01,True,observed_95ci_scaled_by_sqrt_100_over_n
65536,131072,1800.0,500,1500,0.001354496521880532,0.0011559905551638446,0.001956238828609358,0.001956238828609358,0.01,True,observed_95ci_scaled_by_sqrt_100_over_n
65536,131072,1800.0,500,2000,0.001354496521880532,0.0011825853119010925,0.001875620646039543,0.001875620646039543,0.01,True,observed_95ci_scaled_by_sqrt_100_over_n
65536,131072,1800.0,500,2500,0.001354496521880532,0.0012007344612372252,0.0018206041084143677,0.0018206041084143677,0.01,True,observed_95ci_scaled_by_sqrt_100_over_n
65536,131072,1800.0,1000,100,0.0027560854754364317,0.002161184426941591,0.005446214257901788,0.005446214257901788,0.01,True,observed_95ci_scaled_by_sqrt_100_over_n
65536,131072,1800.0,1000,150,0.0027560854754364317,0.002270350803350075,0.004952566428574662,0.004952566428574662,0.01,True,observed_95ci_scaled_by_sqrt_100_over_n
65536,131072,1800.0,1000,200,0.0027560854754364317,0.0023354269099107425,0.0046582937797827965,0.0046582937797827965,0.01,True,observed_95ci_scaled_by_sqrt_100_over_n
65536,131072,1800.0,1000,300,0.0027560854754364317,0.002412619194946745,0.004309232052147565,0.004309232052147565,0.01,True,observed_95ci_scaled_by_sqrt_100_over_n
65536,131072,1800.0,1000,400,0.0027560854754364317,0.0024586349511890116,0.00410114986666911,0.00410114986666911,0.01,True,observed_95ci_scaled_by_sqrt_100_over_n
65536,131072,1800.0,1000,600,0.0027560854754364317,0.0025132181393932532,0.003854325952005547,0.003854325952005547,0.01,True,observed_95ci_scaled_by_sqrt_100_over_n
65536,131072,1800.0,1000,800,0.0027560854754364317,0.0025457561926735873,0.003707189627609614,0.003707189627609614,0.01,True,observed_95ci_scaled_by_sqrt_100_over_n
65536,131072,1800.0,1000,1000,0.0027560854754364317,0.0025679612458698337,0.0036067788906130474,0.0036067788906130474,0.01,True,observed_95ci_scaled_by_sqrt_100_over_n
65536,131072,1800.0,1000,1500,0.0027560854754364317,0.002602482685205642,0.003450673740345869,0.003450673740345869,0.01,True,observed_95ci_scaled_by_sqrt_100_over_n
65536,131072,1800.0,1000,2000,0.0027560854754364317,0.0026230615570043956,0.0033576165580185596,0.0033576165580185596,0.01,True,observed_95ci_scaled_by_sqrt_100_over_n
65536,131072,1800.0,1000,2500,0.0027560854754364317,0.0026371052657374635,0.003294111231929503,0.003294111231929503,0.01,True,observed_95ci_scaled_by_sqrt_100_over_n
65536,131072,2400.0,250,100,0.0005775928284062568,-0.00014945844321060363,0.00297516784002276,0.00297516784002276,0.01,True,observed_95ci_scaled_by_sqrt_100_over_n
65536,131072,2400.0,250,150,0.0005775928284062568,-1.604204902806521e-05,0.0025352046279088847,0.0025352046279088847,0.01,True,observed_95ci_scaled_by_sqrt_100_over_n
65536,131072,2400.0,250,200,0.0005775928284062568,6.348994397567228e-05,0.002272934377523702,0.002272934377523702,0.01,True,observed_95ci_scaled_by_sqrt_100_over_n
65536,131072,2400.0,250,300,0.0005775928284062568,0.00015782958102360278,0.001961833406765365,0.001961833406765365,0.01,True,observed_95ci_scaled_by_sqrt_100_over_n
65536,131072,2400.0,250,400,0.0005775928284062568,0.0002140671925978266,0.0017763803342145084,0.0017763803342145084,0.01,True,observed_95ci_scaled_by_sqrt_100_over_n
65536,131072,2400.0,250,600,0.0005775928284062568,0.0002807753896890958,0.0015563987281575708,0.0015563987281575708,0.01,True,observed_95ci_scaled_by_sqrt_100_over_n
65536,131072,2400.0,250,800,0.0005775928284062568,0.00032054138619096455,0.0014252636029649793,0.0014252636029649793,0.01,True,observed_95ci_scaled_by_sqrt_100_over_n
65536,131072,2400.0,250,1000,0.0005775928284062568,0.0003476790290031558,0.0013357726181875379,0.0013357726181875379,0.01,True,observed_95ci_scaled_by_sqrt_100_over_n
65536,131072,2400.0,250,1500,0.0005775928284062568,0.00038986899728552177,0.0011966440344911749,0.0011966440344911749,0.01,True,observed_95ci_scaled_by_sqrt_100_over_n
65536,131072,2400.0,250,2000,0.0005775928284062568,0.0004150192217599605,0.0011137068991191918,0.0011137068991191918,0.01,True,observed_95ci_scaled_by_sqrt_100_over_n
65536,131072,2400.0,250,2500,0.0005775928284062568,0.0004321825740828847,0.0010571078307295575,0.0010571078307295575,0.01,True,observed_95ci_scaled_by_sqrt_100_over_n
65536,131072,2400.0,500,100,0.0013869586360599527,0.0007531157308948703,0.003967094588680099,0.003967094588680099,0.01,True,observed_95ci_scaled_by_sqrt_100_over_n
65536,131072,2400.0,500,150,0.0013869586360599527,0.000869428071147366,0.003493630819703003,0.003493630819703003,0.01,True,observed_95ci_scaled_by_sqrt_100_over_n
65536,131072,2400.0,500,200,0.0013869586360599527,0.0009387640196107411,0.0032113902645408707,0.0032113902645408707,0.01,True,observed_95ci_scaled_by_sqrt_100_over_n
65536,131072,2400.0,500,300,0.0013869586360599527,0.001021009264138958,0.002876600822851025,0.002876600822851025,0.01,True,observed_95ci_scaled_by_sqrt_100_over_n
65536,131072,2400.0,500,400,0.0013869586360599527,0.0010700371834774115,0.0026770266123700257,0.0026770266123700257,0.01,True,observed_95ci_scaled_by_sqrt_100_over_n
65536,131072,2400.0,500,600,0.0013869586360599527,0.0011281933536036594,0.002440294727881478,0.002440294727881478,0.01,True,observed_95ci_scaled_by_sqrt_100_over_n
65536,131072,2400.0,500,800,0.0013869586360599527,0.001162861327835347,0.0022991744503004117,0.0022991744503004117,0.01,True,observed_95ci_scaled_by_sqrt_100_over_n
65536,131072,2400.0,500,1000,0.0013869586360599527,0.0011865199101539763,0.0022028692643767476,0.0022028692643767476,0.01,True,observed_95ci_scaled_by_sqrt_100_over_n
65536,131072,2400.0,500,1500,0.0013869586360599527,0.0012233011016722134,0.0020531468744232084,0.0020531468744232084,0.01,True,observed_95ci_scaled_by_sqrt_100_over_n
65536,131072,2400.0,500,2000,0.0013869586360599527,0.001245227053759445,0.001963894574184935,0.001963894574184935,0.01,True,observed_95ci_scaled_by_sqrt_100_over_n
65536,131072,2400.0,500,2500,0.0013869586360599527,0.0012601900550269361,0.001902985826583982,0.001902985826583982,0.01,True,observed_95ci_scaled_by_sqrt_100_over_n
65536,131072,2400.0,1000,100,0.002526524221147958,0.0019325067519432107,0.0055903482175279325,0.0055903482175279325,0.01,True,observed_95ci_scaled_by_sqrt_100_over_n
65536,131072,2400.0,1000,150,0.002526524221147958,0.002041510988530941,0.005028126038756528,0.005028126038756528,0.01,True,observed_95ci_scaled_by_sqrt_100_over_n
65536,131072,2400.0,1000,200,0.002526524221147958,0.00210649044053001,0.004692974945350306,0.004692974945350306,0.01,True,observed_95ci_scaled_by_sqrt_100_over_n
65536,131072,2400.0,1000,300,0.002526524221147958,0.002183568075399257,0.004295423830207571,0.004295423830207571,0.01,True,observed_95ci_scaled_by_sqrt_100_over_n
65536,131072,2400.0,1000,400,0.002526524221147958,0.0022295154865455843,0.004058436219337946,0.004058436219337946,0.01,True,observed_95ci_scaled_by_sqrt_100_over_n
65536,131072,2400.0,1000,600,0.002526524221147958,0.0022840176048394495,0.003777325129952243,0.003777325129952243,0.01,True,observed_95ci_scaled_by_sqrt_100_over_n
65536,131072,2400.0,1000,800,0.002526524221147958,0.002316507330838984,0.003609749583249132,0.003609749583249132,0.01,True,observed_95ci_scaled_by_sqrt_100_over_n
65536,131072,2400.0,1000,1000,0.002526524221147958,0.002338679403886365,0.003495390438991978,0.003495390438991978,0.01,True,observed_95ci_scaled_by_sqrt_100_over_n
65536,131072,2400.0,1000,1500,0.002526524221147958,0.002373149570108874,0.0033176001753939775,0.0033176001753939775,0.01,True,observed_95ci_scaled_by_sqrt_100_over_n
65536,131072,2400.0,1000,2000,0.002526524221147958,0.002393697877051538,0.003211616093848027,0.003211616093848027,0.01,True,observed_95ci_scaled_by_sqrt_100_over_n
65536,131072,2400.0,1000,2500,0.002526524221147958,0.0024077207273070084,0.003139289020423953,0.003139289020423953,0.01,True,observed_95ci_scaled_by_sqrt_100_over_n
65536,131072,3000.0,250,100,0.001446054667052118,0.0002226551065101941,0.0042153282720397015,0.0042153282720397015,0.01,True,observed_95ci_scaled_by_sqrt_100_over_n
65536,131072,3000.0,250,150,0.001446054667052118,0.00044715310876115464,0.003707157097177878,0.003707157097177878,0.01,True,observed_95ci_scaled_by_sqrt_100_over_n
65536,131072,3000.0,250,200,0.001446054667052118,0.0005809805416922813,0.003404226812099755,0.003404226812099755,0.01,True,observed_95ci_scaled_by_sqrt_100_over_n
65536,131072,3000.0,250,300,0.001446054667052118,0.0007397246014467685,0.003044895528351425,0.003044895528351425,0.01,True,observed_95ci_scaled_by_sqrt_100_over_n
65536,131072,3000.0,250,400,0.001446054667052118,0.000834354886781156,0.0028306914695459097,0.0028306914695459097,0.01,True,observed_95ci_scaled_by_sqrt_100_over_n
65536,131072,3000.0,250,600,0.001446054667052118,0.0009466038879066363,0.0025766058821149983,0.0025766058821149983,0.01,True,observed_95ci_scaled_by_sqrt_100_over_n
65536,131072,3000.0,250,800,0.001446054667052118,0.0010135176043721997,0.002425140739575936,0.002425140739575936,0.01,True,observed_95ci_scaled_by_sqrt_100_over_n
65536,131072,3000.0,250,1000,0.001446054667052118,0.0010591817570759642,0.002321775872646737,0.002321775872646737,0.01,True,observed_95ci_scaled_by_sqrt_100_over_n
65536,131072,3000.0,250,1500,0.001446054667052118,0.0011301742588030283,0.0021610780372660304,0.0021610780372660304,0.01,True,observed_95ci_scaled_by_sqrt_100_over_n
65536,131072,3000.0,250,2000,0.001446054667052118,0.0011724942089506069,0.002065283069956932,0.002065283069956932,0.01,True,observed_95ci_scaled_by_sqrt_100_over_n
65536,131072,3000.0,250,2500,0.001446054667052118,0.0012013747549437332,0.0019999093880496348,0.0019999093880496348,0.01,True,observed_95ci_scaled_by_sqrt_100_over_n
65536,131072,3000.0,500,100,0.0019838913310733317,0.0010265591548974612,0.005073961526507423,0.005073961526507423,0.01,True,observed_95ci_scaled_by_sqrt_100_over_n
65536,131072,3000.0,500,150,0.0019838913310733317,0.001202232882413634,0.004506923080471938,0.004506923080471938,0.01,True,observed_95ci_scaled_by_sqrt_100_over_n
65536,131072,3000.0,500,200,0.0019838913310733317,0.001306955257451299,0.004168900920607218,0.004168900920607218,0.01,True,observed_95ci_scaled_by_sqrt_100_over_n
65536,131072,3000.0,500,300,0.0019838913310733317,0.0014311753414543026,0.0037679441902220435,0.0037679441902220435,0.01,True,observed_95ci_scaled_by_sqrt_100_over_n
65536,131072,3000.0,500,400,0.0019838913310733317,0.0015052252429853964,0.0035289264287903773,0.0035289264287903773,0.01,True,observed_95ci_scaled_by_sqrt_100_over_n
65536,131072,3000.0,500,600,0.0019838913310733317,0.0015930621067434829,0.0032454072057726347,0.0032454072057726347,0.01,True,observed_95ci_scaled_by_sqrt_100_over_n
65536,131072,3000.0,500,800,0.0019838913310733317,0.0016454232942623155,0.0030763961258402747,0.0030763961258402747,0.01,True,observed_95ci_scaled_by_sqrt_100_over_n
65536,131072,3000.0,500,1000,0.0019838913310733317,0.0016811563156651982,0.002961057325810668,0.002961057325810668,0.01,True,observed_95ci_scaled_by_sqrt_100_over_n
65536,131072,3000.0,500,1500,0.0019838913310733317,0.0017367092260654883,0.002781744024775207,0.002781744024775207,0.01,True,observed_95ci_scaled_by_sqrt_100_over_n
65536,131072,3000.0,500,2000,0.0019838913310733317,0.0017698253487756267,0.0026748520322970003,0.0026748520322970003,0.01,True,observed_95ci_scaled_by_sqrt_100_over_n
65536,131072,3000.0,500,2500,0.0019838913310733317,0.0017924248958381575,0.0026019053701601498,0.0026019053701601498,0.01,True,observed_95ci_scaled_by_sqrt_100_over_n
65536,131072,3000.0,1000,100,0.002885879218326854,0.0024357292936088865,0.0067646902181719495,0.0067646902181719495,0.01,True,observed_95ci_scaled_by_sqrt_100_over_n
65536,131072,3000.0,1000,150,0.002885879218326854,0.00251833334388976,0.006052915137765229,0.006052915137765229,0.01,True,observed_95ci_scaled_by_sqrt_100_over_n
65536,131072,3000.0,1000,200,0.002885879218326854,0.0025675751540081655,0.005628612779258293,0.005628612779258293,0.01,True,observed_95ci_scaled_by_sqrt_100_over_n
65536,131072,3000.0,1000,300,0.002885879218326854,0.0026259850381152457,0.005125311793223101,0.005125311793223101,0.01,True,observed_95ci_scaled_by_sqrt_100_over_n
65536,131072,3000.0,1000,400,0.002885879218326854,0.0026608042559678703,0.004825284718249402,0.004825284718249402,0.01,True,observed_95ci_scaled_by_sqrt_100_over_n
65536,131072,3000.0,1000,600,0.002885879218326854,0.0027021062811083073,0.004469397178046041,0.004469397178046041,0.01,True,observed_95ci_scaled_by_sqrt_100_over_n
65536,131072,3000.0,1000,800,0.002885879218326854,0.0027267271861675098,0.004257245998792574,0.004257245998792574,0.01,True,observed_95ci_scaled_by_sqrt_100_over_n
65536,131072,3000.0,1000,1000,0.002885879218326854,0.0027435293132606433,0.004112466955609406,0.004112466955609406,0.01,True,observed_95ci_scaled_by_sqrt_100_over_n
65536,131072,3000.0,1000,1500,0.002885879218326854,0.0027696510075449067,0.0038873839120259334,0.0038873839120259334,0.01,True,observed_95ci_scaled_by_sqrt_100_over_n
65536,131072,3000.0,1000,2000,0.002885879218326854,0.0027852226351532754,0.00375320772507961,0.00375320772507961,0.01,True,observed_95ci_scaled_by_sqrt_100_over_n
65536,131072,3000.0,1000,2500,0.002885879218326854,0.0027958492333832606,0.003661641418295873,0.003661641418295873,0.01,True,observed_95ci_scaled_by_sqrt_100_over_n
65536,131072,3600.0,250,100,0.00278663180214593,0.0008585321217453256,0.005472073937167624,0.005472073937167624,0.01,True,observed_95ci_scaled_by_sqrt_100_over_n
65536,131072,3600.0,250,150,0.00278663180214593,0.001212345005410995,0.004979286123670396,0.004979286123670396,0.01,True,observed_95ci_scaled_by_sqrt_100_over_n
65536,131072,3600.0,250,200,0.00278663180214593,0.0014232594433310475,0.00468552614630385,0.00468552614630385,0.01,True,observed_95ci_scaled_by_sqrt_100_over_n
65536,131072,3600.0,250,300,0.00278663180214593,0.0016734429326422096,0.004337072541693868,0.004337072541693868,0.01,True,observed_95ci_scaled_by_sqrt_100_over_n
65536,131072,3600.0,250,400,0.00278663180214593,0.0018225819619456277,0.0041293528696567765,0.0041293528696567765,0.01,True,observed_95ci_scaled_by_sqrt_100_over_n
65536,131072,3600.0,250,600,0.00278663180214593,0.0019994884037784627,0.0038829589629081626,0.0038829589629081626,0.01,True,observed_95ci_scaled_by_sqrt_100_over_n
65536,131072,3600.0,250,800,0.00278663180214593,0.002104945622738489,0.00373607897422489,0.00373607897422489,0.01,True,observed_95ci_scaled_by_sqrt_100_over_n
65536,131072,3600.0,250,1000,0.00278663180214593,0.0021769131475550675,0.003635843169271328,0.003635843169271328,0.01,True,observed_95ci_scaled_by_sqrt_100_over_n
65536,131072,3600.0,250,1500,0.00278663180214593,0.0022887986053446376,0.003480009979888777,0.003480009979888777,0.01,True,observed_95ci_scaled_by_sqrt_100_over_n
65536,131072,3600.0,250,2000,0.00278663180214593,0.002355495606868793,0.0033871149185009976,0.0033871149185009976,0.01,True,observed_95ci_scaled_by_sqrt_100_over_n
65536,131072,3600.0,250,2500,0.00278663180214593,0.002401011866065809,0.0033237202291502687,0.0033237202291502687,0.01,True,observed_95ci_scaled_by_sqrt_100_over_n
65536,131072,3600.0,500,100,0.002785992565845034,0.0016789182089287703,0.006228995103340736,0.006228995103340736,0.01,True,observed_95ci_scaled_by_sqrt_100_over_n
65536,131072,3600.0,500,150,0.002785992565845034,0.0018820701385901437,0.00559719236583576,0.00559719236583576,0.01,True,observed_95ci_scaled_by_sqrt_100_over_n
65536,131072,3600.0,500,200,0.002785992565845034,0.0020031727807918076,0.005220563007750735,0.005220563007750735,0.01,True,observed_95ci_scaled_by_sqrt_100_over_n
65536,131072,3600.0,500,300,0.002785992565845034,0.0021468228878664974,0.004773811007688742,0.004773811007688742,0.01,True,observed_95ci_scaled_by_sqrt_100_over_n
65536,131072,3600.0,500,400,0.002785992565845034,0.0022324553873869024,0.004507493834592886,0.004507493834592886,0.01,True,observed_95ci_scaled_by_sqrt_100_over_n
65536,131072,3600.0,500,600,0.002785992565845034,0.0023340313522175887,0.004191592465840397,0.004191592465840397,0.01,True,observed_95ci_scaled_by_sqrt_100_over_n
65536,131072,3600.0,500,800,0.002785992565845034,0.002394582673318421,0.004003277786797885,0.004003277786797885,0.01,True,observed_95ci_scaled_by_sqrt_100_over_n
65536,131072,3600.0,500,1000,0.002785992565845034,0.0024359049151428764,0.0038747655666676044,0.0038747655666676044,0.01,True,observed_95ci_scaled_by_sqrt_100_over_n
65536,131072,3600.0,500,1500,0.002785992565845034,0.0025001471960217026,0.003674971998423083,0.003674971998423083,0.01,True,observed_95ci_scaled_by_sqrt_100_over_n
65536,131072,3600.0,500,2000,0.002785992565845034,0.002538443214023871,0.0035558713378995,0.0035558713378995,0.01,True,observed_95ci_scaled_by_sqrt_100_over_n
65536,131072,3600.0,500,2500,0.002785992565845034,0.0025645776944617812,0.0034745930733441747,0.0034745930733441747,0.01,True,observed_95ci_scaled_by_sqrt_100_over_n
65536,131072,3600.0,1000,100,0.0037428316541062816,0.0030031174400049726,0.008101772341577655,0.008101772341577655,0.01,True,observed_95ci_scaled_by_sqrt_100_over_n
65536,131072,3600.0,1000,150,0.0037428316541062816,0.0031388575274289227,0.00730189182189341,0.00730189182189341,0.01,True,observed_95ci_scaled_by_sqrt_100_over_n
65536,131072,3600.0,1000,200,0.0037428316541062816,0.003219774717175168,0.0068250681730072415,0.0068250681730072415,0.01,True,observed_95ci_scaled_by_sqrt_100_over_n
65536,131072,3600.0,1000,300,0.0037428316541062816,0.0033157574534714985,0.006259467233399492,0.006259467233399492,0.01,True,observed_95ci_scaled_by_sqrt_100_over_n
65536,131072,3600.0,1000,400,0.0037428316541062816,0.0033729745470556273,0.005922301997841968,0.005922301997841968,0.01,True,observed_95ci_scaled_by_sqrt_100_over_n
65536,131072,3600.0,1000,600,0.0037428316541062816,0.003440844590767602,0.005522361737999845,0.005522361737999845,0.01,True,observed_95ci_scaled_by_sqrt_100_over_n
65536,131072,3600.0,1000,800,0.0037428316541062816,0.003481303185640725,0.005283949913556761,0.005283949913556761,0.01,True,observed_95ci_scaled_by_sqrt_100_over_n
65536,131072,3600.0,1000,1000,0.0037428316541062816,0.0035089134806901238,0.005121249729905254,0.005121249729905254,0.01,True,observed_95ci_scaled_by_sqrt_100_over_n
65536,131072,3600.0,1000,1500,0.0037428316541062816,0.00355183826529513,0.004868305300085117,0.004868305300085117,0.01,True,observed_95ci_scaled_by_sqrt_100_over_n
65536,131072,3600.0,1000,2000,0.0037428316541062816,0.0035774265274409454,0.0047175204228138475,0.0047175204228138475,0.01,True,observed_95ci_scaled_by_sqrt_100_over_n
65536,131072,3600.0,1000,2500,0.0037428316541062816,0.0035948888112860198,0.004614619791600556,0.004614619791600556,0.01,True,observed_95ci_scaled_by_sqrt_100_over_n
