ncell,member,seed,initial_domain_superdroplets,walltime_minutes,memory_gib
2,1,2026100101,240,10,2
2,2,2026100102,240,10,2
2,3,2026100103,240,10,2
2,4,2026100104,240,10,2
2,5,2026100105,240,10,2
2,6,2026100106,240,10,2
2,7,2026100107,240,10,2
2,8,2026100108,240,10,2
2,9,2026100109,240,10,2
2,10,2026100110,240,10,2
2,11,2026100111,240,10,2
2,12,2026100112,240,10,2
2,13,2026100113,240,10,2
2,14,2026100114,240,10,2
2,15,2026100115,240,10,2
2,16,2026100116,240,10,2
2,17,2026100117,240,10,2
2,18,2026100118,240,10,2
2,19,2026100119,240,10,2
2,20,2026100120,240,10,2
4,1,2026100201,480,10,2
4,2,2026100202,480,10,2
4,3,2026100203,480,10,2
4,4,2026100204,480,10,2
4,5,2026100205,480,10,2
4,6,2026100206,480,10,2
4,7,2026100207,480,10,2
4,8,2026100208,480,10,2
4,9,2026100209,480,10,2
4,10,2026100210,480,10,2
4,11,2026100211,480,10,2
4,12,2026100212,480,10,2
4,13,2026100213,480,10,2
4,14,2026100214,480,10,2
4,15,2026100215,480,10,2
4,16,2026100216,480,10,2
4,17,2026100217,480,10,2
4,18,2026100218,480,10,2
4,19,2026100219,480,10,2
4,20,2026100220,480,10,2
8,1,2026100301,960,10,2
8,2,2026100302,960,10,2
8,3,2026100303,960,10,2
8,4,2026100304,960,10,2
8,5,2026100305,960,10,2
8,6,2026100306,960,10,2
8,7,2026100307,960,10,2
8,8,2026100308,960,10,2
8,9,2026100309,960,10,2
8,10,2026100310,960,10,2
8,11,2026100311,960,10,2
8,12,2026100312,960,10,2
8,13,2026100313,960,10,2
8,14,2026100314,960,10,2
8,15,2026100315,960,10,2
8,16,2026100316,960,10,2
8,17,2026100317,960,10,2
8,18,2026100318,960,10,2
8,19,2026100319,960,10,2
8,20,2026100320,960,10,2
16,1,2026100401,1920,10,2
16,2,2026100402,1920,10,2
16,3,2026100403,1920,10,2
16,4,2026100404,1920,10,2
16,5,2026100405,1920,10,2
16,6,2026100406,1920,10,2
16,7,2026100407,1920,10,2
16,8,2026100408,1920,10,2
16,9,2026100409,1920,10,2
16,10,2026100410,1920,10,2
16,11,2026100411,1920,10,2
16,12,2026100412,1920,10,2
16,13,2026100413,1920,10,2
16,14,2026100414,1920,10,2
16,15,2026100415,1920,10,2
16,16,2026100416,1920,10,2
16,17,2026100417,1920,10,2
16,18,2026100418,1920,10,2
16,19,2026100419,1920,10,2
16,20,2026100420,1920,10,2
32,1,2026100501,3840,10,2
32,2,2026100502,3840,10,2
32,3,2026100503,3840,10,2
32,4,2026100504,3840,10,2
32,5,2026100505,3840,10,2
32,6,2026100506,3840,10,2
32,7,2026100507,3840,10,2
32,8,2026100508,3840,10,2
32,9,2026100509,3840,10,2
32,10,2026100510,3840,10,2
32,11,2026100511,3840,10,2
32,12,2026100512,3840,10,2
32,13,2026100513,3840,10,2
32,14,2026100514,3840,10,2
32,15,2026100515,3840,10,2
32,16,2026100516,3840,10,2
32,17,2026100517,3840,10,2
32,18,2026100518,3840,10,2
32,19,2026100519,3840,10,2
32,20,2026100520,3840,10,2
64,1,2026100601,7680,10,2
64,2,2026100602,7680,10,2
64,3,2026100603,7680,10,2
64,4,2026100604,7680,10,2
64,5,2026100605,7680,10,2
64,6,2026100606,7680,10,2
64,7,2026100607,7680,10,2
64,8,2026100608,7680,10,2
64,9,2026100609,7680,10,2
64,10,2026100610,7680,10,2
64,11,2026100611,7680,10,2
64,12,2026100612,7680,10,2
64,13,2026100613,7680,10,2
64,14,2026100614,7680,10,2
64,15,2026100615,7680,10,2
64,16,2026100616,7680,10,2
64,17,2026100617,7680,10,2
64,18,2026100618,7680,10,2
64,19,2026100619,7680,10,2
64,20,2026100620,7680,10,2
128,1,2026100701,15360,10,2
128,2,2026100702,15360,10,2
128,3,2026100703,15360,10,2
128,4,2026100704,15360,10,2
128,5,2026100705,15360,10,2
128,6,2026100706,15360,10,2
128,7,2026100707,15360,10,2
128,8,2026100708,15360,10,2
128,9,2026100709,15360,10,2
128,10,2026100710,15360,10,2
128,11,2026100711,15360,10,2
128,12,2026100712,15360,10,2
128,13,2026100713,15360,10,2
128,14,2026100714,15360,10,2
128,15,2026100715,15360,10,2
128,16,2026100716,15360,10,2
128,17,2026100717,15360,10,2
128,18,2026100718,15360,10,2
128,19,2026100719,15360,10,2
128,20,2026100720,15360,10,2
256,1,2026100801,30720,10,2
256,2,2026100802,30720,10,2
256,3,2026100803,30720,10,2
256,4,2026100804,30720,10,2
256,5,2026100805,30720,10,2
256,6,2026100806,30720,10,2
256,7,2026100807,30720,10,2
256,8,2026100808,30720,10,2
256,9,2026100809,30720,10,2
256,10,2026100810,30720,10,2
256,11,2026100811,30720,10,2
256,12,2026100812,30720,10,2
256,13,2026100813,30720,10,2
256,14,2026100814,30720,10,2
256,15,2026100815,30720,10,2
256,16,2026100816,30720,10,2
256,17,2026100817,30720,10,2
256,18,2026100818,30720,10,2
256,19,2026100819,30720,10,2
256,20,2026100820,30720,10,2
512,1,2026100901,61440,10,2
512,2,2026100902,61440,10,2
512,3,2026100903,61440,10,2
512,4,2026100904,61440,10,2
512,5,2026100905,61440,10,2
512,6,2026100906,61440,10,2
512,7,2026100907,61440,10,2
512,8,2026100908,61440,10,2
512,9,2026100909,61440,10,2
512,10,2026100910,61440,10,2
512,11,2026100911,61440,10,2
512,12,2026100912,61440,10,2
512,13,2026100913,61440,10,2
512,14,2026100914,61440,10,2
512,15,2026100915,61440,10,2
512,16,2026100916,61440,10,2
512,17,2026100917,61440,10,2
512,18,2026100918,61440,10,2
512,19,2026100919,61440,10,2
512,20,2026100920,61440,10,2
1024,1,2026101001,122880,12,2
1024,2,2026101002,122880,12,2
1024,3,2026101003,122880,12,2
1024,4,2026101004,122880,12,2
1024,5,2026101005,122880,12,2
1024,6,2026101006,122880,12,2
1024,7,2026101007,122880,12,2
1024,8,2026101008,122880,12,2
1024,9,2026101009,122880,12,2
1024,10,2026101010,122880,12,2
1024,11,2026101011,122880,12,2
1024,12,2026101012,122880,12,2
1024,13,2026101013,122880,12,2
1024,14,2026101014,122880,12,2
1024,15,2026101015,122880,12,2
1024,16,2026101016,122880,12,2
1024,17,2026101017,122880,12,2
1024,18,2026101018,122880,12,2
1024,19,2026101019,122880,12,2
1024,20,2026101020,122880,12,2
2048,1,2026101101,245760,15,2
2048,2,2026101102,245760,15,2
2048,3,2026101103,245760,15,2
2048,4,2026101104,245760,15,2
2048,5,2026101105,245760,15,2
2048,6,2026101106,245760,15,2
2048,7,2026101107,245760,15,2
2048,8,2026101108,245760,15,2
2048,9,2026101109,245760,15,2
2048,10,2026101110,245760,15,2
2048,11,2026101111,245760,15,2
2048,12,2026101112,245760,15,2
2048,13,2026101113,245760,15,2
2048,14,2026101114,245760,15,2
2048,15,2026101115,245760,15,2
2048,16,2026101116,245760,15,2
2048,17,2026101117,245760,15,2
2048,18,2026101118,245760,15,2
2048,19,2026101119,245760,15,2
2048,20,2026101120,245760,15,2
4096,1,2026101201,491520,20,2
4096,2,2026101202,491520,20,2
4096,3,2026101203,491520,20,2
4096,4,2026101204,491520,20,2
4096,5,2026101205,491520,20,2
4096,6,2026101206,491520,20,2
4096,7,2026101207,491520,20,2
4096,8,2026101208,491520,20,2
4096,9,2026101209,491520,20,2
4096,10,2026101210,491520,20,2
4096,11,2026101211,491520,20,2
4096,12,2026101212,491520,20,2
4096,13,2026101213,491520,20,2
4096,14,2026101214,491520,20,2
4096,15,2026101215,491520,20,2
4096,16,2026101216,491520,20,2
4096,17,2026101217,491520,20,2
4096,18,2026101218,491520,20,2
4096,19,2026101219,491520,20,2
4096,20,2026101220,491520,20,2
