max_superdroplets,time_s,metric,current_members,point_estimate,bootstrap_variance_of_estimate,per_member_variance_coefficient,projection_model
32768,600.0,ensemble_mean_l1,100,0.009294376486825308,9.698468147783953e-07,9.698468147783954e-05,variance_of_estimate_equals_coefficient_over_member_count
32768,600.0,golovin_relative_error_radius_moment_0_m3,100,0.0008866646248207821,6.005234548088912e-07,6.005234548088912e-05,variance_of_estimate_equals_coefficient_over_member_count
32768,600.0,golovin_relative_error_radius_moment_6_um6_m3,100,-0.0005666328514415253,3.444936465620741e-06,0.00034449364656207414,variance_of_estimate_equals_coefficient_over_member_count
32768,1200.0,ensemble_mean_l1,100,0.00892131888779304,8.76622957542607e-07,8.76622957542607e-05,variance_of_estimate_equals_coefficient_over_member_count
32768,1200.0,golovin_relative_error_radius_moment_0_m3,100,9.303736626780523e-05,9.079437025301735e-07,9.079437025301736e-05,variance_of_estimate_equals_coefficient_over_member_count
32768,1200.0,golovin_relative_error_radius_moment_6_um6_m3,100,0.0003563960070663441,7.37185951181727e-06,0.0007371859511817269,variance_of_estimate_equals_coefficient_over_member_count
32768,1800.0,ensemble_mean_l1,100,0.011259961927033418,7.250695414880459e-07,7.250695414880459e-05,variance_of_estimate_equals_coefficient_over_member_count
32768,1800.0,golovin_relative_error_radius_moment_0_m3,100,0.0006170149180966,1.1179692027897193e-06,0.00011179692027897194,variance_of_estimate_equals_coefficient_over_member_count
32768,1800.0,golovin_relative_error_radius_moment_6_um6_m3,100,-0.0009994198878655015,1.3468353974722549e-05,0.0013468353974722548,variance_of_estimate_equals_coefficient_over_member_count
32768,2400.0,ensemble_mean_l1,100,0.010739886022101542,9.381478190530182e-07,9.381478190530182e-05,variance_of_estimate_equals_coefficient_over_member_count
32768,2400.0,golovin_relative_error_radius_moment_0_m3,100,0.0005632371777972544,1.2201587608039205e-06,0.00012201587608039206,variance_of_estimate_equals_coefficient_over_member_count
32768,2400.0,golovin_relative_error_radius_moment_6_um6_m3,100,-0.0029943350709373882,1.6750235384150926e-05,0.0016750235384150926,variance_of_estimate_equals_coefficient_over_member_count
32768,3000.0,ensemble_mean_l1,100,0.012472006807493243,1.5319520921979895e-06,0.00015319520921979894,variance_of_estimate_equals_coefficient_over_member_count
32768,3000.0,golovin_relative_error_radius_moment_0_m3,100,0.00023911018612389977,1.1894454566241728e-06,0.00011894454566241727,variance_of_estimate_equals_coefficient_over_member_count
32768,3000.0,golovin_relative_error_radius_moment_6_um6_m3,100,-0.006778250298888222,2.575637275451225e-05,0.0025756372754512247,variance_of_estimate_equals_coefficient_over_member_count
32768,3600.0,ensemble_mean_l1,100,0.014248486720068669,2.083375228522298e-06,0.0002083375228522298,variance_of_estimate_equals_coefficient_over_member_count
32768,3600.0,golovin_relative_error_radius_moment_0_m3,100,0.0001377764401125481,1.2607590692514103e-06,0.00012607590692514104,variance_of_estimate_equals_coefficient_over_member_count
32768,3600.0,golovin_relative_error_radius_moment_6_um6_m3,100,-0.007841639495511848,4.166642911921449e-05,0.004166642911921449,variance_of_estimate_equals_coefficient_over_member_count
65536,600.0,ensemble_mean_l1,100,0.006019151139927062,4.281957590348227e-07,4.281957590348227e-05,variance_of_estimate_equals_coefficient_over_member_count
65536,600.0,golovin_relative_error_radius_moment_0_m3,100,-0.0003102140745708781,2.0003084328605296e-07,2.0003084328605298e-05,variance_of_estimate_equals_coefficient_over_member_count
65536,600.0,golovin_relative_error_radius_moment_6_um6_m3,100,-0.0021359445070887016,2.051800275396368e-06,0.00020518002753963681,variance_of_estimate_equals_coefficient_over_member_count
65536,1200.0,ensemble_mean_l1,100,0.007204346161711551,4.4723436866364405e-07,4.4723436866364405e-05,variance_of_estimate_equals_coefficient_over_member_count
65536,1200.0,golovin_relative_error_radius_moment_0_m3,100,-0.00016829472168030768,3.6263613698982373e-07,3.6263613698982374e-05,variance_of_estimate_equals_coefficient_over_member_count
65536,1200.0,golovin_relative_error_radius_moment_6_um6_m3,100,-0.002541858617251641,3.914919612913376e-06,0.0003914919612913376,variance_of_estimate_equals_coefficient_over_member_count
65536,1800.0,ensemble_mean_l1,100,0.01022979846994103,4.33607740541357e-07,4.33607740541357e-05,variance_of_estimate_equals_coefficient_over_member_count
65536,1800.0,golovin_relative_error_radius_moment_0_m3,100,-0.0006974590383142853,4.0963746460291177e-07,4.0963746460291176e-05,variance_of_estimate_equals_coefficient_over_member_count
65536,1800.0,golovin_relative_error_radius_moment_6_um6_m3,100,-0.0029212121998885374,5.328770126312484e-06,0.0005328770126312484,variance_of_estimate_equals_coefficient_over_member_count
65536,2400.0,ensemble_mean_l1,100,0.008654185558312521,5.03277915606222e-07,5.03277915606222e-05,variance_of_estimate_equals_coefficient_over_member_count
65536,2400.0,golovin_relative_error_radius_moment_0_m3,100,-0.000812743383218264,5.138087388018875e-07,5.1380873880188745e-05,variance_of_estimate_equals_coefficient_over_member_count
65536,2400.0,golovin_relative_error_radius_moment_6_um6_m3,100,-0.003803361689265714,8.144599521616628e-06,0.0008144599521616628,variance_of_estimate_equals_coefficient_over_member_count
65536,3000.0,ensemble_mean_l1,100,0.007762083981354202,7.654989199633565e-07,7.654989199633566e-05,variance_of_estimate_equals_coefficient_over_member_count
65536,3000.0,golovin_relative_error_radius_moment_0_m3,100,-0.001040449142966453,5.558409968109169e-07,5.558409968109169e-05,variance_of_estimate_equals_coefficient_over_member_count
65536,3000.0,golovin_relative_error_radius_moment_6_um6_m3,100,-0.004435763002215522,1.1361526804475223e-05,0.0011361526804475222,variance_of_estimate_equals_coefficient_over_member_count
65536,3600.0,ensemble_mean_l1,100,0.00982531963428725,8.348942258292162e-07,8.348942258292162e-05,variance_of_estimate_equals_coefficient_over_member_count
65536,3600.0,golovin_relative_error_radius_moment_0_m3,100,-0.0012849210847544535,5.814776256086826e-07,5.814776256086826e-05,variance_of_estimate_equals_coefficient_over_member_count
65536,3600.0,golovin_relative_error_radius_moment_6_um6_m3,100,-0.003122383453588584,1.8096795384043538e-05,0.0018096795384043539,variance_of_estimate_equals_coefficient_over_member_count
131072,600.0,ensemble_mean_l1,100,0.0039187725903963725,2.2231558639565967e-07,2.2231558639565967e-05,variance_of_estimate_equals_coefficient_over_member_count
131072,600.0,golovin_relative_error_radius_moment_0_m3,100,8.155013580061543e-05,1.5479170958186386e-07,1.5479170958186388e-05,variance_of_estimate_equals_coefficient_over_member_count
131072,600.0,golovin_relative_error_radius_moment_6_um6_m3,100,-0.0010348741722900124,1.0782494141530449e-06,0.00010782494141530449,variance_of_estimate_equals_coefficient_over_member_count
131072,1200.0,ensemble_mean_l1,100,0.004617315337386137,2.325457553697052e-07,2.325457553697052e-05,variance_of_estimate_equals_coefficient_over_member_count
131072,1200.0,golovin_relative_error_radius_moment_0_m3,100,-0.00023901142748986693,2.6947743616400407e-07,2.6947743616400408e-05,variance_of_estimate_equals_coefficient_over_member_count
131072,1200.0,golovin_relative_error_radius_moment_6_um6_m3,100,-0.0007234679170306646,2.4068056217243546e-06,0.00024068056217243545,variance_of_estimate_equals_coefficient_over_member_count
131072,1800.0,ensemble_mean_l1,100,0.008875301948060499,2.0335560673262496e-07,2.0335560673262494e-05,variance_of_estimate_equals_coefficient_over_member_count
131072,1800.0,golovin_relative_error_radius_moment_0_m3,100,-0.0005763945398533843,2.941267497666432e-07,2.941267497666432e-05,variance_of_estimate_equals_coefficient_over_member_count
131072,1800.0,golovin_relative_error_radius_moment_6_um6_m3,100,-0.0008139471980024315,2.9890924699602796e-06,0.00029890924699602794,variance_of_estimate_equals_coefficient_over_member_count
131072,2400.0,ensemble_mean_l1,100,0.0072672269222525685,2.0410401014121863e-07,2.0410401014121862e-05,variance_of_estimate_equals_coefficient_over_member_count
131072,2400.0,golovin_relative_error_radius_moment_0_m3,100,-0.0007640001765475423,3.2053383432800796e-07,3.2053383432800796e-05,variance_of_estimate_equals_coefficient_over_member_count
131072,2400.0,golovin_relative_error_radius_moment_6_um6_m3,100,-0.00193406438873027,4.207771752549047e-06,0.0004207771752549047,variance_of_estimate_equals_coefficient_over_member_count
131072,3000.0,ensemble_mean_l1,100,0.0057781926502808705,2.9553603985960317e-07,2.9553603985960316e-05,variance_of_estimate_equals_coefficient_over_member_count
131072,3000.0,golovin_relative_error_radius_moment_0_m3,100,-0.000832578099265201,3.3239224789028846e-07,3.323922478902885e-05,variance_of_estimate_equals_coefficient_over_member_count
131072,3000.0,golovin_relative_error_radius_moment_6_um6_m3,100,-3.328367781741615e-05,5.767095679173199e-06,0.00057670956791732,variance_of_estimate_equals_coefficient_over_member_count
131072,3600.0,ensemble_mean_l1,100,0.007039327068442216,5.001409788211839e-07,5.001409788211839e-05,variance_of_estimate_equals_coefficient_over_member_count
131072,3600.0,golovin_relative_error_radius_moment_0_m3,100,-0.0009300800241298302,3.477669205170383e-07,3.4776692051703826e-05,variance_of_estimate_equals_coefficient_over_member_count
131072,3600.0,golovin_relative_error_radius_moment_6_um6_m3,100,0.0013178598396983631,8.405396173291237e-06,0.0008405396173291236,variance_of_estimate_equals_coefficient_over_member_count
