ncell,initial_domain_sds,max_mass_dsd_tv_500_percent,max_lambda0_m3_symmetric_percent,max_lambda2_um2_m3_symmetric_percent,max_lambda3_um3_m3_symmetric_percent,max_lambda6_um6_m3_symmetric_percent,max_mass_weighted_terminal_speed_ms_symmetric_percent,max_mass_weighted_r90_um_symmetric_percent,max_total_droplet_mass_g_m3_symmetric_percent,max_mass_dsd_tv_250_percent,max_mass_dsd_tv_1000_percent
2,240,81.82867026517782,5.881731857832427,136.97808942287523,180.69703951945215,199.56668848647467,170.44048512043568,105.95645502389176,180.6871294891914,81.76267994826163,82.53817735318431
4,480,33.54327524720479,12.510029442146545,41.97176284058382,54.701346036928534,127.07881393897716,18.036308532900904,30.09700283691075,54.69208919207703,27.506570033351124,44.493137479548814
8,960,23.983556766629665,4.645830444462015,19.630505872005482,18.795641432133266,67.90169689850663,20.169484957874275,30.417067180009536,18.785565016896808,18.171015087664628,30.581852837907093
16,1920,15.263057511954736,4.824708370275584,9.94621441814373,8.499128222420394,45.41517600782157,17.550466417317068,24.090196075367245,8.499126975377088,11.987412467024587,22.277292422203736
32,3840,10.028893860560911,3.151213539269339,4.314566539917128,4.162850293878324,19.947705637486088,8.24552191686245,14.33049476146816,4.142764393726304,7.06323528019651,13.982255212802622
64,7680,6.93869639764944,1.4259769867125012,3.2633930630780394,2.85917914058819,23.826998584963444,9.16079393719594,13.279129498836314,2.859178547394263,5.470840272766586,10.258858055938223
128,15360,5.001069676262189,0.8721612733667845,2.0663439261997145,1.8217562879388078,9.127033118478531,4.726455864473982,7.623116140332845,1.8197810641783536,4.002741900828968,6.631578038635548
256,30720,3.6514183901319255,0.16664718744710164,0.8855578717587113,1.5714630304768844,6.346613706142551,2.3570544881290583,2.7714547346213285,1.5697778476305735,2.1748440853102804,5.008877798823412
512,61440,2.9113957658137584,0.3415445074188246,0.8946847305364839,0.8098046029886389,4.765284519599776,2.2777366693612353,4.765522239104286,0.8089221182253938,1.9132336098568972,3.720473785694947
1024,122880,1.4543964969274796,0.2450328911275929,0.4371834471047946,0.8870822718366418,2.8626698487334066,1.2643949577760283,2.1857897689924073,0.8829911180814874,1.1521202421361578,2.0812002395065266
2048,245760,1.8553654105815276,0.09755414640521778,0.29929712211981796,0.3772229454487797,2.5511499245282865,0.8680514851555289,2.058716742676053,0.3754928544985762,1.1271997577476827,2.1113096863450713
4096,491520,1.0346492082636114,0.08312563413477264,0.29284492991169425,0.5054348692693167,0.8290329715076558,0.39295724934574444,0.5723870000917898,0.5048888189722187,0.6648439573826985,1.486289962732937
8192,983040,0.0,0.0,0.0,0.0,0.0,0.0,0.0,0.0,0.0,0.0
