comparison,left_ncell,right_ncell,metric,point_percent,bootstrap_median_percent,bootstrap_upper95_percent,bootstrap_replicates
vs_4096_internal,512,4096,mass_dsd_tv_500,2.740204459685914,3.663040296763284,4.419590164950032,2000
vs_4096_internal,512,4096,lambda0_m3,0.3925067462157076,0.41402092555554654,0.6754706492084673,2000
vs_4096_internal,512,4096,lambda2_um2_m3,0.9570513040971003,1.0151951144541265,1.5988830149011575,2000
vs_4096_internal,512,4096,lambda3_um3_m3,0.7300367198380326,0.9695021696401191,1.6729734484235772,2000
vs_4096_internal,512,4096,lambda6_um6_m3,4.756165103453393,5.860498437204401,9.465184335158517,2000
vs_4096_internal,512,4096,mass_weighted_terminal_speed_ms,2.389412308556512,2.5255795238428016,4.214727368947637,2000
vs_4096_internal,512,4096,mass_weighted_r90_um,5.337545255575041,5.260468114899157,10.004777153117628,2000
vs_4096_internal,1024,4096,mass_dsd_tv_500,1.8563736145657084,2.680836398276781,3.3046566174963012,2000
vs_4096_internal,1024,4096,lambda0_m3,0.22508155923775147,0.271592765386487,0.43827267913661394,2000
vs_4096_internal,1024,4096,lambda2_um2_m3,0.7278948337241703,0.7875855692123256,1.295587361480189,2000
vs_4096_internal,1024,4096,lambda3_um3_m3,1.2941205664924273,1.4974164376848007,2.352395615464709,2000
vs_4096_internal,1024,4096,lambda6_um6_m3,3.1393358776535716,3.81036309338986,6.083421748338204,2000
vs_4096_internal,1024,4096,mass_weighted_terminal_speed_ms,1.37608093547225,1.6418338118084568,2.568971256928523,2000
vs_4096_internal,1024,4096,mass_weighted_r90_um,2.7580905016916124,2.824451946371429,5.791930457063273,2000
vs_4096_internal,2048,4096,mass_dsd_tv_500,2.0276826563837167,2.456909880702579,2.95942647030941,2000
vs_4096_internal,2048,4096,lambda0_m3,0.17575874830784494,0.21410107473805445,0.33601826645695637,2000
vs_4096_internal,2048,4096,lambda2_um2_m3,0.4289894291579325,0.5086895485139459,0.7530572083632323,2000
vs_4096_internal,2048,4096,lambda3_um3_m3,0.7586874120145676,0.8024841799007727,1.5192830955863303,2000
vs_4096_internal,2048,4096,lambda6_um6_m3,2.55036198155821,3.0599929671708272,5.075302909976967,2000
vs_4096_internal,2048,4096,mass_weighted_terminal_speed_ms,0.9933116483201977,1.2900524342803985,1.9463405591751586,2000
vs_4096_internal,2048,4096,mass_weighted_r90_um,2.631026233872887,2.6515845300484076,4.938735847188823,2000
adjacent_doubling,256,512,mass_dsd_tv_500,4.482117798844505,6.027189997945843,7.277621616136918,2000
adjacent_doubling,256,512,lambda0_m3,0.2791535977177998,0.4414211921007005,0.7654509993994688,2000
adjacent_doubling,256,512,lambda2_um2_m3,1.3255141361780145,1.4447647494794702,2.3186538525177984,2000
adjacent_doubling,256,512,lambda3_um3_m3,2.381191877155875,2.5223622368555985,4.4692568384115,2000
adjacent_doubling,256,512,lambda6_um6_m3,6.112849005038507,7.801603068808232,12.653222257182767,2000
adjacent_doubling,256,512,mass_weighted_terminal_speed_ms,2.1118946626326096,2.6566799769837584,5.056363898658685,2000
adjacent_doubling,256,512,mass_weighted_r90_um,2.39663806996314,3.420631444369839,8.701666480399675,2000
adjacent_doubling,512,1024,mass_dsd_tv_500,3.0315143621573717,4.177620503746837,5.057745221412271,2000
adjacent_doubling,512,1024,lambda0_m3,0.21393561030959696,0.30291672339059816,0.5321493461519573,2000
adjacent_doubling,512,1024,lambda2_um2_m3,0.8750172105715064,1.0230054958111743,1.6183327473664697,2000
adjacent_doubling,512,1024,lambda3_um3_m3,1.5984776739178377,1.7903868692885294,3.1961343085898983,2000
adjacent_doubling,512,1024,lambda6_um6_m3,3.642929724758764,5.292115048858375,8.744619205540582,2000
adjacent_doubling,512,1024,mass_weighted_terminal_speed_ms,1.7136493435035707,2.069121614521128,3.9759349754741757,2000
adjacent_doubling,512,1024,mass_weighted_r90_um,2.5804044351502795,2.8464190378541927,7.603403649174236,2000
adjacent_doubling,1024,2048,mass_dsd_tv_500,2.340299002902755,3.0718219769990553,3.826280832540935,2000
adjacent_doubling,1024,2048,lambda0_m3,0.2957231228307286,0.3120173120481613,0.5143568278431546,2000
adjacent_doubling,1024,2048,lambda2_um2_m3,0.4059100292892994,0.573410154731478,0.9981014853427431,2000
adjacent_doubling,1024,2048,lambda3_um3_m3,0.7315807221417348,0.8737450233967194,1.8349033343783299,2000
adjacent_doubling,1024,2048,lambda6_um6_m3,1.4560344600537514,2.8816795548413725,4.963745309330625,2000
adjacent_doubling,1024,2048,mass_weighted_terminal_speed_ms,0.6053965281411025,1.0563903358265998,1.8330599713512323,2000
adjacent_doubling,1024,2048,mass_weighted_r90_um,0.6830077923614896,1.4902383011350266,3.8642772108424976,2000
adjacent_doubling,2048,4096,mass_dsd_tv_500,2.0276826563837167,2.462725516855529,2.9912906560252592,2000
adjacent_doubling,2048,4096,lambda0_m3,0.17575874830784494,0.21125727764218366,0.33723712861846344,2000
adjacent_doubling,2048,4096,lambda2_um2_m3,0.4289894291579325,0.5043016307446015,0.7461621774463839,2000
adjacent_doubling,2048,4096,lambda3_um3_m3,0.7586874120145676,0.8189599894291626,1.5625395633749397,2000
adjacent_doubling,2048,4096,lambda6_um6_m3,2.55036198155821,3.0524409998631956,5.117748498933476,2000
adjacent_doubling,2048,4096,mass_weighted_terminal_speed_ms,0.9933116483201977,1.256934967381787,1.9589775503223013,2000
adjacent_doubling,2048,4096,mass_weighted_r90_um,2.631026233872887,2.6307510358937343,4.790649109344954,2000
