lower_ensemble_size,upper_ensemble_size,max_superdroplets,time_s,metric,lower_estimate,upper_estimate,absolute_point_change,maximum_allowed_point_change,point_stability_pass
80,100,16384,600.0,ensemble_mean_l1,0.013996165912941953,0.012978005772051575,0.001018160140890378,0.01,True
80,100,16384,600.0,golovin_relative_error_radius_moment_0_m3,7.920883968840914e-05,-0.0007968204323567285,0.0008760292720451377,0.01,True
80,100,16384,600.0,golovin_relative_error_radius_moment_6_um6_m3,0.005245413189520284,0.0062275302372416285,0.0009821170477213445,0.01,True
80,100,16384,1200.0,ensemble_mean_l1,0.01332392273660793,0.012409113380922578,0.0009148093556853518,0.01,True
80,100,16384,1200.0,golovin_relative_error_radius_moment_0_m3,0.0018936166857684747,7.617933693271351e-07,0.0018928548923991474,0.01,True
80,100,16384,1200.0,golovin_relative_error_radius_moment_6_um6_m3,0.0014635700762343413,0.00449356784004098,0.0030299977638066386,0.01,True
80,100,16384,1800.0,ensemble_mean_l1,0.017846575570254,0.017018045603016944,0.0008285299672370558,0.01,True
80,100,16384,1800.0,golovin_relative_error_radius_moment_0_m3,0.00261029200591644,0.0005079218349481351,0.0021023701709683047,0.01,True
80,100,16384,1800.0,golovin_relative_error_radius_moment_6_um6_m3,-0.0018581374912274393,0.002132683605922602,0.003990821097150041,0.01,True
80,100,16384,2400.0,ensemble_mean_l1,0.01664073736140169,0.015674728003110327,0.0009660093582913622,0.01,True
80,100,16384,2400.0,golovin_relative_error_radius_moment_0_m3,0.0010813505479903799,-0.0007673189508647094,0.0018486694988550892,0.01,True
80,100,16384,2400.0,golovin_relative_error_radius_moment_6_um6_m3,0.003045721554381277,0.0036349686273946936,0.0005892470730134167,0.01,True
80,100,16384,3000.0,ensemble_mean_l1,0.020719731736884836,0.018262908252486405,0.0024568234843984314,0.01,True
80,100,16384,3000.0,golovin_relative_error_radius_moment_0_m3,0.0011047504013067338,-0.0006312053664861328,0.0017359557677928666,0.01,True
80,100,16384,3000.0,golovin_relative_error_radius_moment_6_um6_m3,0.0016583611455679146,0.0003669763494485867,0.001291384796119328,0.01,True
80,100,16384,3600.0,ensemble_mean_l1,0.021956238210383075,0.019371566829203414,0.002584671381179661,0.01,True
80,100,16384,3600.0,golovin_relative_error_radius_moment_0_m3,0.0009260262634648339,-0.0007455878494025003,0.001671614112867334,0.01,True
80,100,16384,3600.0,golovin_relative_error_radius_moment_6_um6_m3,0.010303264313007912,0.008875670145944843,0.001427594167063069,0.01,True
80,100,32768,600.0,ensemble_mean_l1,0.010128357663277916,0.009294376486825308,0.0008339811764526087,0.01,True
80,100,32768,600.0,golovin_relative_error_radius_moment_0_m3,0.0014699674349003503,0.0008866646248207821,0.0005833028100795682,0.01,True
80,100,32768,600.0,golovin_relative_error_radius_moment_6_um6_m3,-0.0006820055715212895,-0.0005666328514415253,0.00011537272007976413,0.01,True
80,100,32768,1200.0,ensemble_mean_l1,0.010779519362130788,0.00892131888779304,0.0018582004743377487,0.01,True
80,100,32768,1200.0,golovin_relative_error_radius_moment_0_m3,0.0005769341536542557,9.303736626780523e-05,0.0004838967873864505,0.01,True
80,100,32768,1200.0,golovin_relative_error_radius_moment_6_um6_m3,0.00035676289099039057,0.0003563960070663441,3.668839240464415e-07,0.01,True
80,100,32768,1800.0,ensemble_mean_l1,0.01209544340367446,0.011259961927033418,0.0008354814766410416,0.01,True
80,100,32768,1800.0,golovin_relative_error_radius_moment_0_m3,0.0011185569629749107,0.0006170149180966,0.0005015420448783107,0.01,True
80,100,32768,1800.0,golovin_relative_error_radius_moment_6_um6_m3,0.0014826278605643826,-0.0009994198878655015,0.0024820477484298843,0.01,True
80,100,32768,2400.0,ensemble_mean_l1,0.011768730510380188,0.010739886022101542,0.001028844488278646,0.01,True
80,100,32768,2400.0,golovin_relative_error_radius_moment_0_m3,0.0010873111184731513,0.0005632371777972544,0.0005240739406758969,0.01,True
80,100,32768,2400.0,golovin_relative_error_radius_moment_6_um6_m3,-0.000980492347139783,-0.0029943350709373882,0.0020138427237976052,0.01,True
80,100,32768,3000.0,ensemble_mean_l1,0.013338337308167069,0.012472006807493243,0.0008663305006738255,0.01,True
80,100,32768,3000.0,golovin_relative_error_radius_moment_0_m3,0.0007439475761341297,0.00023911018612389977,0.0005048373900102299,0.01,True
80,100,32768,3000.0,golovin_relative_error_radius_moment_6_um6_m3,-0.003908999611298945,-0.006778250298888222,0.0028692506875892766,0.01,True
80,100,32768,3600.0,ensemble_mean_l1,0.015401656184357649,0.014248486720068669,0.0011531694642889796,0.01,True
80,100,32768,3600.0,golovin_relative_error_radius_moment_0_m3,0.000592270674812713,0.0001377764401125481,0.00045449423470016485,0.01,True
80,100,32768,3600.0,golovin_relative_error_radius_moment_6_um6_m3,-0.00559325354935942,-0.007841639495511848,0.0022483859461524276,0.01,True
80,100,65536,600.0,ensemble_mean_l1,0.006454271558132132,0.006019151139927062,0.0004351204182050702,0.01,True
80,100,65536,600.0,golovin_relative_error_radius_moment_0_m3,-0.0005293401247998292,-0.0003102140745708781,0.0002191260502289511,0.01,True
80,100,65536,600.0,golovin_relative_error_radius_moment_6_um6_m3,-0.0029134331538023723,-0.0021359445070887016,0.0007774886467136707,0.01,True
80,100,65536,1200.0,ensemble_mean_l1,0.007578152414909739,0.007204346161711551,0.0003738062531981881,0.01,True
80,100,65536,1200.0,golovin_relative_error_radius_moment_0_m3,-0.0001474540357575202,-0.00016829472168030768,2.084068592278748e-05,0.01,True
80,100,65536,1200.0,golovin_relative_error_radius_moment_6_um6_m3,-0.0034023822993637875,-0.002541858617251641,0.0008605236821121465,0.01,True
80,100,65536,1800.0,ensemble_mean_l1,0.01066980942340354,0.01022979846994103,0.0004400109534625097,0.01,True
80,100,65536,1800.0,golovin_relative_error_radius_moment_0_m3,-0.0007306855920555424,-0.0006974590383142853,3.322655374125708e-05,0.01,True
80,100,65536,1800.0,golovin_relative_error_radius_moment_6_um6_m3,-0.0036182566849304472,-0.0029212121998885374,0.0006970444850419098,0.01,True
80,100,65536,2400.0,ensemble_mean_l1,0.00962733027527705,0.008654185558312521,0.0009731447169645281,0.01,True
80,100,65536,2400.0,golovin_relative_error_radius_moment_0_m3,-0.0009883480637174035,-0.000812743383218264,0.00017560468049913956,0.01,True
80,100,65536,2400.0,golovin_relative_error_radius_moment_6_um6_m3,-0.005243534786473693,-0.003803361689265714,0.001440173097207979,0.01,True
80,100,65536,3000.0,ensemble_mean_l1,0.009123707843057603,0.007762083981354202,0.0013616238617034006,0.01,True
80,100,65536,3000.0,golovin_relative_error_radius_moment_0_m3,-0.001115074388202096,-0.001040449142966453,7.462524523564303e-05,0.01,True
80,100,65536,3000.0,golovin_relative_error_radius_moment_6_um6_m3,-0.004802201611894269,-0.004435763002215522,0.0003664386096787469,0.01,True
80,100,65536,3600.0,ensemble_mean_l1,0.010445352261212277,0.00982531963428725,0.000620032626925027,0.01,True
80,100,65536,3600.0,golovin_relative_error_radius_moment_0_m3,-0.0013930295977548648,-0.0012849210847544535,0.00010810851300041124,0.01,True
80,100,65536,3600.0,golovin_relative_error_radius_moment_6_um6_m3,-0.005388367181719593,-0.003122383453588584,0.002265983728131009,0.01,True
80,100,131072,600.0,ensemble_mean_l1,0.004668191660158407,0.0039187725903963725,0.0007494190697620341,0.01,True
80,100,131072,600.0,golovin_relative_error_radius_moment_0_m3,-0.00019225215018226494,8.155013580061543e-05,0.00027380228598288035,0.01,True
80,100,131072,600.0,golovin_relative_error_radius_moment_6_um6_m3,-0.0006851764275954797,-0.0010348741722900124,0.00034969774469453276,0.01,True
80,100,131072,1200.0,ensemble_mean_l1,0.005277126291022572,0.004617315337386137,0.0006598109536364357,0.01,True
80,100,131072,1200.0,golovin_relative_error_radius_moment_0_m3,-0.000658806446627258,-0.00023901142748986693,0.0004197950191373911,0.01,True
80,100,131072,1200.0,golovin_relative_error_radius_moment_6_um6_m3,-0.0001079295090158694,-0.0007234679170306646,0.0006155384080147952,0.01,True
80,100,131072,1800.0,ensemble_mean_l1,0.009476962713521867,0.008875301948060499,0.0006016607654613683,0.01,True
80,100,131072,1800.0,golovin_relative_error_radius_moment_0_m3,-0.000956986963131351,-0.0005763945398533843,0.00038059242327796673,0.01,True
80,100,131072,1800.0,golovin_relative_error_radius_moment_6_um6_m3,-0.0009651329443954026,-0.0008139471980024315,0.00015118574639297116,0.01,True
80,100,131072,2400.0,ensemble_mean_l1,0.007775755049900672,0.0072672269222525685,0.0005085281276481033,0.01,True
80,100,131072,2400.0,golovin_relative_error_radius_moment_0_m3,-0.0011306514510927997,-0.0007640001765475423,0.00036665127454525736,0.01,True
80,100,131072,2400.0,golovin_relative_error_radius_moment_6_um6_m3,-0.0006516842844744866,-0.00193406438873027,0.0012823801042557833,0.01,True
80,100,131072,3000.0,ensemble_mean_l1,0.006626132802522743,0.0057781926502808705,0.0008479401522418729,0.01,True
80,100,131072,3000.0,golovin_relative_error_radius_moment_0_m3,-0.001148201699313478,-0.000832578099265201,0.0003156236000482769,0.01,True
80,100,131072,3000.0,golovin_relative_error_radius_moment_6_um6_m3,0.0009291513767899301,-3.328367781741615e-05,0.0009624350546073463,0.01,True
80,100,131072,3600.0,ensemble_mean_l1,0.008101521031838872,0.007039327068442216,0.0010621939633966562,0.01,True
80,100,131072,3600.0,golovin_relative_error_radius_moment_0_m3,-0.0011919073519351467,-0.0009300800241298302,0.0002618273278053165,0.01,True
80,100,131072,3600.0,golovin_relative_error_radius_moment_6_um6_m3,0.0023312185688093997,0.0013178598396983631,0.0010133587291110365,0.01,True
