ensemble_size,log_radius_bins,lower_max_superdroplets,upper_max_superdroplets,time_s,metric,lower_estimate,upper_estimate,absolute_change,one_sided_95_upper_bound,minimum_worthwhile_improvement,diminishing_returns_pass
20,500,16384,32768,600.0,ensemble_mean_l1,0.02788534044391911,0.017791176036171915,0.010094164407747196,0.021514077825388216,0.01,False
20,500,16384,32768,600.0,golovin_relative_error_radius_moment_0_m3,-0.0016980714585637991,0.004120746603922665,0.005818818062486464,0.010253216635835472,0.01,False
20,500,16384,32768,600.0,golovin_relative_error_radius_moment_6_um6_m3,0.011137999698716778,-0.006249651788358679,0.017387651487075457,0.031009602958180633,0.01,False
20,500,16384,32768,1200.0,ensemble_mean_l1,0.028242000987031196,0.022110066856561562,0.006131934130469634,0.018333279399938555,0.01,False
20,500,16384,32768,1200.0,golovin_relative_error_radius_moment_0_m3,4.973893213970904e-05,0.005506650283773035,0.005456911351633326,0.010356222133504891,0.01,False
20,500,16384,32768,1200.0,golovin_relative_error_radius_moment_6_um6_m3,0.00913808733337892,-0.008154710699426453,0.017292798032805375,0.03338269152448421,0.01,False
20,500,16384,32768,1800.0,ensemble_mean_l1,0.03155396773878848,0.020573787324963615,0.010980180413824862,0.021717103086318294,0.01,False
20,500,16384,32768,1800.0,golovin_relative_error_radius_moment_0_m3,0.0008262901453005844,0.005788519216994625,0.004962229071694041,0.01002158683710233,0.01,False
20,500,16384,32768,1800.0,golovin_relative_error_radius_moment_6_um6_m3,0.006990036820511325,-0.010455978535755407,0.017446015356266734,0.03270985773977798,0.01,False
20,500,16384,32768,2400.0,ensemble_mean_l1,0.0344863286226925,0.023673284314514546,0.010813044308177953,0.022244381440846984,0.01,False
20,500,16384,32768,2400.0,golovin_relative_error_radius_moment_0_m3,0.002275100562056609,0.005348988601915111,0.0030738880398585022,0.008434353775628874,0.01,True
20,500,16384,32768,2400.0,golovin_relative_error_radius_moment_6_um6_m3,0.017542969384019648,-0.01708198169061858,0.03462495107463823,0.052731107550704696,0.01,False
20,500,16384,32768,3000.0,ensemble_mean_l1,0.03545005608095932,0.02587512359397602,0.009574932486983302,0.02407154195347883,0.01,False
20,500,16384,32768,3000.0,golovin_relative_error_radius_moment_0_m3,0.0020826480551750016,0.005212508810153088,0.0031298607549780865,0.008192584986590881,0.01,True
20,500,16384,32768,3000.0,golovin_relative_error_radius_moment_6_um6_m3,0.010842356984772478,-0.021102755641974925,0.0319451126267474,0.05648372844023136,0.01,False
20,500,16384,32768,3600.0,ensemble_mean_l1,0.048430419728127845,0.033594504908495755,0.01483591481963209,0.03273497069002471,0.01,False
20,500,16384,32768,3600.0,golovin_relative_error_radius_moment_0_m3,0.0012281065574815953,0.004961649184126915,0.00373354262664532,0.008838891311296811,0.01,True
20,500,16384,32768,3600.0,golovin_relative_error_radius_moment_6_um6_m3,0.021241990935645223,-0.025789082467483494,0.04703107340312872,0.07814514823575018,0.01,False
20,500,32768,65536,600.0,ensemble_mean_l1,0.017791176036171915,0.014790018483626408,0.0030011575525455067,0.011887490480497422,0.01,False
20,500,32768,65536,600.0,golovin_relative_error_radius_moment_0_m3,0.004120746603922665,-0.00012082182359480775,0.004241568427517473,0.00730780819073349,0.01,True
20,500,32768,65536,600.0,golovin_relative_error_radius_moment_6_um6_m3,-0.006249651788358679,-0.00879902608403793,0.002549374295679252,0.009458729072216777,0.01,True
20,500,32768,65536,1200.0,ensemble_mean_l1,0.022110066856561562,0.015439881567231842,0.00667018528932972,0.01451850379494325,0.01,False
20,500,32768,65536,1200.0,golovin_relative_error_radius_moment_0_m3,0.005506650283773035,0.0007022455858009035,0.0048044046979721314,0.00837597329407762,0.01,True
20,500,32768,65536,1200.0,golovin_relative_error_radius_moment_6_um6_m3,-0.008154710699426453,-0.011985894268747022,0.0038311835693205683,0.013812711159807095,0.01,False
20,500,32768,65536,1800.0,ensemble_mean_l1,0.020573787324963615,0.015732883754886077,0.004840903570077538,0.013691782513114257,0.01,False
20,500,32768,65536,1800.0,golovin_relative_error_radius_moment_0_m3,0.005788519216994625,0.0002665952602252497,0.005521923956769375,0.008970400052553382,0.01,True
20,500,32768,65536,1800.0,golovin_relative_error_radius_moment_6_um6_m3,-0.010455978535755407,-0.011335754575533524,0.0008797760397781171,0.014004301832295644,0.01,False
20,500,32768,65536,2400.0,ensemble_mean_l1,0.023673284314514546,0.015482574039799498,0.008190710274715048,0.015775820057415364,0.01,False
20,500,32768,65536,2400.0,golovin_relative_error_radius_moment_0_m3,0.005348988601915111,0.0004378929768459716,0.0049110956250691395,0.008939784175599748,0.01,True
20,500,32768,65536,2400.0,golovin_relative_error_radius_moment_6_um6_m3,-0.01708198169061858,-0.009370040612728652,0.007711941077889927,0.020910089009772388,0.01,False
20,500,32768,65536,3000.0,ensemble_mean_l1,0.02587512359397602,0.018695372722797407,0.007179750871178614,0.018010019138880458,0.01,False
20,500,32768,65536,3000.0,golovin_relative_error_radius_moment_0_m3,0.005212508810153088,0.00031786419953184765,0.00489464461062124,0.008828900338514465,0.01,True
20,500,32768,65536,3000.0,golovin_relative_error_radius_moment_6_um6_m3,-0.021102755641974925,-0.015414851272041213,0.005687904369933713,0.023854490159618026,0.01,False
20,500,32768,65536,3600.0,ensemble_mean_l1,0.033594504908495755,0.025899632364166158,0.007694872544329597,0.019937658820208082,0.01,False
20,500,32768,65536,3600.0,golovin_relative_error_radius_moment_0_m3,0.004961649184126915,0.00026541859965769634,0.004696230584469219,0.008481724238567124,0.01,True
20,500,32768,65536,3600.0,golovin_relative_error_radius_moment_6_um6_m3,-0.025789082467483494,-0.012215387792915621,0.013573694674567873,0.03729197319272303,0.01,False
20,500,65536,131072,600.0,ensemble_mean_l1,0.014790018483626408,0.00991585535721378,0.004874163126412628,0.010310567272838203,0.01,False
20,500,65536,131072,600.0,golovin_relative_error_radius_moment_0_m3,-0.00012082182359480775,-0.0017009886388151042,0.0015801668152202965,0.003510658570981219,0.01,True
20,500,65536,131072,600.0,golovin_relative_error_radius_moment_6_um6_m3,-0.00879902608403793,-0.0003031067598845971,0.008495919324153334,0.013113907192750702,0.01,False
20,500,65536,131072,1200.0,ensemble_mean_l1,0.015439881567231842,0.010630172452279403,0.004809709114952439,0.010177294933985502,0.01,False
20,500,65536,131072,1200.0,golovin_relative_error_radius_moment_0_m3,0.0007022455858009035,-0.001858518422175165,0.0025607640079760687,0.00562394462943249,0.01,True
20,500,65536,131072,1200.0,golovin_relative_error_radius_moment_6_um6_m3,-0.011985894268747022,0.003354468040031805,0.015340362308778827,0.022542546350644743,0.01,False
20,500,65536,131072,1800.0,ensemble_mean_l1,0.015732883754886077,0.012784943798967736,0.002947939955918341,0.008702438039294456,0.01,True
20,500,65536,131072,1800.0,golovin_relative_error_radius_moment_0_m3,0.0002665952602252497,-0.0024365237353094426,0.0027031189955346925,0.006082248953258286,0.01,True
20,500,65536,131072,1800.0,golovin_relative_error_radius_moment_6_um6_m3,-0.011335754575533524,0.002993386018853289,0.014329140594386813,0.023101863883160677,0.01,False
20,500,65536,131072,2400.0,ensemble_mean_l1,0.015482574039799498,0.010989144608916424,0.004493429430883074,0.010318674471929098,0.01,False
20,500,65536,131072,2400.0,golovin_relative_error_radius_moment_0_m3,0.0004378929768459716,-0.0028082090180211127,0.0032461019948670845,0.006991609909117691,0.01,True
20,500,65536,131072,2400.0,golovin_relative_error_radius_moment_6_um6_m3,-0.009370040612728652,0.005998483637280061,0.015368524250008713,0.025863134535196123,0.01,False
20,500,65536,131072,3000.0,ensemble_mean_l1,0.018695372722797407,0.012563987552315905,0.006131385170481502,0.013357871472735807,0.01,False
20,500,65536,131072,3000.0,golovin_relative_error_radius_moment_0_m3,0.00031786419953184765,-0.0027387905549159154,0.003056654754447763,0.006854323326909269,0.01,True
20,500,65536,131072,3000.0,golovin_relative_error_radius_moment_6_um6_m3,-0.015414851272041213,0.005526325415075889,0.0209411766871171,0.033142662538754794,0.01,False
20,500,65536,131072,3600.0,ensemble_mean_l1,0.025899632364166158,0.014588204922945342,0.011311427441220816,0.018178358024851543,0.01,False
20,500,65536,131072,3600.0,golovin_relative_error_radius_moment_0_m3,0.00026541859965769634,-0.0028224296324300346,0.003087848232087731,0.006753781401311516,0.01,True
20,500,65536,131072,3600.0,golovin_relative_error_radius_moment_6_um6_m3,-0.012215387792915621,0.0002656038155979867,0.012480991608513608,0.02974857380270656,0.01,False
40,500,16384,32768,600.0,ensemble_mean_l1,0.0203070549330251,0.013143174918709477,0.0071638800143156225,0.014215692488296263,0.01,False
40,500,16384,32768,600.0,golovin_relative_error_radius_moment_0_m3,0.0012818269839093787,0.0023126102735409187,0.00103078328963154,0.004067572420561912,0.01,True
40,500,16384,32768,600.0,golovin_relative_error_radius_moment_6_um6_m3,0.007387742979863212,-0.005961521724115621,0.013349264703978833,0.02229790686520847,0.01,False
40,500,16384,32768,1200.0,ensemble_mean_l1,0.021337508334690006,0.015408653281421242,0.005928855053268765,0.013256520165326467,0.01,False
40,500,16384,32768,1200.0,golovin_relative_error_radius_moment_0_m3,0.0024466386577396996,0.0026887332704738586,0.00024209461273415897,0.004122356177983926,0.01,True
40,500,16384,32768,1200.0,golovin_relative_error_radius_moment_6_um6_m3,0.006092859315079685,-0.00739538720665594,0.013488246521735626,0.025191498175036842,0.01,False
40,500,16384,32768,1800.0,ensemble_mean_l1,0.024590395866536007,0.017445218810517363,0.007145177056018644,0.014542887600674802,0.01,False
40,500,16384,32768,1800.0,golovin_relative_error_radius_moment_0_m3,0.003625600748910726,0.0031314312473334077,0.0004941695015773183,0.0047104835957730296,0.01,True
40,500,16384,32768,1800.0,golovin_relative_error_radius_moment_6_um6_m3,0.00455616609512371,-0.0076978164751835745,0.012253982570307284,0.026439058225468697,0.01,False
40,500,16384,32768,2400.0,ensemble_mean_l1,0.02253590416223944,0.016687649455753767,0.005848254706485673,0.013830308115226614,0.01,False
40,500,16384,32768,2400.0,golovin_relative_error_radius_moment_0_m3,0.0024365235315886883,0.003287625477014311,0.0008511019454256227,0.004974316989448456,0.01,True
40,500,16384,32768,2400.0,golovin_relative_error_radius_moment_6_um6_m3,0.01387818662891534,-0.015528022884931676,0.029406209513847016,0.04536028914877123,0.01,False
40,500,16384,32768,3000.0,ensemble_mean_l1,0.0280867466976071,0.020573627886877614,0.007513118810729486,0.017135165266406918,0.01,False
40,500,16384,32768,3000.0,golovin_relative_error_radius_moment_0_m3,0.002433035895467911,0.0029930667947293934,0.0005600308992614825,0.0047651495696238045,0.01,True
40,500,16384,32768,3000.0,golovin_relative_error_radius_moment_6_um6_m3,0.010470064613104551,-0.02249307971873487,0.03296314433183942,0.05198011471077559,0.01,False
40,500,16384,32768,3600.0,ensemble_mean_l1,0.034674979658225684,0.02383215109816364,0.010842828560062044,0.021449242165285855,0.01,False
40,500,16384,32768,3600.0,golovin_relative_error_radius_moment_0_m3,0.001555890687796474,0.002430675947166705,0.0008747852593702311,0.005137272924684466,0.01,True
40,500,16384,32768,3600.0,golovin_relative_error_radius_moment_6_um6_m3,0.012175448720790388,-0.020379346144741295,0.032554794865531686,0.056338748576247495,0.01,False
40,500,32768,65536,600.0,ensemble_mean_l1,0.013143174918709477,0.0109188977529697,0.0022242771657397763,0.00844662820644285,0.01,True
40,500,32768,65536,600.0,golovin_relative_error_radius_moment_0_m3,0.0023126102735409187,-0.0007844888775560444,0.003097099151096963,0.00511530482757441,0.01,True
40,500,32768,65536,600.0,golovin_relative_error_radius_moment_6_um6_m3,-0.005961521724115621,-0.002423054231127575,0.003538467492988046,0.009231901631894699,0.01,True
40,500,32768,65536,1200.0,ensemble_mean_l1,0.015408653281421242,0.011308372396029734,0.004100280885391508,0.009636539808588458,0.01,True
40,500,32768,65536,1200.0,golovin_relative_error_radius_moment_0_m3,0.0026887332704738586,-0.0005276838825100827,0.0032164171529839415,0.00576764470647259,0.01,True
40,500,32768,65536,1200.0,golovin_relative_error_radius_moment_6_um6_m3,-0.00739538720665594,-0.0031429873798204722,0.004252399826835469,0.012250151216521768,0.01,False
40,500,32768,65536,1800.0,ensemble_mean_l1,0.017445218810517363,0.013318040029272863,0.0041271787812445,0.00873502982906536,0.01,True
40,500,32768,65536,1800.0,golovin_relative_error_radius_moment_0_m3,0.0031314312473334077,-0.0008297851358353952,0.003961216383168803,0.0065898768345968705,0.01,True
40,500,32768,65536,1800.0,golovin_relative_error_radius_moment_6_um6_m3,-0.0076978164751835745,-0.004456462608265701,0.003241353866917873,0.013143851948033119,0.01,False
40,500,32768,65536,2400.0,ensemble_mean_l1,0.016687649455753767,0.013315589434888144,0.003372060020865623,0.009265218224629663,0.01,True
40,500,32768,65536,2400.0,golovin_relative_error_radius_moment_0_m3,0.003287625477014311,-0.0012572038444840171,0.004544829321498328,0.007518838652522349,0.01,True
40,500,32768,65536,2400.0,golovin_relative_error_radius_moment_6_um6_m3,-0.015528022884931676,-0.004130766921260518,0.011397255963671159,0.02202425472760049,0.01,False
40,500,32768,65536,3000.0,ensemble_mean_l1,0.020573627886877614,0.012169296137586983,0.00840433174929063,0.014181168015369526,0.01,False
40,500,32768,65536,3000.0,golovin_relative_error_radius_moment_0_m3,0.0029930667947293934,-0.0013957646983148025,0.004388831493044196,0.007201026022856186,0.01,True
40,500,32768,65536,3000.0,golovin_relative_error_radius_moment_6_um6_m3,-0.02249307971873487,-0.004597095733328746,0.017895983985406122,0.032895649215448526,0.01,False
40,500,32768,65536,3600.0,ensemble_mean_l1,0.02383215109816364,0.01666897247630448,0.007163178621859161,0.015427344760464201,0.01,False
40,500,32768,65536,3600.0,golovin_relative_error_radius_moment_0_m3,0.002430675947166705,-0.001492409089088706,0.003923085036255411,0.006808547490648712,0.01,True
40,500,32768,65536,3600.0,golovin_relative_error_radius_moment_6_um6_m3,-0.020379346144741295,-0.0058871201685512745,0.01449222597619002,0.03437065138588285,0.01,False
40,500,65536,131072,600.0,ensemble_mean_l1,0.0109188977529697,0.007550314240090322,0.0033685835128793784,0.0071146055021707,0.01,True
40,500,65536,131072,600.0,golovin_relative_error_radius_moment_0_m3,-0.0007844888775560444,-0.000838534907063615,5.4046029507570626e-05,0.001809150573926544,0.01,True
40,500,65536,131072,600.0,golovin_relative_error_radius_moment_6_um6_m3,-0.002423054231127575,-0.002612763008946406,0.00018970877781883085,0.005350999796494134,0.01,True
40,500,65536,131072,1200.0,ensemble_mean_l1,0.011308372396029734,0.007944900208762123,0.0033634721872676104,0.006730924809125946,0.01,True
40,500,65536,131072,1200.0,golovin_relative_error_radius_moment_0_m3,-0.0005276838825100827,-0.0010440192489345134,0.0005163353664244307,0.0025962631142785286,0.01,True
40,500,65536,131072,1200.0,golovin_relative_error_radius_moment_6_um6_m3,-0.0031429873798204722,-0.000848585388253395,0.0022944019915670773,0.008578182464704215,0.01,True
40,500,65536,131072,1800.0,ensemble_mean_l1,0.013318040029272863,0.010864042604661393,0.0024539974246114704,0.006151022632780035,0.01,True
40,500,65536,131072,1800.0,golovin_relative_error_radius_moment_0_m3,-0.0008297851358353952,-0.0014571029240750156,0.0006273177882396203,0.002982246510091679,0.01,True
40,500,65536,131072,1800.0,golovin_relative_error_radius_moment_6_um6_m3,-0.004456462608265701,-0.0009986904152228166,0.0034577721930428846,0.009877991456362617,0.01,True
40,500,65536,131072,2400.0,ensemble_mean_l1,0.013315589434888144,0.008577370609506635,0.004738218825381509,0.00796466261610939,0.01,True
40,500,65536,131072,2400.0,golovin_relative_error_radius_moment_0_m3,-0.0012572038444840171,-0.0016214434934580801,0.000364239648974063,0.003022370596713099,0.01,True
40,500,65536,131072,2400.0,golovin_relative_error_radius_moment_6_um6_m3,-0.004130766921260518,0.00042746685560737243,0.00455823377686789,0.013401402249937083,0.01,False
40,500,65536,131072,3000.0,ensemble_mean_l1,0.012169296137586983,0.009442594667348689,0.0027267014702382943,0.007802920504241425,0.01,True
40,500,65536,131072,3000.0,golovin_relative_error_radius_moment_0_m3,-0.0013957646983148025,-0.001545183544624168,0.00014941884630936537,0.003025602231643384,0.01,True
40,500,65536,131072,3000.0,golovin_relative_error_radius_moment_6_um6_m3,-0.004597095733328746,0.002091031774921012,0.006688127508249758,0.01822658910651281,0.01,False
40,500,65536,131072,3600.0,ensemble_mean_l1,0.01666897247630448,0.010773490429269904,0.005895482047034575,0.0106000620198121,0.01,False
40,500,65536,131072,3600.0,golovin_relative_error_radius_moment_0_m3,-0.001492409089088706,-0.0017153367578280787,0.00022292766873937284,0.003006010697012584,0.01,True
40,500,65536,131072,3600.0,golovin_relative_error_radius_moment_6_um6_m3,-0.0058871201685512745,0.003696609287049779,0.009583729455601053,0.023182686763384582,0.01,False
60,500,16384,32768,600.0,ensemble_mean_l1,0.015357123814282978,0.011618154438270708,0.00373896937601227,0.00965691716093515,0.01,True
60,500,16384,32768,600.0,golovin_relative_error_radius_moment_0_m3,0.0008836374905085838,0.00127196668114156,0.0003883291906329763,0.0031670315551451263,0.01,True
60,500,16384,32768,600.0,golovin_relative_error_radius_moment_6_um6_m3,0.004635439140311933,-0.00161327161021488,0.006248710750526813,0.013610228506796329,0.01,False
60,500,16384,32768,1200.0,ensemble_mean_l1,0.015203351432022385,0.013095067433889353,0.002108283998133032,0.009049523819853291,0.01,True
60,500,16384,32768,1200.0,golovin_relative_error_radius_moment_0_m3,0.0024249284298865138,0.0010933157222703881,0.0013316127076161257,0.0044981961823252845,0.01,True
60,500,16384,32768,1200.0,golovin_relative_error_radius_moment_6_um6_m3,0.0019223256073192954,-0.0015398865870567546,0.00346221219437605,0.014111591459462185,0.01,False
60,500,16384,32768,1800.0,ensemble_mean_l1,0.02036861576949495,0.01402906162926328,0.006339554140231671,0.011691059809112338,0.01,False
60,500,16384,32768,1800.0,golovin_relative_error_radius_moment_0_m3,0.002654678794098956,0.001507440115043185,0.0011472386790557711,0.0046115925549844155,0.01,True
60,500,16384,32768,1800.0,golovin_relative_error_radius_moment_6_um6_m3,0.001477493200031745,-0.0017575764535436244,0.0032350696535753693,0.01581918941184676,0.01,False
60,500,16384,32768,2400.0,ensemble_mean_l1,0.01961663740152843,0.013285364923726149,0.006331272477802283,0.011993505148126627,0.01,False
60,500,16384,32768,2400.0,golovin_relative_error_radius_moment_0_m3,0.0012559144814095018,0.0017245140873109763,0.0004685996059014745,0.004372524212086177,0.01,True
60,500,16384,32768,2400.0,golovin_relative_error_radius_moment_6_um6_m3,0.007358779539745136,-0.006704257972288143,0.014063037512033279,0.027287122213646688,0.01,False
60,500,16384,32768,3000.0,ensemble_mean_l1,0.02235357674711393,0.014921093267332854,0.007432483479781076,0.014737709754045496,0.01,False
60,500,16384,32768,3000.0,golovin_relative_error_radius_moment_0_m3,0.0014223614477663978,0.0015510871144314006,0.00012872566666500282,0.004291430801936302,0.01,True
60,500,16384,32768,3000.0,golovin_relative_error_radius_moment_6_um6_m3,0.0012647990620637004,-0.011527533909663846,0.012792332971727546,0.028721103708589126,0.01,False
60,500,16384,32768,3600.0,ensemble_mean_l1,0.026471115275496285,0.01987914508200903,0.0065919701934872565,0.015075125091570777,0.01,False
60,500,16384,32768,3600.0,golovin_relative_error_radius_moment_0_m3,0.001233730769103227,0.0011528015976281355,8.092917147509149e-05,0.004415368496806598,0.01,True
60,500,16384,32768,3600.0,golovin_relative_error_radius_moment_6_um6_m3,0.007246517391309029,-0.011039623968247252,0.01828614135955628,0.038712967980245844,0.01,False
60,500,32768,65536,600.0,ensemble_mean_l1,0.011618154438270708,0.008315278869523823,0.003302875568746885,0.007613080509480142,0.01,True
60,500,32768,65536,600.0,golovin_relative_error_radius_moment_0_m3,0.00127196668114156,-0.0003073149654494104,0.0015792816465909705,0.0033111479777301616,0.01,True
60,500,32768,65536,600.0,golovin_relative_error_radius_moment_6_um6_m3,-0.00161327161021488,-0.003204579054287691,0.001591307444072811,0.00680947066863446,0.01,True
60,500,32768,65536,1200.0,ensemble_mean_l1,0.013095067433889353,0.008844250065525397,0.004250817368363956,0.008329105176600186,0.01,True
60,500,32768,65536,1200.0,golovin_relative_error_radius_moment_0_m3,0.0010933157222703881,-0.00012602858071302975,0.001219344302983418,0.003403903873566693,0.01,True
60,500,32768,65536,1200.0,golovin_relative_error_radius_moment_6_um6_m3,-0.0015398865870567546,-0.0051380497084184485,0.003598163121361694,0.011045047846342282,0.01,False
60,500,32768,65536,1800.0,ensemble_mean_l1,0.01402906162926328,0.011455162308425198,0.002573899320838081,0.006895125293141599,0.01,True
60,500,32768,65536,1800.0,golovin_relative_error_radius_moment_0_m3,0.001507440115043185,-0.0005900125234390985,0.002097452638482283,0.004373833466491995,0.01,True
60,500,32768,65536,1800.0,golovin_relative_error_radius_moment_6_um6_m3,-0.0017575764535436244,-0.00653418387421202,0.004776607420668396,0.014164481344815258,0.01,False
60,500,32768,65536,2400.0,ensemble_mean_l1,0.013285364923726149,0.011184939962752686,0.0021004249609734623,0.006909087650977503,0.01,True
60,500,32768,65536,2400.0,golovin_relative_error_radius_moment_0_m3,0.0017245140873109763,-0.000745672799492845,0.0024701868868038214,0.004956166544545653,0.01,True
60,500,32768,65536,2400.0,golovin_relative_error_radius_moment_6_um6_m3,-0.006704257972288143,-0.006901514140327554,0.0001972561680394112,0.01258345138354951,0.01,False
60,500,32768,65536,3000.0,ensemble_mean_l1,0.014921093267332854,0.011707737921822002,0.003213355345510852,0.009162092206677819,0.01,True
60,500,32768,65536,3000.0,golovin_relative_error_radius_moment_0_m3,0.0015510871144314006,-0.0007188941917639802,0.0022699813061953806,0.004710361020060949,0.01,True
60,500,32768,65536,3000.0,golovin_relative_error_radius_moment_6_um6_m3,-0.011527533909663846,-0.004898841039207874,0.0066286928704559715,0.019623736613278223,0.01,False
60,500,32768,65536,3600.0,ensemble_mean_l1,0.01987914508200903,0.013253129742344497,0.006626015339664532,0.012560978325738398,0.01,False
60,500,32768,65536,3600.0,golovin_relative_error_radius_moment_0_m3,0.0011528015976281355,-0.0008962174258742258,0.0020490190235023615,0.0045351939960865525,0.01,True
60,500,32768,65536,3600.0,golovin_relative_error_radius_moment_6_um6_m3,-0.011039623968247252,-0.004177020168322367,0.006862603799924884,0.023311691837443506,0.01,False
60,500,65536,131072,600.0,ensemble_mean_l1,0.008315278869523823,0.005409802659599748,0.0029054762099240752,0.005807517785984301,0.01,True
60,500,65536,131072,600.0,golovin_relative_error_radius_moment_0_m3,-0.0003073149654494104,-0.0006687205642848563,0.0003614055988354459,0.0015590505429661174,0.01,True
60,500,65536,131072,600.0,golovin_relative_error_radius_moment_6_um6_m3,-0.003204579054287691,-0.0010802279297083643,0.002124351124579327,0.005820372813027241,0.01,True
60,500,65536,131072,1200.0,ensemble_mean_l1,0.008844250065525397,0.006065312526733922,0.0027789375387914754,0.005525478108233045,0.01,True
60,500,65536,131072,1200.0,golovin_relative_error_radius_moment_0_m3,-0.00012602858071302975,-0.0010257817516953704,0.0008997531709823406,0.0024901997161363063,0.01,True
60,500,65536,131072,1200.0,golovin_relative_error_radius_moment_6_um6_m3,-0.0051380497084184485,0.00048573321333870897,0.0056237829217571575,0.011180302878108445,0.01,False
60,500,65536,131072,1800.0,ensemble_mean_l1,0.011455162308425198,0.010180411570186083,0.0012747507382391155,0.004024898405681562,0.01,True
60,500,65536,131072,1800.0,golovin_relative_error_radius_moment_0_m3,-0.0005900125234390985,-0.0012249545695620571,0.0006349420461229586,0.002352471904552002,0.01,True
60,500,65536,131072,1800.0,golovin_relative_error_radius_moment_6_um6_m3,-0.00653418387421202,-0.0003099532608837626,0.006224230613328258,0.012166768568588676,0.01,False
60,500,65536,131072,2400.0,ensemble_mean_l1,0.011184939962752686,0.00795349635506417,0.0032314436076885163,0.0060009106155018924,0.01,True
60,500,65536,131072,2400.0,golovin_relative_error_radius_moment_0_m3,-0.000745672799492845,-0.0013933302382331666,0.0006476574387403216,0.002525969570290646,0.01,True
60,500,65536,131072,2400.0,golovin_relative_error_radius_moment_6_um6_m3,-0.006901514140327554,0.0008720085126411129,0.007773522652968668,0.015309662816879923,0.01,False
60,500,65536,131072,3000.0,ensemble_mean_l1,0.011707737921822002,0.007712058395787535,0.003995679526034467,0.007227670883212048,0.01,True
60,500,65536,131072,3000.0,golovin_relative_error_radius_moment_0_m3,-0.0007188941917639802,-0.0014219990788193174,0.0007031048870553371,0.0026592370267855257,0.01,True
60,500,65536,131072,3000.0,golovin_relative_error_radius_moment_6_um6_m3,-0.004898841039207874,0.0015326708501756103,0.006431511889383484,0.015575007465739836,0.01,False
60,500,65536,131072,3600.0,ensemble_mean_l1,0.013253129742344497,0.00987184945513563,0.0033812802872088665,0.007615698148330157,0.01,True
60,500,65536,131072,3600.0,golovin_relative_error_radius_moment_0_m3,-0.0008962174258742258,-0.0014430473762184425,0.0005468299503442167,0.002570037635926803,0.01,True
60,500,65536,131072,3600.0,golovin_relative_error_radius_moment_6_um6_m3,-0.004177020168322367,0.002637322366050959,0.006814342534373326,0.017702764288855796,0.01,False
80,500,16384,32768,600.0,ensemble_mean_l1,0.013996165912941953,0.010128357663277916,0.0038678082496640363,0.008743419805266911,0.01,True
80,500,16384,32768,600.0,golovin_relative_error_radius_moment_0_m3,7.920883968840914e-05,0.0014699674349003503,0.0013907585952119411,0.0037092475459778685,0.01,True
80,500,16384,32768,600.0,golovin_relative_error_radius_moment_6_um6_m3,0.005245413189520284,-0.0006820055715212895,0.005927418761041574,0.012196171268705718,0.01,False
80,500,16384,32768,1200.0,ensemble_mean_l1,0.01332392273660793,0.010779519362130788,0.002544403374477141,0.008056696268467103,0.01,True
80,500,16384,32768,1200.0,golovin_relative_error_radius_moment_0_m3,0.0018936166857684747,0.0005769341536542557,0.001316682532114219,0.004136203671135887,0.01,True
80,500,16384,32768,1200.0,golovin_relative_error_radius_moment_6_um6_m3,0.0014635700762343413,0.00035676289099039057,0.0011068071852439508,0.01060409558773735,0.01,False
80,500,16384,32768,1800.0,ensemble_mean_l1,0.017846575570254,0.01209544340367446,0.005751132166579541,0.009742771949420763,0.01,True
80,500,16384,32768,1800.0,golovin_relative_error_radius_moment_0_m3,0.00261029200591644,0.0011185569629749107,0.0014917350429415291,0.004538366022388203,0.01,True
80,500,16384,32768,1800.0,golovin_relative_error_radius_moment_6_um6_m3,-0.0018581374912274393,0.0014826278605643826,0.003340765351791822,0.014459372063814799,0.01,False
80,500,16384,32768,2400.0,ensemble_mean_l1,0.01664073736140169,0.011768730510380188,0.0048720068510215014,0.009847415160216838,0.01,True
80,500,16384,32768,2400.0,golovin_relative_error_radius_moment_0_m3,0.0010813505479903799,0.0010873111184731513,5.960570482771432e-06,0.0038892270508012923,0.01,True
80,500,16384,32768,2400.0,golovin_relative_error_radius_moment_6_um6_m3,0.003045721554381277,-0.000980492347139783,0.00402621390152106,0.01615923156541375,0.01,False
80,500,16384,32768,3000.0,ensemble_mean_l1,0.020719731736884836,0.013338337308167069,0.007381394428717767,0.013342678733256891,0.01,False
80,500,16384,32768,3000.0,golovin_relative_error_radius_moment_0_m3,0.0011047504013067338,0.0007439475761341297,0.0003608028251726041,0.003933223675418949,0.01,True
80,500,16384,32768,3000.0,golovin_relative_error_radius_moment_6_um6_m3,0.0016583611455679146,-0.003908999611298945,0.0055673607568668595,0.02043655906024689,0.01,False
80,500,16384,32768,3600.0,ensemble_mean_l1,0.021956238210383075,0.015401656184357649,0.006554582026025426,0.014060528111650164,0.01,False
80,500,16384,32768,3600.0,golovin_relative_error_radius_moment_0_m3,0.0009260262634648339,0.000592270674812713,0.0003337555886521209,0.0040113431788092796,0.01,True
80,500,16384,32768,3600.0,golovin_relative_error_radius_moment_6_um6_m3,0.010303264313007912,-0.00559325354935942,0.015896517862367333,0.03464171233008122,0.01,False
80,500,32768,65536,600.0,ensemble_mean_l1,0.010128357663277916,0.006454271558132132,0.0036740861051457845,0.0067848384802456805,0.01,True
80,500,32768,65536,600.0,golovin_relative_error_radius_moment_0_m3,0.0014699674349003503,-0.0005293401247998292,0.0019993075597001795,0.0036064661752297535,0.01,True
80,500,32768,65536,600.0,golovin_relative_error_radius_moment_6_um6_m3,-0.0006820055715212895,-0.0029134331538023723,0.002231427582281083,0.006742569488343299,0.01,True
80,500,32768,65536,1200.0,ensemble_mean_l1,0.010779519362130788,0.007578152414909739,0.0032013669472210496,0.006557671524811144,0.01,True
80,500,32768,65536,1200.0,golovin_relative_error_radius_moment_0_m3,0.0005769341536542557,-0.0001474540357575202,0.0007243881894117759,0.0028154365392225747,0.01,True
80,500,32768,65536,1200.0,golovin_relative_error_radius_moment_6_um6_m3,0.00035676289099039057,-0.0034023822993637875,0.003759145190354178,0.009975891536784453,0.01,True
80,500,32768,65536,1800.0,ensemble_mean_l1,0.01209544340367446,0.01066980942340354,0.001425633980270919,0.005457134144575808,0.01,True
80,500,32768,65536,1800.0,golovin_relative_error_radius_moment_0_m3,0.0011185569629749107,-0.0007306855920555424,0.001849242555030453,0.004096145638153626,0.01,True
80,500,32768,65536,1800.0,golovin_relative_error_radius_moment_6_um6_m3,0.0014826278605643826,-0.0036182566849304472,0.00510088454549483,0.013366406860629232,0.01,False
80,500,32768,65536,2400.0,ensemble_mean_l1,0.011768730510380188,0.00962733027527705,0.0021414002351031382,0.006163275261073164,0.01,True
80,500,32768,65536,2400.0,golovin_relative_error_radius_moment_0_m3,0.0010873111184731513,-0.0009883480637174035,0.002075659182190555,0.004471234215034949,0.01,True
80,500,32768,65536,2400.0,golovin_relative_error_radius_moment_6_um6_m3,-0.000980492347139783,-0.005243534786473693,0.004263042439333909,0.013809007104560055,0.01,False
80,500,32768,65536,3000.0,ensemble_mean_l1,0.013338337308167069,0.009123707843057603,0.004214629465109466,0.008565391516483327,0.01,True
80,500,32768,65536,3000.0,golovin_relative_error_radius_moment_0_m3,0.0007439475761341297,-0.001115074388202096,0.0018590219643362257,0.004255671327275519,0.01,True
80,500,32768,65536,3000.0,golovin_relative_error_radius_moment_6_um6_m3,-0.003908999611298945,-0.004802201611894269,0.0008932020005953233,0.013777432843329244,0.01,False
80,500,32768,65536,3600.0,ensemble_mean_l1,0.015401656184357649,0.010445352261212277,0.004956303923145371,0.010070050347328155,0.01,False
80,500,32768,65536,3600.0,golovin_relative_error_radius_moment_0_m3,0.000592270674812713,-0.0013930295977548648,0.0019853002725675776,0.004371460387049702,0.01,True
80,500,32768,65536,3600.0,golovin_relative_error_radius_moment_6_um6_m3,-0.00559325354935942,-0.005388367181719593,0.00020488636763982705,0.016935739293868806,0.01,False
80,500,65536,131072,600.0,ensemble_mean_l1,0.006454271558132132,0.004668191660158407,0.0017860798979737252,0.004471344668112523,0.01,True
80,500,65536,131072,600.0,golovin_relative_error_radius_moment_0_m3,-0.0005293401247998292,-0.00019225215018226494,0.0003370879746175643,0.0013952827729791033,0.01,True
80,500,65536,131072,600.0,golovin_relative_error_radius_moment_6_um6_m3,-0.0029134331538023723,-0.0006851764275954797,0.002228256726206893,0.005453778583789658,0.01,True
80,500,65536,131072,1200.0,ensemble_mean_l1,0.007578152414909739,0.005277126291022572,0.0023010261238871664,0.004708646927381488,0.01,True
80,500,65536,131072,1200.0,golovin_relative_error_radius_moment_0_m3,-0.0001474540357575202,-0.000658806446627258,0.0005113524108697378,0.0019572160464423503,0.01,True
80,500,65536,131072,1200.0,golovin_relative_error_radius_moment_6_um6_m3,-0.0034023822993637875,-0.0001079295090158694,0.003294452790347918,0.007981055938149031,0.01,True
80,500,65536,131072,1800.0,ensemble_mean_l1,0.01066980942340354,0.009476962713521867,0.0011928467098816734,0.0034710946907279285,0.01,True
80,500,65536,131072,1800.0,golovin_relative_error_radius_moment_0_m3,-0.0007306855920555424,-0.000956986963131351,0.00022630137107580858,0.0018928238268928466,0.01,True
80,500,65536,131072,1800.0,golovin_relative_error_radius_moment_6_um6_m3,-0.0036182566849304472,-0.0009651329443954026,0.0026531237405350446,0.007811161074325984,0.01,True
80,500,65536,131072,2400.0,ensemble_mean_l1,0.00962733027527705,0.007775755049900672,0.0018515752253763776,0.004419148976576329,0.01,True
80,500,65536,131072,2400.0,golovin_relative_error_radius_moment_0_m3,-0.0009883480637174035,-0.0011306514510927997,0.00014230338737539617,0.0019840199748530295,0.01,True
80,500,65536,131072,2400.0,golovin_relative_error_radius_moment_6_um6_m3,-0.005243534786473693,-0.0006516842844744866,0.004591850501999206,0.011046069718539997,0.01,False
80,500,65536,131072,3000.0,ensemble_mean_l1,0.009123707843057603,0.006626132802522743,0.0024975750405348595,0.005452840779023505,0.01,True
80,500,65536,131072,3000.0,golovin_relative_error_radius_moment_0_m3,-0.001115074388202096,-0.001148201699313478,3.3127311111381865e-05,0.002053918867335987,0.01,True
80,500,65536,131072,3000.0,golovin_relative_error_radius_moment_6_um6_m3,-0.004802201611894269,0.0009291513767899301,0.005731352988684199,0.013536693761484673,0.01,False
80,500,65536,131072,3600.0,ensemble_mean_l1,0.010445352261212277,0.008101521031838872,0.002343831229373405,0.006362929463693411,0.01,True
80,500,65536,131072,3600.0,golovin_relative_error_radius_moment_0_m3,-0.0013930295977548648,-0.0011919073519351467,0.00020112224581971807,0.0021436388399092964,0.01,True
80,500,65536,131072,3600.0,golovin_relative_error_radius_moment_6_um6_m3,-0.005388367181719593,0.0023312185688093997,0.007719585750528992,0.017045540545986212,0.01,False
100,500,16384,32768,600.0,ensemble_mean_l1,0.012978005772051575,0.009294376486825308,0.003683629285226267,0.008028810274250424,0.01,True
100,500,16384,32768,600.0,golovin_relative_error_radius_moment_0_m3,-0.0007968204323567285,0.0008866646248207821,0.0016834850571775107,0.0037550913366793635,0.01,True
100,500,16384,32768,600.0,golovin_relative_error_radius_moment_6_um6_m3,0.0062275302372416285,-0.0005666328514415253,0.0067941630886831535,0.012162343139238925,0.01,False
100,500,16384,32768,1200.0,ensemble_mean_l1,0.012409113380922578,0.00892131888779304,0.003487794493129538,0.00801748924618016,0.01,True
100,500,16384,32768,1200.0,golovin_relative_error_radius_moment_0_m3,7.617933693271351e-07,9.303736626780523e-05,9.22755728984781e-05,0.003025350938426513,0.01,True
100,500,16384,32768,1200.0,golovin_relative_error_radius_moment_6_um6_m3,0.00449356784004098,0.0003563960070663441,0.004137171832974636,0.01167533104734156,0.01,False
100,500,16384,32768,1800.0,ensemble_mean_l1,0.017018045603016944,0.011259961927033418,0.005758083675983527,0.009464804558026665,0.01,True
100,500,16384,32768,1800.0,golovin_relative_error_radius_moment_0_m3,0.0005079218349481351,0.0006170149180966,0.00010909308314846489,0.003406876697811457,0.01,True
100,500,16384,32768,1800.0,golovin_relative_error_radius_moment_6_um6_m3,0.002132683605922602,-0.0009994198878655015,0.003132103493788103,0.012604406139947994,0.01,False
100,500,16384,32768,2400.0,ensemble_mean_l1,0.015674728003110327,0.010739886022101542,0.004934841981008785,0.00913337270773006,0.01,True
100,500,16384,32768,2400.0,golovin_relative_error_radius_moment_0_m3,-0.0007673189508647094,0.0005632371777972544,0.0013305561286619638,0.004274329709905324,0.01,True
100,500,16384,32768,2400.0,golovin_relative_error_radius_moment_6_um6_m3,0.0036349686273946936,-0.0029943350709373882,0.006629303698332082,0.01712059724765774,0.01,False
100,500,16384,32768,3000.0,ensemble_mean_l1,0.018262908252486405,0.012472006807493243,0.0057909014449931615,0.011385396975610043,0.01,False
100,500,16384,32768,3000.0,golovin_relative_error_radius_moment_0_m3,-0.0006312053664861328,0.00023911018612389977,0.0008703155526100326,0.003907767251125662,0.01,True
100,500,16384,32768,3000.0,golovin_relative_error_radius_moment_6_um6_m3,0.0003669763494485867,-0.006778250298888222,0.007145226648336809,0.019938833224391998,0.01,False
100,500,16384,32768,3600.0,ensemble_mean_l1,0.019371566829203414,0.014248486720068669,0.005123080109134745,0.011974216771911694,0.01,False
100,500,16384,32768,3600.0,golovin_relative_error_radius_moment_0_m3,-0.0007455878494025003,0.0001377764401125481,0.0008833642895150484,0.003922902849840912,0.01,True
100,500,16384,32768,3600.0,golovin_relative_error_radius_moment_6_um6_m3,0.008875670145944843,-0.007841639495511848,0.016717309641456693,0.0330457276095767,0.01,False
100,500,32768,65536,600.0,ensemble_mean_l1,0.009294376486825308,0.006019151139927062,0.003275225346898246,0.0062914516300227805,0.01,True
100,500,32768,65536,600.0,golovin_relative_error_radius_moment_0_m3,0.0008866646248207821,-0.0003102140745708781,0.0011968786993916602,0.0026568180782668743,0.01,True
100,500,32768,65536,600.0,golovin_relative_error_radius_moment_6_um6_m3,-0.0005666328514415253,-0.0021359445070887016,0.0015693116556471762,0.005606531711187683,0.01,True
100,500,32768,65536,1200.0,ensemble_mean_l1,0.00892131888779304,0.007204346161711551,0.001716972726081489,0.005119770356235085,0.01,True
100,500,32768,65536,1200.0,golovin_relative_error_radius_moment_0_m3,9.303736626780523e-05,-0.00016829472168030768,0.0002613320879481129,0.0022364222495880677,0.01,True
100,500,32768,65536,1200.0,golovin_relative_error_radius_moment_6_um6_m3,0.0003563960070663441,-0.002541858617251641,0.002898254624317985,0.008399291243108776,0.01,True
100,500,32768,65536,1800.0,ensemble_mean_l1,0.011259961927033418,0.01022979846994103,0.0010301634570923871,0.004319883095312984,0.01,True
100,500,32768,65536,1800.0,golovin_relative_error_radius_moment_0_m3,0.0006170149180966,-0.0006974590383142853,0.0013144739564108854,0.003403244748634103,0.01,True
100,500,32768,65536,1800.0,golovin_relative_error_radius_moment_6_um6_m3,-0.0009994198878655015,-0.0029212121998885374,0.001921792312023036,0.009186500858396287,0.01,True
100,500,32768,65536,2400.0,ensemble_mean_l1,0.010739886022101542,0.008654185558312521,0.0020857004637890204,0.0055997653012494035,0.01,True
100,500,32768,65536,2400.0,golovin_relative_error_radius_moment_0_m3,0.0005632371777972544,-0.000812743383218264,0.0013759805610155185,0.0035524100402660958,0.01,True
100,500,32768,65536,2400.0,golovin_relative_error_radius_moment_6_um6_m3,-0.0029943350709373882,-0.003803361689265714,0.0008090266183283256,0.009916961171110543,0.01,True
100,500,32768,65536,3000.0,ensemble_mean_l1,0.012472006807493243,0.007762083981354202,0.004709922826139041,0.008386275801390846,0.01,True
100,500,32768,65536,3000.0,golovin_relative_error_radius_moment_0_m3,0.00023911018612389977,-0.001040449142966453,0.0012795593290903528,0.003466946697309402,0.01,True
100,500,32768,65536,3000.0,golovin_relative_error_radius_moment_6_um6_m3,-0.006778250298888222,-0.004435763002215522,0.0023424872966727,0.0126818867227642,0.01,False
100,500,32768,65536,3600.0,ensemble_mean_l1,0.014248486720068669,0.00982531963428725,0.004423167085781419,0.008742336523629643,0.01,True
100,500,32768,65536,3600.0,golovin_relative_error_radius_moment_0_m3,0.0001377764401125481,-0.0012849210847544535,0.0014226975248670015,0.0036185013282927355,0.01,True
100,500,32768,65536,3600.0,golovin_relative_error_radius_moment_6_um6_m3,-0.007841639495511848,-0.003122383453588584,0.004719256041923263,0.01752044591363594,0.01,False
100,500,65536,131072,600.0,ensemble_mean_l1,0.006019151139927062,0.0039187725903963725,0.002100378549530689,0.004099417667241847,0.01,True
100,500,65536,131072,600.0,golovin_relative_error_radius_moment_0_m3,-0.0003102140745708781,8.155013580061543e-05,0.00039176421037149357,0.0013527581636356926,0.01,True
100,500,65536,131072,600.0,golovin_relative_error_radius_moment_6_um6_m3,-0.0021359445070887016,-0.0010348741722900124,0.0011010703347986892,0.004048177505770712,0.01,True
100,500,65536,131072,1200.0,ensemble_mean_l1,0.007204346161711551,0.004617315337386137,0.002587030824325414,0.004375265338417918,0.01,True
100,500,65536,131072,1200.0,golovin_relative_error_radius_moment_0_m3,-0.00016829472168030768,-0.00023901142748986693,7.071670580955925e-05,0.0015757016117664848,0.01,True
100,500,65536,131072,1200.0,golovin_relative_error_radius_moment_6_um6_m3,-0.002541858617251641,-0.0007234679170306646,0.0018183907002209763,0.0059079102233088425,0.01,True
100,500,65536,131072,1800.0,ensemble_mean_l1,0.01022979846994103,0.008875301948060499,0.001354496521880532,0.003436318967925339,0.01,True
100,500,65536,131072,1800.0,golovin_relative_error_radius_moment_0_m3,-0.0006974590383142853,-0.0005763945398533843,0.00012106449846090107,0.0016888419162494233,0.01,True
100,500,65536,131072,1800.0,golovin_relative_error_radius_moment_6_um6_m3,-0.0029212121998885374,-0.0008139471980024315,0.002107265001886106,0.006785656081808026,0.01,True
100,500,65536,131072,2400.0,ensemble_mean_l1,0.008654185558312521,0.0072672269222525685,0.0013869586360599527,0.0037179387829612406,0.01,True
100,500,65536,131072,2400.0,golovin_relative_error_radius_moment_0_m3,-0.000812743383218264,-0.0007640001765475423,4.8743206670721624e-05,0.001783888735689765,0.01,True
100,500,65536,131072,2400.0,golovin_relative_error_radius_moment_6_um6_m3,-0.003803361689265714,-0.00193406438873027,0.0018692973005354438,0.007926557366041512,0.01,True
100,500,65536,131072,3000.0,ensemble_mean_l1,0.007762083981354202,0.0057781926502808705,0.0019838913310733317,0.004750858155369127,0.01,True
100,500,65536,131072,3000.0,golovin_relative_error_radius_moment_0_m3,-0.001040449142966453,-0.000832578099265201,0.00020787104370125202,0.0018818568086920366,0.01,True
100,500,65536,131072,3000.0,golovin_relative_error_radius_moment_6_um6_m3,-0.004435763002215522,-3.328367781741615e-05,0.0044024793243981055,0.011269308298082715,0.01,False
100,500,65536,131072,3600.0,ensemble_mean_l1,0.00982531963428725,0.007039327068442216,0.002785992565845034,0.00581133466509346,0.01,True
100,500,65536,131072,3600.0,golovin_relative_error_radius_moment_0_m3,-0.0012849210847544535,-0.0009300800241298302,0.0003548410606246233,0.002015915698077712,0.01,True
100,500,65536,131072,3600.0,golovin_relative_error_radius_moment_6_um6_m3,-0.003122383453588584,0.0013178598396983631,0.004440243293286947,0.012925083322206949,0.01,False
100,250,16384,32768,600.0,ensemble_mean_l1,0.010178960887758135,0.006395005988089864,0.0037839548996682713,0.0069389054270366625,0.01,True
100,250,16384,32768,600.0,golovin_relative_error_radius_moment_0_m3,-0.0007968204323567285,0.0008866646248207821,0.0016834850571775107,0.0037608509762279297,0.01,True
100,250,16384,32768,600.0,golovin_relative_error_radius_moment_6_um6_m3,0.0062275302372416285,-0.0005666328514415253,0.0067941630886831535,0.012023550842233947,0.01,False
100,250,16384,32768,1200.0,ensemble_mean_l1,0.008074248980933129,0.006463667892661943,0.0016105810882711862,0.00592567350047541,0.01,True
100,250,16384,32768,1200.0,golovin_relative_error_radius_moment_0_m3,7.617933693271351e-07,9.303736626780523e-05,9.22755728984781e-05,0.0030823081965531784,0.01,True
100,250,16384,32768,1200.0,golovin_relative_error_radius_moment_6_um6_m3,0.00449356784004098,0.0003563960070663441,0.004137171832974636,0.011728876550696505,0.01,False
100,250,16384,32768,1800.0,ensemble_mean_l1,0.012339466253088082,0.009852471054094408,0.0024869951989936745,0.006391428885063838,0.01,True
100,250,16384,32768,1800.0,golovin_relative_error_radius_moment_0_m3,0.0005079218349481351,0.0006170149180966,0.00010909308314846489,0.0033650404311447914,0.01,True
100,250,16384,32768,1800.0,golovin_relative_error_radius_moment_6_um6_m3,0.002132683605922602,-0.0009994198878655015,0.003132103493788103,0.012592455649630125,0.01,False
100,250,16384,32768,2400.0,ensemble_mean_l1,0.01154633103685412,0.008573792772161972,0.0029725382646921487,0.006767842550040517,0.01,True
100,250,16384,32768,2400.0,golovin_relative_error_radius_moment_0_m3,-0.0007673189508647094,0.0005632371777972544,0.0013305561286619638,0.004288398709331648,0.01,True
100,250,16384,32768,2400.0,golovin_relative_error_radius_moment_6_um6_m3,0.0036349686273946936,-0.0029943350709373882,0.006629303698332082,0.01690650226382551,0.01,False
100,250,16384,32768,3000.0,ensemble_mean_l1,0.014589141111480105,0.009391574512507998,0.005197566598972107,0.008962619058742382,0.01,True
100,250,16384,32768,3000.0,golovin_relative_error_radius_moment_0_m3,-0.0006312053664861328,0.00023911018612389977,0.0008703155526100326,0.0038978182379705564,0.01,True
100,250,16384,32768,3000.0,golovin_relative_error_radius_moment_6_um6_m3,0.0003669763494485867,-0.006778250298888222,0.007145226648336809,0.020422399734713177,0.01,False
100,250,16384,32768,3600.0,ensemble_mean_l1,0.012475619058955556,0.010316478269804667,0.002159140789150889,0.00892390731575764,0.01,True
100,250,16384,32768,3600.0,golovin_relative_error_radius_moment_0_m3,-0.0007455878494025003,0.0001377764401125481,0.0008833642895150484,0.004014180881927202,0.01,True
100,250,16384,32768,3600.0,golovin_relative_error_radius_moment_6_um6_m3,0.008875670145944843,-0.007841639495511848,0.016717309641456693,0.03312375037057479,0.01,False
100,250,32768,65536,600.0,ensemble_mean_l1,0.006395005988089864,0.004477181713763213,0.001917824274326651,0.004536386778667232,0.01,True
100,250,32768,65536,600.0,golovin_relative_error_radius_moment_0_m3,0.0008866646248207821,-0.0003102140745708781,0.0011968786993916602,0.002691697039523655,0.01,True
100,250,32768,65536,600.0,golovin_relative_error_radius_moment_6_um6_m3,-0.0005666328514415253,-0.0021359445070887016,0.0015693116556471762,0.005503202853421598,0.01,True
100,250,32768,65536,1200.0,ensemble_mean_l1,0.006463667892661943,0.004800685073889319,0.0016629828187726238,0.004250825767794556,0.01,True
100,250,32768,65536,1200.0,golovin_relative_error_radius_moment_0_m3,9.303736626780523e-05,-0.00016829472168030768,0.0002613320879481129,0.0022830873996208777,0.01,True
100,250,32768,65536,1200.0,golovin_relative_error_radius_moment_6_um6_m3,0.0003563960070663441,-0.002541858617251641,0.002898254624317985,0.00837497272215464,0.01,True
100,250,32768,65536,1800.0,ensemble_mean_l1,0.009852471054094408,0.009048257749313908,0.0008042133047804993,0.0034798750980723323,0.01,True
100,250,32768,65536,1800.0,golovin_relative_error_radius_moment_0_m3,0.0006170149180966,-0.0006974590383142853,0.0013144739564108854,0.003308388036170816,0.01,True
100,250,32768,65536,1800.0,golovin_relative_error_radius_moment_6_um6_m3,-0.0009994198878655015,-0.0029212121998885374,0.001921792312023036,0.00923410287015766,0.01,True
100,250,32768,65536,2400.0,ensemble_mean_l1,0.008573792772161972,0.006958871266868327,0.0016149215052936447,0.00446480726680708,0.01,True
100,250,32768,65536,2400.0,golovin_relative_error_radius_moment_0_m3,0.0005632371777972544,-0.000812743383218264,0.0013759805610155185,0.003530255325073767,0.01,True
100,250,32768,65536,2400.0,golovin_relative_error_radius_moment_6_um6_m3,-0.0029943350709373882,-0.003803361689265714,0.0008090266183283256,0.009950340338691448,0.01,True
100,250,32768,65536,3000.0,ensemble_mean_l1,0.009391574512507998,0.006280547219727198,0.0031110272927807993,0.0065252781654796125,0.01,True
100,250,32768,65536,3000.0,golovin_relative_error_radius_moment_0_m3,0.00023911018612389977,-0.001040449142966453,0.0012795593290903528,0.003435475633994253,0.01,True
100,250,32768,65536,3000.0,golovin_relative_error_radius_moment_6_um6_m3,-0.006778250298888222,-0.004435763002215522,0.0023424872966727,0.012747377978650205,0.01,False
100,250,32768,65536,3600.0,ensemble_mean_l1,0.010316478269804667,0.0078024597997503635,0.0025140184700543034,0.006403009441309326,0.01,True
100,250,32768,65536,3600.0,golovin_relative_error_radius_moment_0_m3,0.0001377764401125481,-0.0012849210847544535,0.0014226975248670015,0.003645054858697728,0.01,True
100,250,32768,65536,3600.0,golovin_relative_error_radius_moment_6_um6_m3,-0.007841639495511848,-0.003122383453588584,0.004719256041923263,0.01793771993737698,0.01,False
100,250,65536,131072,600.0,ensemble_mean_l1,0.004477181713763213,0.003043569834375269,0.001433611879387944,0.0032291574759815344,0.01,True
100,250,65536,131072,600.0,golovin_relative_error_radius_moment_0_m3,-0.0003102140745708781,8.155013580061543e-05,0.00039176421037149357,0.0013609637562669225,0.01,True
100,250,65536,131072,600.0,golovin_relative_error_radius_moment_6_um6_m3,-0.0021359445070887016,-0.0010348741722900124,0.0011010703347986892,0.0040723204339495845,0.01,True
100,250,65536,131072,1200.0,ensemble_mean_l1,0.004800685073889319,0.003789935799574038,0.001010749274315281,0.002946255898475122,0.01,True
100,250,65536,131072,1200.0,golovin_relative_error_radius_moment_0_m3,-0.00016829472168030768,-0.00023901142748986693,7.071670580955925e-05,0.0015514863137235323,0.01,True
100,250,65536,131072,1200.0,golovin_relative_error_radius_moment_6_um6_m3,-0.002541858617251641,-0.0007234679170306646,0.0018183907002209763,0.0059583350916488295,0.01,True
100,250,65536,131072,1800.0,ensemble_mean_l1,0.009048257749313908,0.008311918079092392,0.0007363396702215162,0.0027243862378947105,0.01,True
100,250,65536,131072,1800.0,golovin_relative_error_radius_moment_0_m3,-0.0006974590383142853,-0.0005763945398533843,0.00012106449846090107,0.0016780316243807673,0.01,True
100,250,65536,131072,1800.0,golovin_relative_error_radius_moment_6_um6_m3,-0.0029212121998885374,-0.0008139471980024315,0.002107265001886106,0.006949596310290167,0.01,True
100,250,65536,131072,2400.0,ensemble_mean_l1,0.006958871266868327,0.00638127843846207,0.0005775928284062568,0.00265125819117962,0.01,True
100,250,65536,131072,2400.0,golovin_relative_error_radius_moment_0_m3,-0.000812743383218264,-0.0007640001765475423,4.8743206670721624e-05,0.0017873477263053556,0.01,True
100,250,65536,131072,2400.0,golovin_relative_error_radius_moment_6_um6_m3,-0.003803361689265714,-0.00193406438873027,0.0018692973005354438,0.00769222458356881,0.01,True
100,250,65536,131072,3000.0,ensemble_mean_l1,0.006280547219727198,0.00483449255267508,0.001446054667052118,0.0038453163210237684,0.01,True
100,250,65536,131072,3000.0,golovin_relative_error_radius_moment_0_m3,-0.001040449142966453,-0.000832578099265201,0.00020787104370125202,0.001883830565179249,0.01,True
100,250,65536,131072,3000.0,golovin_relative_error_radius_moment_6_um6_m3,-0.004435763002215522,-3.328367781741615e-05,0.0044024793243981055,0.011222958385642879,0.01,False
100,250,65536,131072,3600.0,ensemble_mean_l1,0.0078024597997503635,0.005015827997604434,0.00278663180214593,0.005047482096226728,0.01,True
100,250,65536,131072,3600.0,golovin_relative_error_radius_moment_0_m3,-0.0012849210847544535,-0.0009300800241298302,0.0003548410606246233,0.0019917251949090322,0.01,True
100,250,65536,131072,3600.0,golovin_relative_error_radius_moment_6_um6_m3,-0.003122383453588584,0.0013178598396983631,0.004440243293286947,0.013053671734575709,0.01,False
100,1000,16384,32768,600.0,ensemble_mean_l1,0.019993487506310303,0.012805546194844778,0.007187941311465525,0.011601256276265183,0.01,False
100,1000,16384,32768,600.0,golovin_relative_error_radius_moment_0_m3,-0.0007968204323567285,0.0008866646248207821,0.0016834850571775107,0.0037320494684099973,0.01,True
100,1000,16384,32768,600.0,golovin_relative_error_radius_moment_6_um6_m3,0.0062275302372416285,-0.0005666328514415253,0.0067941630886831535,0.01215904120965717,0.01,False
100,1000,16384,32768,1200.0,ensemble_mean_l1,0.018668300536743704,0.01305751161368984,0.0056107889230538645,0.0106281325468656,0.01,False
100,1000,16384,32768,1200.0,golovin_relative_error_radius_moment_0_m3,7.617933693271351e-07,9.303736626780523e-05,9.22755728984781e-05,0.0030124514329490826,0.01,True
100,1000,16384,32768,1200.0,golovin_relative_error_radius_moment_6_um6_m3,0.00449356784004098,0.0003563960070663441,0.004137171832974636,0.011827583093240545,0.01,False
100,1000,16384,32768,1800.0,ensemble_mean_l1,0.02077385021582545,0.014509458163222152,0.006264392052603299,0.011623617711104732,0.01,False
100,1000,16384,32768,1800.0,golovin_relative_error_radius_moment_0_m3,0.0005079218349481351,0.0006170149180966,0.00010909308314846489,0.0033293679469911493,0.01,True
100,1000,16384,32768,1800.0,golovin_relative_error_radius_moment_6_um6_m3,0.002132683605922602,-0.0009994198878655015,0.003132103493788103,0.012771907148278716,0.01,False
100,1000,16384,32768,2400.0,ensemble_mean_l1,0.022191581376003744,0.013982637912420864,0.00820894346358288,0.012893921091719893,0.01,False
100,1000,16384,32768,2400.0,golovin_relative_error_radius_moment_0_m3,-0.0007673189508647094,0.0005632371777972544,0.0013305561286619638,0.004323996391550009,0.01,True
100,1000,16384,32768,2400.0,golovin_relative_error_radius_moment_6_um6_m3,0.0036349686273946936,-0.0029943350709373882,0.006629303698332082,0.016796974516880656,0.01,False
100,1000,16384,32768,3000.0,ensemble_mean_l1,0.025116242198040598,0.01664000119842502,0.008476240999615577,0.014634885130686288,0.01,False
100,1000,16384,32768,3000.0,golovin_relative_error_radius_moment_0_m3,-0.0006312053664861328,0.00023911018612389977,0.0008703155526100326,0.0038792325687563678,0.01,True
100,1000,16384,32768,3000.0,golovin_relative_error_radius_moment_6_um6_m3,0.0003669763494485867,-0.006778250298888222,0.007145226648336809,0.01996582051803133,0.01,False
100,1000,16384,32768,3600.0,ensemble_mean_l1,0.02839473192263087,0.021257433264991174,0.007137298657639696,0.015016793394297002,0.01,False
100,1000,16384,32768,3600.0,golovin_relative_error_radius_moment_0_m3,-0.0007455878494025003,0.0001377764401125481,0.0008833642895150484,0.004059384921286601,0.01,True
100,1000,16384,32768,3600.0,golovin_relative_error_radius_moment_6_um6_m3,0.008875670145944843,-0.007841639495511848,0.016717309641456693,0.03330471108394055,0.01,False
100,1000,32768,65536,600.0,ensemble_mean_l1,0.012805546194844778,0.009341422826196938,0.003464123368647841,0.00746278287402861,0.01,True
100,1000,32768,65536,600.0,golovin_relative_error_radius_moment_0_m3,0.0008866646248207821,-0.0003102140745708781,0.0011968786993916602,0.0026723682208982906,0.01,True
100,1000,32768,65536,600.0,golovin_relative_error_radius_moment_6_um6_m3,-0.0005666328514415253,-0.0021359445070887016,0.0015693116556471762,0.005463415883958822,0.01,True
100,1000,32768,65536,1200.0,ensemble_mean_l1,0.01305751161368984,0.00897386968836325,0.004083641925326589,0.007605441797931647,0.01,True
100,1000,32768,65536,1200.0,golovin_relative_error_radius_moment_0_m3,9.303736626780523e-05,-0.00016829472168030768,0.0002613320879481129,0.0022497072906284264,0.01,True
100,1000,32768,65536,1200.0,golovin_relative_error_radius_moment_6_um6_m3,0.0003563960070663441,-0.002541858617251641,0.002898254624317985,0.008399772026470756,0.01,True
100,1000,32768,65536,1800.0,ensemble_mean_l1,0.014509458163222152,0.012586328013362662,0.0019231301498594897,0.00595335881058277,0.01,True
100,1000,32768,65536,1800.0,golovin_relative_error_radius_moment_0_m3,0.0006170149180966,-0.0006974590383142853,0.0013144739564108854,0.0033432113313590023,0.01,True
100,1000,32768,65536,1800.0,golovin_relative_error_radius_moment_6_um6_m3,-0.0009994198878655015,-0.0029212121998885374,0.001921792312023036,0.00912764160048462,0.01,True
100,1000,32768,65536,2400.0,ensemble_mean_l1,0.013982637912420864,0.01126280950582081,0.0027198284066000545,0.006921753976206157,0.01,True
100,1000,32768,65536,2400.0,golovin_relative_error_radius_moment_0_m3,0.0005632371777972544,-0.000812743383218264,0.0013759805610155185,0.003489070524414937,0.01,True
100,1000,32768,65536,2400.0,golovin_relative_error_radius_moment_6_um6_m3,-0.0029943350709373882,-0.003803361689265714,0.0008090266183283256,0.009851687968933445,0.01,True
100,1000,32768,65536,3000.0,ensemble_mean_l1,0.01664000119842502,0.011095753407334702,0.005544247791090319,0.00994612416421112,0.01,True
100,1000,32768,65536,3000.0,golovin_relative_error_radius_moment_0_m3,0.00023911018612389977,-0.001040449142966453,0.0012795593290903528,0.0034148176249659146,0.01,True
100,1000,32768,65536,3000.0,golovin_relative_error_radius_moment_6_um6_m3,-0.006778250298888222,-0.004435763002215522,0.0023424872966727,0.01258162719710872,0.01,False
100,1000,32768,65536,3600.0,ensemble_mean_l1,0.021257433264991174,0.01309877960575731,0.008158653659233864,0.012683340200943501,0.01,False
100,1000,32768,65536,3600.0,golovin_relative_error_radius_moment_0_m3,0.0001377764401125481,-0.0012849210847544535,0.0014226975248670015,0.0036479071628129278,0.01,True
100,1000,32768,65536,3600.0,golovin_relative_error_radius_moment_6_um6_m3,-0.007841639495511848,-0.003122383453588584,0.004719256041923263,0.01756314854471537,0.01,False
100,1000,65536,131072,600.0,ensemble_mean_l1,0.009341422826196938,0.006769433115032967,0.002571989711163971,0.005015174574971413,0.01,True
100,1000,65536,131072,600.0,golovin_relative_error_radius_moment_0_m3,-0.0003102140745708781,8.155013580061543e-05,0.00039176421037149357,0.0013632625488258841,0.01,True
100,1000,65536,131072,600.0,golovin_relative_error_radius_moment_6_um6_m3,-0.0021359445070887016,-0.0010348741722900124,0.0011010703347986892,0.004126932809678189,0.01,True
100,1000,65536,131072,1200.0,ensemble_mean_l1,0.00897386968836325,0.006659648081496524,0.002314221606866727,0.005064489334331588,0.01,True
100,1000,65536,131072,1200.0,golovin_relative_error_radius_moment_0_m3,-0.00016829472168030768,-0.00023901142748986693,7.071670580955925e-05,0.0015714834343741565,0.01,True
100,1000,65536,131072,1200.0,golovin_relative_error_radius_moment_6_um6_m3,-0.002541858617251641,-0.0007234679170306646,0.0018183907002209763,0.005970297396716886,0.01,True
100,1000,65536,131072,1800.0,ensemble_mean_l1,0.012586328013362662,0.00983024253792623,0.0027560854754364317,0.005108367965405713,0.01,True
100,1000,65536,131072,1800.0,golovin_relative_error_radius_moment_0_m3,-0.0006974590383142853,-0.0005763945398533843,0.00012106449846090107,0.0016807959480174637,0.01,True
100,1000,65536,131072,1800.0,golovin_relative_error_radius_moment_6_um6_m3,-0.0029212121998885374,-0.0008139471980024315,0.002107265001886106,0.006799247471071424,0.01,True
100,1000,65536,131072,2400.0,ensemble_mean_l1,0.01126280950582081,0.008736285284672851,0.002526524221147958,0.005274785125734435,0.01,True
100,1000,65536,131072,2400.0,golovin_relative_error_radius_moment_0_m3,-0.000812743383218264,-0.0007640001765475423,4.8743206670721624e-05,0.001767429397078506,0.01,True
100,1000,65536,131072,2400.0,golovin_relative_error_radius_moment_6_um6_m3,-0.003803361689265714,-0.00193406438873027,0.0018692973005354438,0.007736796596057032,0.01,True
100,1000,65536,131072,3000.0,ensemble_mean_l1,0.011095753407334702,0.008209874189007848,0.002885879218326854,0.006460198941937644,0.01,True
100,1000,65536,131072,3000.0,golovin_relative_error_radius_moment_0_m3,-0.001040449142966453,-0.000832578099265201,0.00020787104370125202,0.0018725437665081826,0.01,True
100,1000,65536,131072,3000.0,golovin_relative_error_radius_moment_6_um6_m3,-0.004435763002215522,-3.328367781741615e-05,0.0044024793243981055,0.011185459342030156,0.01,False
100,1000,65536,131072,3600.0,ensemble_mean_l1,0.01309877960575731,0.009355947951651029,0.0037428316541062816,0.007607320640605754,0.01,True
100,1000,65536,131072,3600.0,golovin_relative_error_radius_moment_0_m3,-0.0012849210847544535,-0.0009300800241298302,0.0003548410606246233,0.0020178199387908885,0.01,True
100,1000,65536,131072,3600.0,golovin_relative_error_radius_moment_6_um6_m3,-0.003122383453588584,0.0013178598396983631,0.004440243293286947,0.012808351616355174,0.01,False
