comparison,left_ncell,right_ncell,metric,point_percent,bootstrap_median_percent,bootstrap_upper95_percent,bootstrap_replicates,threshold_percent,upper95_ratio_to_threshold,criterion_pass
selection_pair,2,4,mass_dsd_tv_500,82.3967719570838,82.88182376953998,84.72468813891395,2000,5.0,16.94493762778279,False
selection_pair,2,4,lambda0_m3,11.640926283607287,12.107641860369345,19.74194003634163,2000,5.0,3.9483880072683264,False
selection_pair,2,4,lambda2_um2_m3,111.60509591043149,111.58160027949111,116.85386348332955,2000,5.0,23.37077269666591,False
selection_pair,2,4,lambda3_um3_m3,167.35188932975223,167.24504547872488,170.757977161559,2000,5.0,34.1515954323118,False
selection_pair,2,4,lambda6_um6_m3,199.1299951359842,199.1265395697457,199.32416106593203,2000,10.0,19.9324161065932,False
selection_pair,2,4,mass_weighted_terminal_speed_ms,166.2171013631606,166.22838447540116,169.72225357433447,2000,5.0,33.944450714866896,False
selection_pair,2,4,mass_weighted_r90_um,106.83251079413316,106.66013128167143,112.74892701059328,2000,10.0,11.274892701059327,False
selection_pair,2,8192,mass_dsd_tv_500,81.82867026517782,82.43781078557518,84.2062260608045,2000,5.0,16.8412452121609,False
selection_pair,2,8192,lambda0_m3,5.881731857832427,7.179335263411225,10.84875183576753,2000,5.0,2.169750367153506,False
selection_pair,2,8192,lambda2_um2_m3,136.97808942287523,136.99891741171263,140.52738143200355,2000,5.0,28.10547628640071,False
selection_pair,2,8192,lambda3_um3_m3,180.69703951945215,180.64741332753766,182.60398601281688,2000,5.0,36.52079720256337,False
selection_pair,2,8192,lambda6_um6_m3,199.56668848647467,199.56404226690086,199.6635061364059,2000,10.0,19.966350613640593,False
selection_pair,2,8192,mass_weighted_terminal_speed_ms,170.44048512043568,170.363612919123,173.494583933432,2000,5.0,34.698916786686404,False
selection_pair,2,8192,mass_weighted_r90_um,105.95645502389176,105.88545936805139,111.85086717836543,2000,10.0,11.185086717836544,False
selection_pair,4,8,mass_dsd_tv_500,35.36317543109631,43.66183369695115,52.29934482091025,2000,5.0,10.45986896418205,False
selection_pair,4,8,lambda0_m3,8.925836173936476,9.206800245067452,13.97010048231239,2000,5.0,2.7940200964624777,False
selection_pair,4,8,lambda2_um2_m3,33.57316127779221,34.52476816359287,40.969732939020034,2000,5.0,8.193946587804007,False
selection_pair,4,8,lambda3_um3_m3,46.274977065412784,47.23194530088357,57.981408753005745,2000,5.0,11.596281750601149,False
selection_pair,4,8,lambda6_um6_m3,75.45423015611424,84.16173058962279,115.37363143801137,2000,10.0,11.537363143801137,False
selection_pair,4,8,mass_weighted_terminal_speed_ms,11.991793110632045,16.850907691038593,41.65231143177415,2000,5.0,8.33046228635483,False
selection_pair,4,8,mass_weighted_r90_um,16.95834094789024,22.836791553729746,32.783754278930914,2000,10.0,3.278375427893091,False
selection_pair,4,8192,mass_dsd_tv_500,33.54327524720479,39.78369279703257,45.53100645112063,2000,5.0,9.106201290224126,False
selection_pair,4,8192,lambda0_m3,12.510029442146545,12.691844685601314,17.07719128186782,2000,5.0,3.4154382563735637,False
selection_pair,4,8192,lambda2_um2_m3,41.97176284058382,43.07767058122805,49.52343708577711,2000,5.0,9.904687417155422,False
selection_pair,4,8192,lambda3_um3_m3,54.701346036928534,56.68826574135448,67.9998749385787,2000,5.0,13.59997498771574,False
selection_pair,4,8192,lambda6_um6_m3,127.07881393897716,126.159332718168,152.66865651074153,2000,10.0,15.266865651074152,False
selection_pair,4,8192,mass_weighted_terminal_speed_ms,18.036308532900904,22.483386741465146,44.2179833860202,2000,5.0,8.84359667720404,False
selection_pair,4,8192,mass_weighted_r90_um,30.09700283691075,33.21970424699268,39.11612613701344,2000,10.0,3.911612613701344,False
selection_pair,8,16,mass_dsd_tv_500,26.387580707195713,34.427115510127976,41.868813755098515,2000,5.0,8.373762751019703,False
selection_pair,8,16,lambda0_m3,7.775786584046721,7.934123366397179,10.791958416299599,2000,5.0,2.1583916832599197,False
selection_pair,8,16,lambda2_um2_m3,17.383522230705832,17.66335565748092,25.872034397730307,2000,5.0,5.174406879546061,False
selection_pair,8,16,lambda3_um3_m3,24.218515735154515,24.70671105810794,41.50008520451087,2000,5.0,8.300017040902173,False
selection_pair,8,16,lambda6_um6_m3,40.36421881610039,53.324553668230166,76.27901769548217,2000,10.0,7.627901769548217,False
selection_pair,8,16,mass_weighted_terminal_speed_ms,7.299589778062321,12.252708195140773,26.962659300290042,2000,5.0,5.392531860058009,False
selection_pair,8,16,mass_weighted_r90_um,14.210433630154808,18.763314973880853,27.547569877285326,2000,10.0,2.7547569877285327,False
selection_pair,8,8192,mass_dsd_tv_500,23.983556766629665,29.913489839542017,36.103141981800526,2000,5.0,7.220628396360105,False
selection_pair,8,8192,lambda0_m3,4.645830444462015,4.8380630611196205,6.968178327009767,2000,5.0,1.3936356654019533,False
selection_pair,8,8192,lambda2_um2_m3,19.630505872005482,20.41150660144773,23.736079229225762,2000,5.0,4.747215845845153,False
selection_pair,8,8192,lambda3_um3_m3,18.795641432133266,20.905487030309086,34.755224751085684,2000,5.0,6.9510449502171365,False
selection_pair,8,8192,lambda6_um6_m3,67.90169689850663,70.95735949752782,82.53084388079562,2000,10.0,8.25308438807956,False
selection_pair,8,8192,mass_weighted_terminal_speed_ms,20.169484957874275,21.527055640233247,31.37902249324445,2000,5.0,6.27580449864889,False
selection_pair,8,8192,mass_weighted_r90_um,30.417067180009536,31.279714591882243,42.49888246920026,2000,10.0,4.249888246920026,False
selection_pair,16,32,mass_dsd_tv_500,18.934987845511237,24.942327908891954,29.68033879104974,2000,5.0,5.936067758209948,False
selection_pair,16,32,lambda0_m3,2.492931249709887,2.7545938788361966,4.132507347016403,2000,5.0,0.8265014694032805,True
selection_pair,16,32,lambda2_um2_m3,6.377655398798841,6.8887027980906925,9.940880497431522,2000,5.0,1.9881760994863042,False
selection_pair,16,32,lambda3_um3_m3,5.618315069571215,7.845501139172194,15.850226800582298,2000,5.0,3.1700453601164598,False
selection_pair,16,32,lambda6_um6_m3,29.88613299872425,33.32093914751151,49.181815851520994,2000,10.0,4.9181815851521,False
selection_pair,16,32,mass_weighted_terminal_speed_ms,9.338730335446332,11.779536171760881,18.849505738580017,2000,5.0,3.7699011477160034,False
selection_pair,16,32,mass_weighted_r90_um,13.159786294079499,14.345988661970921,25.2007785191634,2000,10.0,2.52007785191634,False
selection_pair,16,8192,mass_dsd_tv_500,15.263057511954736,20.704030539064973,24.951380496194677,2000,5.0,4.990276099238935,False
selection_pair,16,8192,lambda0_m3,4.824708370275584,5.243808168512448,6.57303587538565,2000,5.0,1.31460717507713,False
selection_pair,16,8192,lambda2_um2_m3,9.94621441814373,10.078122691743523,12.87684361807237,2000,5.0,2.5753687236144738,False
selection_pair,16,8192,lambda3_um3_m3,8.499128222420394,9.30689501877897,15.547610108795583,2000,5.0,3.1095220217591164,False
selection_pair,16,8192,lambda6_um6_m3,45.41517600782157,47.97338383001646,61.56089744784299,2000,10.0,6.156089744784299,False
selection_pair,16,8192,mass_weighted_terminal_speed_ms,17.550466417317068,18.58608326451159,24.99651328823256,2000,5.0,4.999302657646512,False
selection_pair,16,8192,mass_weighted_r90_um,24.090196075367245,25.201991050718462,34.201300131856144,2000,10.0,3.4201300131856143,False
selection_pair,32,64,mass_dsd_tv_500,12.317666576874306,17.04529735515261,20.659242524842586,2000,5.0,4.131848504968517,False
selection_pair,32,64,lambda0_m3,2.048571327518826,2.256273158228524,3.351380975143505,2000,5.0,0.670276195028701,True
selection_pair,32,64,lambda2_um2_m3,1.5747554695405697,2.9711022268293075,5.953656559300143,2000,5.0,1.1907313118600285,False
selection_pair,32,64,lambda3_um3_m3,2.773578640619046,4.634019608510942,11.436416924688807,2000,5.0,2.287283384937761,False
selection_pair,32,64,lambda6_um6_m3,11.64358104555835,16.917106543197335,28.841505067504624,2000,10.0,2.8841505067504625,False
selection_pair,32,64,mass_weighted_terminal_speed_ms,2.320471508792793,5.825327530278649,13.797567596063866,2000,5.0,2.7595135192127733,False
selection_pair,32,64,mass_weighted_r90_um,6.378169589213368,8.213889062888832,16.89574522330021,2000,10.0,1.689574522330021,False
selection_pair,32,8192,mass_dsd_tv_500,10.028893860560911,14.330909883857691,17.29137683708456,2000,5.0,3.458275367416912,False
selection_pair,32,8192,lambda0_m3,3.151213539269339,3.25345096955614,4.1508280625783325,2000,5.0,0.8301656125156665,True
selection_pair,32,8192,lambda2_um2_m3,4.314566539917128,4.48807947094023,5.863501521066226,2000,5.0,1.1727003042132451,False
selection_pair,32,8192,lambda3_um3_m3,4.162850293878324,4.8040947175552455,10.603712814987556,2000,5.0,2.120742562997511,False
selection_pair,32,8192,lambda6_um6_m3,19.947705637486088,23.208585177988983,34.03633951561663,2000,10.0,3.4036339515616634,False
selection_pair,32,8192,mass_weighted_terminal_speed_ms,8.24552191686245,9.874283285101864,15.966377630033397,2000,5.0,3.1932755260066794,False
selection_pair,32,8192,mass_weighted_r90_um,14.33049476146816,14.347533345779375,20.93941525610045,2000,10.0,2.093941525610045,False
selection_pair,64,128,mass_dsd_tv_500,9.066263944344174,12.446923679706295,14.933940148343234,2000,5.0,2.986788029668647,False
selection_pair,64,128,lambda0_m3,0.6132898930917101,0.8907451245653583,1.5265772040053402,2000,5.0,0.30531544080106804,True
selection_pair,64,128,lambda2_um2_m3,1.4542937693871918,2.36607934870307,3.8995371395260254,2000,5.0,0.7799074279052051,True
selection_pair,64,128,lambda3_um3_m3,1.8475627188102275,3.7386956197269083,7.756496831234904,2000,5.0,1.551299366246981,False
selection_pair,64,128,lambda6_um6_m3,15.783674175793116,16.761622106488304,32.67009574309389,2000,10.0,3.2670095743093888,False
selection_pair,64,128,mass_weighted_terminal_speed_ms,4.830087304195635,6.995067278164229,12.55795524968523,2000,5.0,2.511591049937046,False
selection_pair,64,128,mass_weighted_r90_um,6.125034137314537,7.516315679880779,18.74463094469655,2000,10.0,1.874463094469655,False
selection_pair,64,8192,mass_dsd_tv_500,6.93869639764944,10.203865244283111,12.577992129051509,2000,5.0,2.515598425810302,False
selection_pair,64,8192,lambda0_m3,1.4259769867125012,1.5483272289040917,2.138237320344296,2000,5.0,0.42764746406885923,True
selection_pair,64,8192,lambda2_um2_m3,3.2633930630780394,3.541888813174989,4.921457925702292,2000,5.0,0.9842915851404583,True
selection_pair,64,8192,lambda3_um3_m3,2.85917914058819,3.696425525602548,7.416194391045813,2000,5.0,1.4832388782091626,False
selection_pair,64,8192,lambda6_um6_m3,23.826998584963444,24.751961272265685,37.53381494125673,2000,10.0,3.753381494125673,False
selection_pair,64,8192,mass_weighted_terminal_speed_ms,9.16079393719594,9.745422021792791,14.58809344551635,2000,5.0,2.91761868910327,False
selection_pair,64,8192,mass_weighted_r90_um,13.279129498836314,13.432703456444223,21.655553167307122,2000,10.0,2.165555316730712,False
selection_pair,128,256,mass_dsd_tv_500,6.080887373045543,8.316669021752295,10.211087151200019,2000,5.0,2.0422174302400036,False
selection_pair,128,256,lambda0_m3,0.7367799524959965,0.9648107558231208,1.488243159167179,2000,5.0,0.2976486318334358,True
selection_pair,128,256,lambda2_um2_m3,2.0799235867003474,2.3904732583477126,3.755449842412546,2000,5.0,0.7510899684825092,True
selection_pair,128,256,lambda3_um3_m3,3.3929764811670657,3.4140524572764592,6.396073136028837,2000,5.0,1.2792146272057674,False
selection_pair,128,256,lambda6_um6_m3,7.187053588720113,9.645037165829606,17.300170603756932,2000,10.0,1.7300170603756932,False
selection_pair,128,256,mass_weighted_terminal_speed_ms,2.7390152020880714,3.6883450801755346,6.727325855973676,2000,5.0,1.3454651711947352,False
selection_pair,128,256,mass_weighted_r90_um,4.854225300882638,5.5322268652866065,12.558369655616275,2000,10.0,1.2558369655616275,False
selection_pair,128,8192,mass_dsd_tv_500,5.001069676262189,6.913107338544732,8.595374114669996,2000,5.0,1.7190748229339992,False
selection_pair,128,8192,lambda0_m3,0.8721612733667845,0.9786271092021394,1.3947185948799607,2000,5.0,0.2789437189759921,True
selection_pair,128,8192,lambda2_um2_m3,2.0663439261997145,2.2329278622742423,3.1172133411559337,2000,5.0,0.6234426682311868,True
selection_pair,128,8192,lambda3_um3_m3,1.8217562879388078,2.139296800428152,4.233352133798424,2000,5.0,0.8466704267596847,True
selection_pair,128,8192,lambda6_um6_m3,9.127033118478531,10.146023956349115,18.38910473899552,2000,10.0,1.838910473899552,False
selection_pair,128,8192,mass_weighted_terminal_speed_ms,4.726455864473982,4.910612723103197,7.714549751287567,2000,5.0,1.5429099502575134,False
selection_pair,128,8192,mass_weighted_r90_um,7.623116140332845,7.7425940409894745,13.66767672426583,2000,10.0,1.366767672426583,False
selection_pair,256,512,mass_dsd_tv_500,4.482117798844505,6.0722346365465425,7.299361703017891,2000,5.0,1.4598723406035783,False
selection_pair,256,512,lambda0_m3,0.2791535977177998,0.44104416553371323,0.7543337367333439,2000,5.0,0.15086674734666877,True
selection_pair,256,512,lambda2_um2_m3,1.3255141361780145,1.4252082177315752,2.3076343674155817,2000,5.0,0.46152687348311633,True
selection_pair,256,512,lambda3_um3_m3,2.381191877155875,2.5658446872614826,4.572617066532288,2000,5.0,0.9145234133064577,True
selection_pair,256,512,lambda6_um6_m3,6.112849005038507,7.789389460596646,12.939315278186701,2000,10.0,1.29393152781867,False
selection_pair,256,512,mass_weighted_terminal_speed_ms,2.1118946626326096,2.628030089517239,5.023386296202013,2000,5.0,1.0046772592404025,False
selection_pair,256,512,mass_weighted_r90_um,2.39663806996314,3.3905058450062047,8.603187089674535,2000,10.0,0.8603187089674534,True
selection_pair,256,8192,mass_dsd_tv_500,3.6514183901319255,4.92548619148928,6.131569263134071,2000,5.0,1.2263138526268142,False
selection_pair,256,8192,lambda0_m3,0.16664718744710164,0.32965358452521365,0.5825150159274203,2000,5.0,0.11650300318548405,True
selection_pair,256,8192,lambda2_um2_m3,0.8855578717587113,1.0316760106179013,1.666948861658437,2000,5.0,0.3333897723316874,True
selection_pair,256,8192,lambda3_um3_m3,1.5714630304768844,1.6816118412936254,3.3995263231677084,2000,5.0,0.6799052646335417,True
selection_pair,256,8192,lambda6_um6_m3,6.346613706142551,7.127158619782133,11.173408797212558,2000,10.0,1.1173408797212558,False
selection_pair,256,8192,mass_weighted_terminal_speed_ms,2.3570544881290583,2.7299450528151463,4.32621883101008,2000,5.0,0.865243766202016,True
selection_pair,256,8192,mass_weighted_r90_um,2.7714547346213285,3.5996564902158044,6.950933062140597,2000,10.0,0.6950933062140596,True
selection_pair,512,1024,mass_dsd_tv_500,3.0315143621573717,4.181260765556038,5.107637580633528,2000,5.0,1.0215275161267057,False
selection_pair,512,1024,lambda0_m3,0.21393561030959696,0.30690156134063773,0.5523324059934202,2000,5.0,0.11046648119868403,True
selection_pair,512,1024,lambda2_um2_m3,0.8750172105715064,1.0156713513623405,1.6926173255570371,2000,5.0,0.3385234651114074,True
selection_pair,512,1024,lambda3_um3_m3,1.5984776739178377,1.8041627286966184,3.2364149516043588,2000,5.0,0.6472829903208718,True
selection_pair,512,1024,lambda6_um6_m3,3.642929724758764,5.300756256545997,8.854908886667518,2000,10.0,0.8854908886667519,True
selection_pair,512,1024,mass_weighted_terminal_speed_ms,1.7136493435035707,2.0933795065956042,3.855611831353235,2000,5.0,0.771122366270647,True
selection_pair,512,1024,mass_weighted_r90_um,2.5804044351502795,3.0192806521600914,7.512787800727122,2000,10.0,0.7512787800727122,True
selection_pair,512,8192,mass_dsd_tv_500,2.9113957658137584,3.657796316089388,4.393527893179947,2000,5.0,0.8787055786359893,True
selection_pair,512,8192,lambda0_m3,0.3415445074188246,0.3804110306448564,0.6097941355410533,2000,5.0,0.12195882710821067,True
selection_pair,512,8192,lambda2_um2_m3,0.8946847305364839,0.9921529049594919,1.5480533994574346,2000,5.0,0.30961067989148694,True
selection_pair,512,8192,lambda3_um3_m3,0.8098046029886389,1.050776525184001,2.0274780097556904,2000,5.0,0.4054956019511381,True
selection_pair,512,8192,lambda6_um6_m3,4.765284519599776,5.995714226195629,9.466148581263303,2000,10.0,0.9466148581263303,True
selection_pair,512,8192,mass_weighted_terminal_speed_ms,2.2777366693612353,2.4570977293334186,4.081131832025294,2000,5.0,0.8162263664050589,True
selection_pair,512,8192,mass_weighted_r90_um,4.765522239104286,4.870052184777592,9.07402972461302,2000,10.0,0.907402972461302,True
selection_pair,1024,2048,mass_dsd_tv_500,2.340299002902755,3.0478382351691895,3.7618425892172818,2000,5.0,0.7523685178434564,True
selection_pair,1024,2048,lambda0_m3,0.2957231228307286,0.3056540562426331,0.5095415731012599,2000,5.0,0.10190831462025199,True
selection_pair,1024,2048,lambda2_um2_m3,0.4059100292892994,0.5625967056394958,0.9795807303588949,2000,5.0,0.19591614607177898,True
selection_pair,1024,2048,lambda3_um3_m3,0.7315807221417348,0.8764438960873739,1.7993135585712952,2000,5.0,0.35986271171425904,True
selection_pair,1024,2048,lambda6_um6_m3,1.4560344600537514,2.9205047908165787,5.061832663330676,2000,10.0,0.5061832663330675,True
selection_pair,1024,2048,mass_weighted_terminal_speed_ms,0.6053965281411025,1.0448800980874937,1.8448857249286865,2000,5.0,0.3689771449857373,True
selection_pair,1024,2048,mass_weighted_r90_um,0.6830077923614896,1.510554074834536,3.8552631458059867,2000,10.0,0.38552631458059866,True
selection_pair,1024,8192,mass_dsd_tv_500,1.4543964969274796,2.3668787426513704,3.0207721750000496,2000,5.0,0.6041544350000099,True
selection_pair,1024,8192,lambda0_m3,0.2450328911275929,0.26749761962578517,0.4372186295650017,2000,5.0,0.08744372591300034,True
selection_pair,1024,8192,lambda2_um2_m3,0.4371834471047946,0.6093565603741993,0.9765747384972056,2000,5.0,0.1953149476994411,True
selection_pair,1024,8192,lambda3_um3_m3,0.8870822718366418,1.0264421806961601,1.8512028387425756,2000,5.0,0.3702405677485151,True
selection_pair,1024,8192,lambda6_um6_m3,2.8626698487334066,3.383901843976978,5.613762954263475,2000,10.0,0.5613762954263475,True
selection_pair,1024,8192,mass_weighted_terminal_speed_ms,1.2643949577760283,1.4281194271811906,2.331983944788903,2000,5.0,0.4663967889577806,True
selection_pair,1024,8192,mass_weighted_r90_um,2.1857897689924073,2.285726723851038,4.7841478173218235,2000,10.0,0.4784147817321823,True
selection_pair,2048,4096,mass_dsd_tv_500,2.0276826563837167,2.4608452893376835,2.932183660470765,2000,5.0,0.586436732094153,True
selection_pair,2048,4096,lambda0_m3,0.17575874830784494,0.2137518575767012,0.33632307125556554,2000,5.0,0.0672646142511131,True
selection_pair,2048,4096,lambda2_um2_m3,0.4289894291579325,0.5066205887259866,0.7585883543114104,2000,5.0,0.15171767086228208,True
selection_pair,2048,4096,lambda3_um3_m3,0.7586874120145676,0.8135811514088997,1.5217383316264321,2000,5.0,0.3043476663252864,True
selection_pair,2048,4096,lambda6_um6_m3,2.55036198155821,3.123243474423007,5.25422795382854,2000,10.0,0.525422795382854,True
selection_pair,2048,4096,mass_weighted_terminal_speed_ms,0.9933116483201977,1.2605845715917163,1.9681567627179086,2000,5.0,0.3936313525435817,True
selection_pair,2048,4096,mass_weighted_r90_um,2.631026233872887,2.645201414444159,4.797385265059675,2000,10.0,0.4797385265059675,True
selection_pair,2048,8192,mass_dsd_tv_500,1.8553654105815276,2.2060820319584726,2.674503315408924,2000,5.0,0.5349006630817847,True
selection_pair,2048,8192,lambda0_m3,0.09755414640521778,0.15828362840915616,0.2620164693202101,2000,5.0,0.05240329386404202,True
selection_pair,2048,8192,lambda2_um2_m3,0.29929712211981796,0.36185972704796765,0.5401733060069296,2000,5.0,0.10803466120138591,True
selection_pair,2048,8192,lambda3_um3_m3,0.3772229454487797,0.4958600229500001,1.0760910561005457,2000,5.0,0.21521821122010915,True
selection_pair,2048,8192,lambda6_um6_m3,2.5511499245282865,2.7693330126785005,4.991701129883484,2000,10.0,0.49917011298834846,True
selection_pair,2048,8192,mass_weighted_terminal_speed_ms,0.8680514851555289,1.058046414732026,1.6368065151758142,2000,5.0,0.32736130303516286,True
selection_pair,2048,8192,mass_weighted_r90_um,2.058716742676053,2.0965157634135405,3.934411231513302,2000,10.0,0.39344112315133023,True
selection_pair,4096,8192,mass_dsd_tv_500,1.0346492082636114,1.466419984971444,1.7991886919838198,2000,5.0,0.359837738396764,True
selection_pair,4096,8192,lambda0_m3,0.08312563413477264,0.11472277930443561,0.19005436657345945,2000,5.0,0.03801087331469189,True
selection_pair,4096,8192,lambda2_um2_m3,0.29284492991169425,0.33033654208427465,0.5566059184534623,2000,5.0,0.11132118369069247,True
selection_pair,4096,8192,lambda3_um3_m3,0.5054348692693167,0.5549073088335821,1.070894596133912,2000,5.0,0.2141789192267824,True
selection_pair,4096,8192,lambda6_um6_m3,0.8290329715076558,1.4903837203471477,2.7456243494222323,2000,10.0,0.2745624349422232,True
selection_pair,4096,8192,mass_weighted_terminal_speed_ms,0.39295724934574444,0.550552706224035,1.1575881190222301,2000,5.0,0.23151762380444602,True
selection_pair,4096,8192,mass_weighted_r90_um,0.5723870000917898,0.802711278311063,2.049394103014511,2000,10.0,0.2049394103014511,True
