candidate_ncell,initial_domain_sds,against_8192_worst_ratio,against_8192_limiting_metric,against_8192_upper95_percent,against_8192_threshold_percent,first_doubling_worst_ratio,first_doubling_limiting_metric,first_doubling_upper95_percent,first_doubling_threshold_percent,second_doubling_worst_ratio,second_doubling_limiting_metric,second_doubling_upper95_percent,second_doubling_threshold_percent,all_bootstrap_gates_pass
2,240,36.52079720256337,lambda3_um3_m3,182.60398601281688,5.0,34.1515954323118,lambda3_um3_m3,170.757977161559,5.0,11.596281750601149,lambda3_um3_m3,57.981408753005745,5.0,False
4,480,15.266865651074152,lambda6_um6_m3,152.66865651074153,10.0,11.596281750601149,lambda3_um3_m3,57.981408753005745,5.0,8.373762751019703,mass_dsd_tv_500,41.868813755098515,5.0,False
8,960,8.25308438807956,lambda6_um6_m3,82.53084388079562,10.0,8.373762751019703,mass_dsd_tv_500,41.868813755098515,5.0,5.936067758209948,mass_dsd_tv_500,29.68033879104974,5.0,False
16,1920,6.156089744784299,lambda6_um6_m3,61.56089744784299,10.0,5.936067758209948,mass_dsd_tv_500,29.68033879104974,5.0,4.131848504968517,mass_dsd_tv_500,20.659242524842586,5.0,False
32,3840,3.458275367416912,mass_dsd_tv_500,17.29137683708456,5.0,4.131848504968517,mass_dsd_tv_500,20.659242524842586,5.0,3.2670095743093888,lambda6_um6_m3,32.67009574309389,10.0,False
64,7680,3.753381494125673,lambda6_um6_m3,37.53381494125673,10.0,3.2670095743093888,lambda6_um6_m3,32.67009574309389,10.0,2.0422174302400036,mass_dsd_tv_500,10.211087151200019,5.0,False
128,15360,1.838910473899552,lambda6_um6_m3,18.38910473899552,10.0,2.0422174302400036,mass_dsd_tv_500,10.211087151200019,5.0,1.4598723406035783,mass_dsd_tv_500,7.299361703017891,5.0,False
256,30720,1.2263138526268142,mass_dsd_tv_500,6.131569263134071,5.0,1.4598723406035783,mass_dsd_tv_500,7.299361703017891,5.0,1.0215275161267057,mass_dsd_tv_500,5.107637580633528,5.0,False
512,61440,0.9466148581263303,lambda6_um6_m3,9.466148581263303,10.0,1.0215275161267057,mass_dsd_tv_500,5.107637580633528,5.0,0.7523685178434564,mass_dsd_tv_500,3.7618425892172818,5.0,False
1024,122880,0.6041544350000099,mass_dsd_tv_500,3.0207721750000496,5.0,0.7523685178434564,mass_dsd_tv_500,3.7618425892172818,5.0,0.586436732094153,mass_dsd_tv_500,2.932183660470765,5.0,True
2048,245760,0.5349006630817847,mass_dsd_tv_500,2.674503315408924,5.0,0.586436732094153,mass_dsd_tv_500,2.932183660470765,5.0,0.359837738396764,mass_dsd_tv_500,1.7991886919838198,5.0,True
