time_min,record_count,raggedcount,totnsupers,unique_sdid,duplicate_sdid,duplicate_fraction_pct,raw_sum_xi,compact_massmom0,ratio_mom0,raw_mass_g,compact_massmom1_g,ratio_mom1,raw_massmom2_g2,compact_massmom2_g2,ratio_mom2,raw_water_mass_g,raw_effective_solute_mass_g,xi_nonfinite,radius_nonfinite,msol_nonfinite,xi_nonpositive,radius_nonpositive,msol_negative,radius_max_um,xi_max,largest_particle_mass_fraction
0.0,24576,24576,24576,24576,0,0.0,2.1220281437264668e+20,2.1220281437264668e+20,1.0,2947255.329041918,2947255.5036050505,0.9999999407709537,4.579853475311432e-06,4.5798546244756375e-06,0.9999997490828203,1458943.1893078252,1488312.1397340926,0,0,0,0,0,0,3.999927520751953,1.478737768004181e+17,0.0003590342159819109
0.4999999888241291,24575,24575,24575,24574,1,0.004069175991861648,2.1220281438322557e+20,2.1220281437259402e+20,1.0000000000501008,7460165.405377107,7460164.853569082,1.0000000739672696,3.0039885861683625e-05,3.0040205342968246e-05,0.9999893648768051,5971853.03762834,1488312.3677487674,0,0,0,0,0,0,8.7144079208374,1.478737768004181e+17,0.0003566632721521741
0.9999999776482582,24573,24573,24573,24570,3,0.012208521548040533,2.1220281543114785e+20,2.12202814229942e+20,1.00000000566065,7447863.374622092,7447868.003983039,0.999999378431392,2.97344478601686e-05,2.9736034577832206e-05,0.9999466399038697,5959555.002173096,1488308.3724489957,0,0,0,0,0,0,8.54000186920166,1.478737768004181e+17,0.0003572271077115767
1.5000000596046448,24571,24571,24571,24566,5,0.020349192137072158,2.1227916635937728e+20,2.122016891548325e+20,1.0003651111584142,7443618.132611228,7443527.565638209,1.0000121672113418,2.9624967598644203e-05,2.963414079364231e-05,0.9996904517980804,5955681.9332302585,1487936.1993809692,0,0,0,0,0,0,8.167323112487793,1.478737768004181e+17,0.00035719627971173083
1.9999999552965164,24568,24568,24568,24560,8,0.0325626831650928,2.1221132123266246e+20,2.1219860127403023e+20,1.0000599436497501,7445678.64800811,7446468.501497063,0.9998939291170312,2.9590365790029295e-05,2.9617994306693768e-05,0.9990671712480467,5957920.841916508,1487757.8060916024,0,0,0,0,0,0,7.767284870147704,1.478737768004181e+17,0.0003570369403806671
2.5000000993410745,24567,24567,24567,24558,9,0.03663450970814507,2.1225329366199553e+20,2.121985971634537e+20,1.000257760886608,7448789.80804828,7450095.288010262,0.9998247700315883,2.957870687301926e-05,2.962579024004278e-05,0.9984107304263606,5961152.756707674,1487637.0513406063,0,0,0,0,0,0,7.425090312957764,1.478737768004181e+17,0.0003570356497705462
3.0000001192092896,24567,24567,24567,24558,9,0.03663450970814507,2.1220542217667238e+20,2.121985971634537e+20,1.0000321633286455,7452988.905579342,7453217.497269328,0.9999693297974909,2.9599093015541198e-05,2.9641344874019326e-05,0.9985745633790334,5965143.943150604,1487844.9624287374,0,0,0,0,0,0,7.154190063476562,1.478737768004181e+17,0.00035667818227310994
3.4999998907248178,24565,24565,24565,24554,11,0.044779157337675554,2.1224573986799347e+20,2.1219859716336648e+20,1.0002221631304693,7449932.041813055,7456931.8168328665,0.9990613062863186,2.9611641497199495e-05,2.9665619601902908e-05,0.9981804491047964,5963431.804390268,1486500.2374227867,0,0,0,0,0,0,6.7493672370910645,1.478737768004181e+17,0.0003569594102205761
3.999999910593033,24564,24564,24564,24552,12,0.048851978505129456,2.122179764043862e+20,2.1219859714446855e+20,1.0000913260510598,7453902.120728506,7462051.12968151,0.9989079398128766,2.9647428072350248e-05,2.9702234638284745e-05,0.99815479991314,5967651.765545154,1486250.3551833527,0,0,0,0,0,0,6.728481292724609,1.478737768004181e+17,0.0003569434394387585
4.500000178813934,24563,24563,24563,24550,13,0.05292513129503725,2.122225460467445e+20,2.1219859502919618e+20,1.000112870764036,7458732.226022792,7467467.72278489,0.998830192899871,2.9685983075371804e-05,2.9746034830388732e-05,0.9979811845390708,5972581.029958613,1486151.1960641795,0,0,0,0,0,0,6.7715935707092285,1.478737768004181e+17,0.00035676509862220523
5.000000198682149,24562,24562,24562,24548,14,0.05699861574790326,2.1221108893029476e+20,2.1219859502567637e+20,1.000058878356932,7463516.103154914,7473322.544183278,0.9986878070670191,2.9737654270058924e-05,2.9794362035688496e-05,0.9980966947517907,5977586.761503259,1485929.3416516543,0,0,0,0,0,0,6.8156819343566895,1.478737768004181e+17,0.000356549254424546
5.5000002185503645,24561,24561,24561,24546,15,0.061072431904238424,2.1218122070002834e+20,2.121985950256612e+20,0.9999181223342654,7468312.818249447,7479403.3988713,0.9985171837872088,2.9801112449602765e-05,2.9847904784727853e-05,0.9984323075451169,5982638.600073444,1485674.218176004,0,0,0,0,0,0,6.857667922973632,1.478737768004181e+17,0.00035629640166974193
6.000000238418579,24561,24561,24561,24546,15,0.061072431904238424,2.1220372058652013e+20,2.121985950256612e+20,1.0000241545466326,7471427.787752381,7485991.589635506,0.9980545260158601,2.9854181365776803e-05,2.9904775065688886e-05,0.9983081731997332,5986448.408248518,1484979.3795038634,0,0,0,0,0,0,6.799849987030029,1.478737768004181e+17,0.0003560832636237287
6.499999761581421,24561,24561,24561,24546,15,0.061072431904238424,2.1220714145630382e+20,2.121985950256612e+20,1.000040275623133,7480737.658417508,7493412.561917774,0.998308527203656,2.991995452724036e-05,2.9968443909900346e-05,0.9983819853040828,5995381.5483505055,1485356.110067002,0,0,0,0,0,0,6.8442015647888175,1.478737768004181e+17,0.0003555271567696217
6.9999997814496355,24561,24561,24561,24546,15,0.061072431904238424,2.1219315207892677e+20,2.121985950256612e+20,0.9999743497513084,7487313.328863838,7501013.356368903,0.9981735764417173,2.99852167740702e-05,3.003436754175686e-05,0.9983635158084043,6002168.808490545,1485144.520373293,0,0,0,0,0,0,6.884612560272217,1.478737768004181e+17,0.00035516642570017614
7.499999801317851,24559,24559,24559,24542,17,0.06922105948939289,2.1217609971008936e+20,2.121896014750886e+20,0.9999363693371146,7493421.727944627,7507652.013683308,0.9981045624234122,3.0049196617246013e-05,3.0098490603102277e-05,0.9983622439242457,6008432.315082122,1484989.4128625065,0,0,0,0,0,0,6.922185897827148,1.478737768004181e+17,0.00035490372823946374
7.999999821186066,24559,24559,24559,24542,17,0.06922105948939289,2.1229279529361506e+20,2.121896014750886e+20,1.0004863283488403,7499760.140686234,7513986.863908105,0.9981066345364263,3.0105599066084144e-05,3.0154726518197368e-05,0.9983708208368736,6014767.288386829,1484992.8522994067,0,0,0,0,0,0,6.957068443298339,1.478737768004181e+17,0.00035460897188906604
8.499999841054281,24557,24557,24557,24538,19,0.07737101437472003,2.1215600349309442e+20,2.121896014745939e+20,0.9998416605655225,7507066.72586465,7520359.831794127,0.9982323843237824,3.0157422063343916e-05,3.021304104564148e-05,0.9981591067839367,6021885.379054988,1485181.3468096624,0,0,0,0,0,0,6.989079475402832,1.478737768004181e+17,0.0003543378753725841
9.000000357627869,24556,24556,24556,24536,20,0.08144648965629582,2.1231314283295683e+20,2.1218960147448817e+20,1.0005822215490778,7512429.328267667,7527121.577627475,0.998048091928862,3.0219060112411668e-05,3.0276872863521685e-05,0.9980905309682866,6027533.932266082,1484895.3960015853,0,0,0,0,0,0,7.01811408996582,1.478737768004181e+17,0.0003542087358890702
9.49999988079071,24555,24555,24555,24534,21,0.0855222968845449,2.122433449981028e+20,2.121896014744617e+20,1.0002532806662892,7518850.222739533,7534397.762036329,0.9979364589197645,3.0299338644552317e-05,3.0343916411348584e-05,0.9985309158451413,6034131.750447355,1484718.472292177,0,0,0,0,0,0,7.044687271118163,1.478737768004181e+17,0.00035396492628685957
10.000000397364298,24552,24552,24552,24528,24,0.09775171065493646,2.12004485071535e+20,2.121809370106504e+20,0.9991683892926416,7526922.669957978,7539297.76806467,0.9983585874324912,3.0355400550934028e-05,3.040341848331263e-05,0.9984206403498687,6042191.031575002,1484731.6383829762,0,0,0,0,0,0,7.070921897888183,1.478737768004181e+17,0.0003535879369214216
10.49999992052714,24550,24550,24550,24524,26,0.10590631364562118,2.1180377109051857e+20,2.1218086882768568e+20,0.9982227533554245,7533260.806550695,7546257.913090286,0.9982776752810097,3.0431535188590636e-05,3.0466375346890446e-05,0.998856439011759,6048824.555312615,1484436.2512380802,0,0,0,0,0,0,7.098057270050049,1.478737768004181e+17,0.0003532613736867302
11.000000437100729,24547,24547,24547,24518,29,0.11814070965902147,2.1198422603098843e+20,2.1203675022015644e+20,0.9997522873317315,7544853.791053722,7554566.171405904,0.998714369543953,3.0492570952429797e-05,3.0545447786369724e-05,0.9982689127915315,6059776.4037696645,1485077.3872840574,0,0,0,0,0,0,7.1244096755981445,1.478737768004181e+17,0.0003526471585189659
11.49999996026357,24546,24546,24546,24516,30,0.12221950623319482,2.1194817351580805e+20,2.119591765227345e+20,0.9999480890277695,7550916.375221256,7563794.262582889,0.9982974302427371,3.0585602353299136e-05,3.0633875558175105e-05,0.9984241887780638,6066476.758615854,1484439.6166054024,0,0,0,0,0,0,7.148715019226074,1.478737768004181e+17,0.00035227568632335376
12.000000476837158,24544,24544,24544,24512,32,0.1303780964797914,2.1172232903103247e+20,2.118785039606633e+20,0.9992629033775894,7561737.890575383,7572650.188845543,0.9985589855601367,3.069013218487158e-05,3.072329135556725e-05,0.9989207155473053,6076933.853305736,1484804.0372696468,0,0,0,0,0,0,7.171492099761962,1.478737768004181e+17,0.00035172546862207864
12.5,24543,24543,24543,24510,33,0.1344578902334678,2.1178672549741612e+20,2.1187850396034204e+20,0.9995668344772574,7574234.105027867,7581372.762493083,0.9990583951364939,3.076721267462937e-05,3.081419555308319e-05,0.9984752846014467,6088684.352052301,1485549.7529755654,0,0,0,0,0,0,7.1932148933410645,1.478737768004181e+17,0.00035114711845577693
12.999999523162842,24540,24540,24540,24504,36,0.1466992665036675,2.1165772328790845e+20,2.118785039546638e+20,0.9989579845872303,7579047.384627407,7589916.3059987025,0.9985679787585134,3.088179830039334e-05,3.0900856052835205e-05,0.9993832613436572,6094243.590063581,1484803.7945638266,0,0,0,0,0,0,7.214082241058349,1.478737768004181e+17,0.0003509531625234107
13.50000003973643,24539,24539,24539,24502,37,0.15078039039895677,2.1162302010322233e+20,2.118785038735094e+20,0.9987941968363172,7589578.467383464,7599109.569826955,0.9987457606242006,3.0966029145961335e-05,3.098818008140372e-05,0.9992851811437716,6104516.466235983,1485062.0011474816,0,0,0,0,0,0,7.233895778656006,1.478737768004181e+17,0.000350533297275624
13.999999562899271,24537,24537,24537,24498,39,0.15894363614133758,2.1160569954471805e+20,2.118784993685527e+20,0.9987124704741271,7603342.829909733,7608101.600114354,0.9993745127950776,3.103153720628716e-05,3.107929568975335e-05,0.9984633344351516,6117332.015626584,1486010.8142831484,0,0,0,0,0,0,7.252542972564696,1.478737768004181e+17,0.0003499784844558612
14.50000007947286,24535,24535,24535,24494,41,0.16710821275728552,2.1163437878053542e+20,2.1177159181334983e+20,0.9993520706359172,7604832.446665797,7616515.731105992,0.9984660591728998,3.1095981069987795e-05,3.116788004896383e-05,0.9976931706980684,6120224.788823133,1484607.6578426631,0,0,0,0,0,0,7.270670890808105,1.478737768004181e+17,0.0003499542585963648
14.999999602635702,24534,24534,24534,24492,42,0.17119100024455858,2.1162878734408502e+20,2.117616346941282e+20,0.9993726561932001,7612303.1601692485,7624309.286302896,0.9984252834344985,3.119332367416677e-05,3.126745659815453e-05,0.9976290708598238,6127981.451322748,1484321.7088465006,0,0,0,0,0,0,7.289846420288086,1.478737768004181e+17,0.0003496088844065104
15.50000011920929,24533,24533,24533,24490,43,0.1752741205722904,2.1156032037523e+20,2.117616346931742e+20,0.999049335266816,7619911.676892206,7634810.998567806,0.9980485015701902,3.130879790846312e-05,3.137443519830719e-05,0.9979079371651093,6136178.75303087,1483732.9238613364,0,0,0,0,0,0,7.31044340133667,1.478737768004181e+17,0.00034921798883364347
15.999999642372131,24531,24531,24531,24486,45,0.18344135991194815,2.116556536137801e+20,2.117521755881147e+20,0.9995441748163082,7625985.70495864,7646335.120247869,0.9973386707528235,3.143645195387115e-05,3.149992485477061e-05,0.9979849824660821,6143457.787206445,1482527.9177521942,0,0,0,0,0,0,7.351412296295166,1.478737768004181e+17,0.0003463159769609831
16.50000015894572,24530,24530,24530,24484,46,0.18752547900529964,2.1163056465518e+20,2.1175217558804798e+20,0.9994256921680721,7640672.176028005,7659906.652901045,0.997488941087062,3.155659776999936e-05,3.1642301091892195e-05,0.9972914952789323,6157938.420522208,1482733.7555057963,0,0,0,0,0,0,7.414629936218261,1.478737768004181e+17,0.0003517072850155277
16.999999682108562,24527,24527,24527,24478,49,0.19977983446813716,2.1151495233600743e+20,2.1173500117200444e+20,0.9989607347166081,7651010.079627547,7672479.5229237415,0.9972017594531145,3.171654494712558e-05,3.178929542114794e-05,0.9977114788780764,6168874.134899191,1482135.9447283563,0,0,0,0,0,0,7.4788408279418945,1.478737768004181e+17,0.0003593902767709779
17.499999205271404,24526,24526,24526,24476,50,0.20386528581913071,2.1161050403872388e+20,2.117296159766673e+20,0.9994374337411703,7664392.440735677,7685770.136332942,0.9972185356551055,3.1835637692051815e-05,3.191401694408675e-05,0.9975440493068529,6182250.503577395,1482141.9371582821,0,0,0,0,0,0,7.510920524597167,1.478737768004181e+17,0.00036017396207420273
18.000000715255737,24523,24523,24523,24470,53,0.21612363903274476,2.113811133611774e+20,2.117215604719557e+20,0.9983920054716232,7677520.727042112,7698562.665966997,0.9972667704560092,3.198410501216813e-05,3.2060925081359525e-05,0.9976039347275085,6195370.770970155,1482149.9560719565,0,0,0,0,0,0,7.595664978027344,1.478737768004181e+17,0.00037015382808363185
18.50000023841858,24519,24519,24519,24462,57,0.23247277621436438,2.1140497863687858e+20,2.1171899986481218e+20,0.9985168018546559,7694601.973907063,7709257.328895865,0.9980989926313821,3.215538284166587e-05,3.2224773249001045e-05,0.997846675078239,6211921.344630076,1482680.6292769872,0,0,0,0,0,0,7.684648990631103,1.478737768004181e+17,0.0003806864049055524
18.99999976158142,24516,24516,24516,24456,60,0.24473813020068527,2.115260082437382e+20,2.117189881934649e+20,0.9990885090120006,7701610.197196795,7724013.575284157,0.9970995159616174,3.234964398226995e-05,3.241641417560965e-05,0.9979402350618428,6220416.305675449,1481193.8915213451,0,0,0,0,0,0,7.778579235076904,1.478737768004181e+17,0.0003907124632462633
19.499999284744263,24511,24511,24511,24446,65,0.26518705887152705,2.1111178351029754e+20,2.117110636751709e+20,0.9971693488546596,7725674.949600867,7739642.557028016,0.9981953162146402,3.258255831177043e-05,3.262773048918841e-05,0.9986155280572473,6242850.636166384,1482824.3134344826,0,0,0,0,0,0,7.878398895263671,1.478737768004181e+17,0.0004026070039058215
20.000000794728596,24511,24511,24511,24446,65,0.26518705887152705,2.1134109786614678e+20,2.1171106367517088e+20,0.9982524965743323,7735157.58162435,7757333.556366499,0.9971412890033652,3.2775047093800306e-05,3.2857930045452165e-05,0.997477535817466,6253938.536215724,1481219.0454086252,0,0,0,0,0,0,7.986469745635985,1.478737768004181e+17,0.00041680280094096305
20.500000317891438,24511,24511,24511,24446,65,0.26518705887152705,2.111439171722469e+20,2.1171106367517088e+20,0.9973211295948418,7759663.291787414,7777249.515237811,0.997738760545622,3.3065947950897035e-05,3.313623350308539e-05,0.997878891329583,6277537.36138832,1482125.9303990933,0,0,0,0,0,0,8.103600502014158,1.478737768004181e+17,0.00043191945022885236
20.99999984105428,24509,24509,24509,24442,67,0.2733689665021013,2.1110786961209478e+20,2.1171104733348626e+20,0.9971509388433503,7780384.150122031,7799834.802975482,0.9975062737423578,3.3381370179766876e-05,3.3436122587483875e-05,0.9983624773604134,6298636.358770746,1481747.7913512848,0,0,0,0,0,0,8.23037052154541,1.478737768004181e+17,0.00044916516464557697
21.49999936421712,24509,24509,24509,24442,67,0.2733689665021013,2.114331605491884e+20,2.1171104733348626e+20,0.9986874242615212,7798888.649668497,7824415.53001443,0.9967375351873872,3.3748241915068086e-05,3.3795199977864994e-05,0.9986105108764658,6318363.42898486,1480525.2206836375,0,0,0,0,0,0,8.226146697998047,1.478737768004181e+17,0.00046849290723795353
22.000000874201458,24509,24509,24509,24442,67,0.2733689665021013,2.1122033596884222e+20,2.1171104733348626e+20,0.997682164578445,7831616.539735777,7852303.98737907,0.9973654296017394,3.409612353488397e-05,3.418652216961484e-05,0.9973557229869022,6350161.1060679015,1481455.4336678768,0,0,0,0,0,0,8.348613739013672,1.478737768004181e+17,0.0004893468703870376
22.5000003973643,24505,24505,24505,24434,71,0.28973678841052847,2.1128333667495333e+20,2.1171100190222657e+20,0.9979799574730144,7854666.331604701,7878507.897802501,0.9969738475220098,3.4487225655215945e-05,3.459316410316968e-05,0.9969375901077512,6373915.206160562,1480751.1254441366,0,0,0,0,0,0,8.477916717529297,1.478737768004181e+17,0.0005135101476352796
22.99999992052714,24503,24503,24503,24430,73,0.29792270334244786,2.1121201920063275e+20,2.1170356948842558e+20,0.9976781199817242,7882048.933045884,7904561.048247024,0.9971520094457196,3.5012396227125216e-05,3.5124911235301744e-05,0.9967967176508208,6401145.895720374,1480903.0373255103,0,0,0,0,0,0,8.623283386230469,1.478737768004181e+17,0.0005409547090563769
23.499999443689983,24501,24501,24501,24426,75,0.3061099546957267,2.114323097813879e+20,2.1170356948580434e+20,0.9987186814796024,7911581.999317655,7940932.064144826,0.9963039521569902,3.560612312244053e-05,3.5700276617407095e-05,0.9973626676348873,6431980.331762877,1479601.667554778,0,0,0,0,0,0,8.816510200500488,1.478737768004181e+17,0.0005723188785266065
24.000000953674316,24498,24498,24498,24420,78,0.31839333823169236,2.1102170297731662e+20,2.11703568843702e+20,0.9967791479845632,7950398.095277272,7978938.976476186,0.9964229728685657,3.629165320586651e-05,3.6433869385427034e-05,0.996096594131794,6470747.5881467145,1479650.5071305586,0,0,0,0,0,0,9.033517837524414,1.478737768004181e+17,0.0005704225771369662
24.500000476837158,24497,24497,24497,24418,79,0.3224884679756705,2.1130086786158356e+20,2.1170356459474983e+20,0.9980978273373095,8002247.656872297,8028218.619464361,0.9967650404376012,3.726764012030163e-05,3.7359845550111935e-05,0.9975319643737116,6522108.402288664,1480139.254583633,0,0,0,0,0,0,9.278565406799316,1.478737768004181e+17,0.0006068500736542221
25.0,24494,24494,24494,24412,82,0.3347758634767698,2.114355252270478e+20,2.117029295660851e+20,0.9987368888111972,8060125.179842673,8082649.316028675,0.99721327311067,3.8297002481364326e-05,3.8372381040846456e-05,0.9980356038005072,6579650.129771821,1480475.050070852,0,0,0,0,0,0,9.563715934753418,1.478737768004181e+17,0.0006549078523715122
25.499999523162842,24494,24494,24494,24412,82,0.3347758634767698,2.1113181473491072e+20,2.117029295660851e+20,0.9973022818704259,8114085.031236241,8147429.670159857,0.9959073425272094,3.977089907871422e-05,3.988900935692055e-05,0.9970390270375107,6635606.844156532,1478478.18707971,0,0,0,0,0,0,9.893283843994139,1.478737768004181e+17,0.0007146367926153585
25.999999046325684,24492,24492,24492,24408,84,0.34296913277804997,2.1111916671176632e+20,2.117029295560713e+20,0.9972425377129684,8196041.6533474345,8223359.366225959,0.9966780348928054,4.1610820665227564e-05,4.169006825586697e-05,0.9980991254283146,6716486.661999214,1479554.991348222,0,0,0,0,0,0,10.280313491821287,1.478737768004181e+17,0.0007874942099111343
26.500000556310017,24491,24491,24491,24406,85,0.34706626924176226,2.110832534711127e+20,2.117028552960274e+20,0.9970732476704279,8287351.2866667155,8316686.371941333,0.9964727435949025,4.403720647714456e-05,4.414658806154657e-05,0.9975223094421359,6808248.954930259,1479102.331736457,0,0,0,0,0,0,10.731814384460447,1.478737768004181e+17,0.0008789509486712818
27.00000007947286,24489,24489,24489,24402,87,0.355261546000245,2.111297555241244e+20,2.1170276311918733e+20,0.9972933390824932,8399006.349580418,8435108.688414332,0.995719991268933,4.7573902620780887e-05,4.764941971674468e-05,0.9984151518231972,6921312.586819525,1477693.762760894,0,0,0,0,0,0,11.280787467956541,1.478737768004181e+17,0.000999659613529455
27.4999996026357,24486,24486,24486,24396,90,0.36755697133055626,2.10969678860307e+20,2.1157452304636196e+20,0.9971412239179553,8554570.85812622,8585956.716987288,0.9963445123361766,5.2889929557610316e-05,5.298599821487451e-05,0.9981869048333372,7076059.681050486,1478511.1770757325,0,0,0,0,0,0,11.941435813903809,1.478737768004181e+17,0.0011581149876846346
27.999999125798542,24483,24483,24483,24390,93,0.37985540987624067,2.1074053186741876e+20,2.1157452062699645e+20,0.9960581796092167,8778220.865025772,8806208.686765445,0.9968218080294037,6.206006064073339e-05,6.214270518131871e-05,0.9986700846005306,7299393.560077028,1478827.304948744,0,0,0,0,0,0,12.776431083679197,1.478737768004181e+17,0.0013134735372978257
28.50000063578288,24482,24482,24482,24388,94,0.383955559186341,2.1094214456462718e+20,2.1157452062653134e+20,0.9970110953812797,9098699.239430986,9128997.019599836,0.9966811490787212,7.738778700787927e-05,7.74917904127439e-05,0.9986578784112398,7620270.474279143,1478428.7651518448,0,0,0,0,0,0,13.810319900512694,1.478737768004181e+17,0.0016362070290898963
29.00000015894572,24479,24479,24479,24382,97,0.39625801707586095,2.109218842637142e+20,2.115258891156163e+20,0.9971445346268135,9626537.613402609,9657086.646032043,0.9968366202200344,0.00011359713821593451,0.00011370947611242948,0.999012062139976,8148646.073868509,1477891.539534099,0,0,0,0,0,0,15.16817569732666,1.478737768004181e+17,0.002226277220957867
29.499999682108562,24476,24476,24476,24376,100,0.4085634907664651,2.1108746116662247e+20,2.1146004146831947e+20,0.9982380581262073,10830890.864500722,10861445.78939808,0.9971868455185605,0.0002379142217704225,0.00023804217256928096,0.9994624868464379,9353266.726470932,1477624.13802979,0,0,0,0,0,0,16.782705307006836,1.478737768004181e+17,0.0035137923927163416
29.999999205271404,24473,24473,24473,24370,103,0.42087198136722104,2.106910564429809e+20,2.114567535942696e+20,0.9963789420849718,16326918.301504329,16353172.552989187,0.9983945469052083,0.0013916799937695606,0.00139168491671388,0.9999964626013689,14850103.647022603,1476814.6544817262,0,0,0,0,0,0,18.874469757080078,1.478737768004181e+17,0.010428623600213313
30.500000715255737,24473,24473,24473,24370,103,0.42087198136722104,2.109902410762868e+20,2.1145675359426956e+20,0.9977938159455627,25262474.49657972,25287375.66451092,0.9990152727486804,0.004341734924110076,0.004341789181207696,0.9999875035163257,23785161.102641653,1477313.3939380692,0,0,0,0,0,0,20.525123596191406,1.478737768004181e+17,0.015309423715131066
31.00000023841858,24471,24471,24471,24366,105,0.42907931837685426,2.111195626086801e+20,2.1145060883343717e+20,0.9984344040124385,154307701.31147105,154323609.42952305,0.9998969171463082,0.03372618510730434,0.033726145750253136,1.000001166959649,152830713.05911064,1476988.2523604082,0,0,0,0,0,0,21.563350677490234,1.478737768004181e+17,0.07154510961588681
31.49999976158142,24468,24468,24468,24360,108,0.4413928396272683,2.109901866088828e+20,2.1144715316411672e+20,0.9978388616332932,207427931.4847325,207455791.75429732,0.999865705028868,0.06514990244522677,0.06514982405689966,1.0000012032009025,205952815.50373462,1475115.9809978772,0,0,0,0,0,0,22.171058654785156,1.478737768004181e+17,0.08714577549560482
31.999999284744263,24467,24467,24467,24358,109,0.44549801773817793,2.106851169085226e+20,2.1144715184656073e+20,0.9963960974107086,535898024.39912915,508248122.8212327,1.0544023683243822,0.16435404334661435,0.15586809700945436,1.054443125308993,534423229.5807594,1474794.818369749,0,0,0,0,0,0,22.818775177001953,1.478737768004181e+17,0.05320299902288111
32.5000007947286,24461,24461,24461,24346,115,0.4701361350721557,2.1075355323718474e+20,2.1124679084724145e+20,0.9976651119381341,911762858.3792312,831257220.8526974,1.0968480459561623,0.565954844723788,0.5138493015903309,1.101402381928308,910288085.9861975,1474772.393033489,0,0,0,0,0,0,23.36518287658691,1.478737768004181e+17,0.06688652372399867
33.00000031789144,24459,24459,24459,24342,117,0.4783515270452594,2.10871052515126e+20,2.1124673495595064e+20,0.9982215940951561,1072039002.3958335,1038765807.5443554,1.032031469085545,0.8474884673376848,0.8203512080053201,1.0330800504315083,1070564890.9263704,1474111.4694633277,0,0,0,0,0,0,23.89961433410644,1.478737768004181e+17,0.07392756227145247
33.49999984105428,24455,24455,24455,24334,121,0.49478634226129625,2.1020034645534648e+20,2.1122540609658906e+20,0.9951470816878257,1772315927.0787218,1703744778.9044223,1.0402473122872273,1.2534525024066645,1.2111434448239742,1.0349331516126394,1770842196.3737516,1473730.704969991,0,0,0,0,0,0,24.072099685668945,1.478737768004181e+17,0.06698748044125344
33.999999364217125,24453,24453,24453,24330,123,0.5030057661636609,2.104682418169436e+20,2.112235724139901e+20,0.9964240231882543,4378182443.922335,3703929928.9465685,1.182037060071363,8.120160202911826,6.771542960022797,1.1991595196029723,4376709276.144468,1473167.7778663666,0,0,0,0,0,0,24.29286766052246,1.478737768004181e+17,0.06041555118665283
34.49999888737997,24446,24446,24446,24316,130,0.5317843409964821,2.1061740522307053e+20,2.111151299592965e+20,0.9976424013933917,5759641975.936807,4431041938.213352,1.299839192733789,12.710176914237957,8.873971751330192,1.432298554740466,5758169201.010705,1472774.9261023463,0,0,0,0,0,0,24.57044410705566,1.478737768004181e+17,0.053596754763161995
34.99999841054281,24442,24442,24442,24308,134,0.5482366418460027,2.1056013160162348e+20,2.1111181634849686e+20,0.9973867651919461,13102168936.272785,12040297196.590885,1.0881931502473676,34.971388435578596,30.077817442486747,1.1626970109267099,13100695980.551914,1472955.7208731696,0,0,0,0,0,0,25.525993347167965,1.478737768004181e+17,0.03659998119865249
35.50000190734863,24436,24436,24436,24296,140,0.5729251923391717,2.10301758603198e+20,2.110764584248924e+20,0.9963297668177901,19698099787.4449,18736343687.668854,1.0513310449364257,77.14256162319663,73.21511022284508,1.0536426345381102,19696626456.07178,1473331.3731202167,0,0,0,0,0,0,26.58172798156738,1.478737768004181e+17,0.028104077251787977
36.000001430511475,24430,24430,24430,24284,146,0.5976258698321736,2.1015942730812228e+20,2.108675355750201e+20,0.996641928474353,37450734945.48053,35425775526.685776,1.0571606235485058,277.3033845949805,262.78451334283284,1.05525010232702,37449262790.77292,1472154.7076169779,0,0,0,0,0,0,27.66133689880371,1.478737768004181e+17,0.030354963572097392
36.500000953674316,24425,24425,24425,24274,151,0.6182190378710338,2.0985684938656757e+20,2.1082388501258096e+20,0.9954130641983204,57957835022.43112,52384165656.50725,1.1063998881355,546.9119551151819,482.2444121616047,1.134097029063981,57956365524.95872,1469497.4724065373,0,0,0,0,0,0,28.86600685119629,1.478737768004181e+17,0.026395776831781015
37.00000047683716,24416,24416,24416,24256,160,0.6553079947575361,2.0977992616211205e+20,2.1062692662629086e+20,0.9959786695948822,98805665677.533,89385635376.36543,1.1053863997442517,1339.5407003702335,1225.0002361459615,1.093502401750251,98804192396.6015,1473280.9315025867,0,0,0,0,0,0,30.65743827819824,1.478737768004181e+17,0.023439767783533096
37.5,24405,24405,24405,24234,171,0.7006760909649662,2.0929472961094533e+20,2.1059363097789556e+20,0.9938321906464181,143545662920.85785,132383437847.69736,1.0843173833119688,2646.4202046710006,2364.379239752451,1.1192875322945566,143544192025.93216,1470894.9257094297,0,0,0,0,0,0,33.39952850341797,1.478737768004181e+17,0.020392908054743107
37.99999952316284,24394,24394,24394,24212,182,0.7460851028941543,2.0962187217993023e+20,2.1051264758115926e+20,0.9957685421210353,235211713772.72107,207616929204.54004,1.1329120157682093,6340.12874021495,5417.960905198399,1.1702057012134868,235210245787.95038,1467984.770675158,0,0,0,0,0,0,37.16730499267578,1.478737768004181e+17,0.020048478846472668
38.499999046325684,24382,24382,24382,24188,194,0.7956689361004019,2.098971750818431e+20,2.1033650425931255e+20,0.9979113032280511,351627872868.31366,295721899911.3787,1.1890491470996525,12516.67634122107,10024.955510997894,1.248551809281311,351626400735.71045,1472132.6032751584,0,0,0,0,0,0,48.87373733520508,1.478737768004181e+17,0.016557107548999955
38.999998569488525,24368,24368,24368,24160,208,0.8535784635587655,2.094341717728945e+20,2.1005630152895942e+20,0.9970382713989699,494734340046.6397,420239237557.1619,1.177268317262604,23087.073777390113,18982.424269282055,1.2162342095972603,494732875810.6149,1464236.024865062,0,0,0,0,0,0,139.07833862304688,1.478737768004181e+17,0.014542152675551834
39.49999809265137,24355,24355,24355,24134,221,0.9074112091972901,2.0873368038469422e+20,2.0955984115870476e+20,0.9960576379069458,682264226871.8156,584298852663.0247,1.1676631295137752,48175.93597337868,40838.36106014764,1.1796735893104058,682262758356.279,1468515.5365504979,0,0,0,0,0,0,200.3773651123047,1.478737768004181e+17,0.01683325831592143
40.00000158945719,24331,24331,24331,24086,245,1.0069458715219268,2.0742465628585748e+20,2.0856373457741074e+20,0.9945384642547697,915644324280.5778,801277616942.4219,1.1427304406362495,490766.4931695933,476670.968027706,1.0295707649245127,915642863797.205,1460483.3728195003,0,0,0,0,0,0,397.46145629882807,1.478737768004181e+17,0.02048380191129
40.50000111262003,24308,24308,24308,24040,268,1.1025176896494981,2.036171582267476e+20,2.05354583554312e+20,0.9915393886150834,1182283199070.518,1023391082930.8451,1.1552604070817472,56212756.259137124,54243215.668602474,1.036309436419985,1182281740969.9468,1458100.5715879544,0,0,0,0,0,0,907.8564453125,1.478737768004181e+17,0.024511694280987317
41.000000635782875,24284,24284,24284,23992,292,1.2024378191401746,1.9931307168053035e+20,2.0178114665174768e+20,0.9877685551293007,1345695884961.3772,1169177316191.9243,1.1509767306676661,999830729.1969396,inf,0.0,1345694430793.6318,1454167.7455541815,0,0,0,0,0,0,1921.865966796875,1.478737768004181e+17,0.024878943774595187
41.50000015894572,24268,24268,24268,23960,308,1.2691610351079612,1.9687080421709074e+20,1.992166059538894e+20,0.9882248684763677,1418294023262.7393,1252242647205.5557,1.1326031950977997,5488272970.722842,inf,0.0,1418292571722.7087,1451540.0304001141,0,0,0,0,0,0,2576.5673828124995,1.478737768004181e+17,0.015287446922459565
41.99999968210856,24260,24260,24260,23944,316,1.302555647155812,1.939820553423677e+20,1.9728084353331534e+20,0.9832787201642791,1510398175346.3025,1293940235524.816,1.1672858868429052,15334293873.084799,inf,0.0,1510396721194.8293,1454151.4730738846,0,0,0,0,0,0,3394.4592285156245,1.478737768004181e+17,0.011889195204537741
42.4999992052714,24241,24241,24241,23906,335,1.381956189926158,1.9175032943300752e+20,1.9499251659964976e+20,0.9833727610516513,1509553630578.2197,1306102948842.7566,1.1557692538063145,32248143015.477352,inf,0.0,1509552179296.7769,1451281.4426412932,0,0,0,0,0,0,3602.2099609375,1.478737768004181e+17,0.01154126439927981
42.99999872843424,24223,24223,24223,23870,353,1.457292655740412,1.8889357974019237e+20,1.923798993357606e+20,0.9818779425105969,1450477078100.3623,1302186677886.5532,1.1138779890257242,45540106671.81131,inf,0.0,1450475629436.3074,1448664.0548827867,0,0,0,0,0,0,3600.754638671875,1.478737768004181e+17,0.011757633337113304
43.499998251597084,24205,24205,24205,23834,371,1.5327411691799215,1.8608503707163073e+20,1.898442996646684e+20,0.980198180299973,1405303078454.0312,1293653368513.1646,1.0863057389702384,53581054643.057556,inf,0.0,1405301633840.2573,1444613.7738776873,0,0,0,0,0,0,3667.0944824218745,1.478737768004181e+17,0.009532626037572543
44.000001748402916,24191,24191,24191,23808,383,1.5832334339217065,1.833739587981162e+20,1.870952228332075e+20,0.9801103204093631,1361081617823.2417,1282609967709.2744,1.0611812258516256,58260625409.44775,inf,0.0,1361080173783.0283,1444040.2135195169,0,0,0,0,0,0,3730.0771484374995,1.478737768004181e+17,0.009280193489794806
44.50000127156576,24180,24180,24180,23786,394,1.6294458229942101,1.8048887860213554e+20,1.842201947427955e+20,0.9797453468884366,1315853648036.8718,1268298416176.8477,1.0374953017787205,61257441512.58941,inf,0.0,1315852207059.3657,1440977.5062690834,0,0,0,0,0,0,3761.496826171875,1.478737768004181e+17,0.007810175447149445
45.0000007947286,24161,24161,24161,23748,413,1.70936633417491,1.7770046760909983e+20,1.814539763097723e+20,0.9793142659256769,1282414390995.3286,1252161928902.4648,1.0241601835949288,63417152393.06096,inf,0.0,1282412952117.5283,1438877.8002283205,0,0,0,0,0,0,3754.3127441406245,1.478737768004181e+17,0.007934832465633479
45.50000031789144,24130,24130,24130,23686,444,1.8400331537505181,1.7480001734547964e+20,1.786834901758604e+20,0.9782661910926485,1258839989655.1274,1231132403221.5703,1.0225057730273797,65001454469.39246,inf,0.0,1258838552722.4946,1436932.632994323,0,0,0,0,0,0,3745.456787109375,1.478737768004181e+17,0.007002727852063865
45.99999984105428,24043,24043,24043,23513,530,2.2043838123362307,1.723526512556426e+20,1.7611632126911588e+20,0.9786296353094829,1207974136256.524,1191461436958.3403,1.0138591974410338,64032365785.62059,inf,0.0,1207972706993.6934,1429262.830481512,0,0,0,0,0,0,3735.341552734375,1.478737768004181e+17,0.007198039213432628
46.499999364217125,23876,23876,23876,23179,697,2.9192494555201876,1.696907039588969e+20,1.7360522216898475e+20,0.9774516102615997,1234803034940.0312,1128373746459.2612,1.0943209542181709,67736035640.60261,inf,0.0,1234801594783.0708,1440156.96065079,0,0,0,0,0,0,3724.429443359375,1.478737768004181e+17,0.00491215771995101
46.99999888737997,23629,23629,23629,22686,943,3.990858690592069,1.646974901971052e+20,1.7129950912205586e+20,0.9614592069832114,1203941475820.5757,1024649298451.5925,1.174979066144799,65084895395.26133,inf,0.0,1203940086172.2598,1389648.315965663,0,0,0,0,0,0,3712.85791015625,1.478737768004181e+17,0.004950738953223024
47.49999841054281,23181,23181,23181,21793,1388,5.987662309650145,1.601955228388022e+20,1.6932130509956343e+20,0.9461037566690433,1054300734923.1652,826664190758.9866,1.2753676120350372,53640373259.54768,inf,0.0,1054299445596.3344,1289326.830935179,0,0,0,0,0,0,3700.75146484375,1.478737768004181e+17,0.004817100927291749
48.00000190734863,22831,22831,22831,21097,1734,7.594936708860759,1.5771721347000638e+20,1.6793632315688505e+20,0.9391489018291056,872229560528.2982,655006176692.5825,1.3316356266021385,40668457814.36696,inf,0.0,872228331984.7649,1228543.533442023,0,0,0,0,0,0,3498.181396484375,1.478737768004181e+17,0.0050303912366013856
48.500001430511475,22514,22514,22514,20466,2048,9.096562139113441,1.5417388700952317e+20,1.6696857689150557e+20,0.9233706717743887,747966788385.2516,502403380457.3244,1.488777379850425,31294096717.82817,inf,0.0,747965612778.2427,1175607.0089756586,0,0,0,0,0,0,3144.5961914062495,1.478737768004181e+17,0.005286697282002684
49.000000953674316,22296,22296,22296,20030,2266,10.163257983494796,1.551156028980797e+20,1.6632636500215798e+20,0.9325978049004269,662283927684.7332,399134092414.2365,1.6593018243036723,26426206440.236366,inf,0.0,662282763146.4517,1164538.2815573034,0,0,0,0,0,0,3130.8134765625,1.478737768004181e+17,0.005845857454852934
49.50000047683716,22074,22074,22074,19592,2482,11.243997463078735,1.5028646807138848e+20,1.658051250989237e+20,0.9064042379976109,516498883396.11957,293061359017.591,1.7624257429486523,17809983393.35074,inf,0.0,516497751943.22296,1131452.8965057714,0,0,0,0,0,0,3009.4499511718745,1.478737768004181e+17,0.0056324830132240215
50.0,21873,21873,21873,19234,2639,12.065103095140127,1.5009867013240285e+20,1.6545134363560103e+20,0.9072073204977305,354791425800.7711,210620118114.65857,1.6845087210882095,9469523740.143291,inf,0.0,354790332376.08594,1093424.6851501008,0,0,0,0,0,0,3074.353515625,1.478737768004181e+17,0.007070237285942479
50.49999952316284,21678,21678,21678,18893,2785,12.847126118645631,1.5046942340972773e+20,1.651945796133193e+20,0.9108617471707631,217341586553.02518,126845157752.02856,1.713440153371163,3590435186.702735,inf,0.0,217340501260.8563,1085292.1688744384,0,0,0,0,0,0,2817.314697265625,1.478737768004181e+17,0.008143940848429735
50.999999046325684,21562,21562,21562,18670,2892,13.412484927186718,1.5025936450485243e+20,1.650154610405359e+20,0.9105774910869797,148625197298.41556,89305411843.83577,1.6642350584341914,1667949241.6681306,inf,0.0,148624110570.77963,1086727.6359500273,0,0,0,0,0,0,2313.7607421875,1.478737768004181e+17,0.013475004818182713
51.499998569488525,21457,21457,21457,18478,2979,13.883581115719812,1.5143863432225882e+20,1.6485605481606595e+20,0.9186112969355158,101905132667.5401,68195992895.0493,1.49429795419751,817309624.5679848,inf,0.0,101904055996.01755,1076671.5225724673,0,0,0,0,0,0,2298.644775390625,1.478737768004181e+17,0.019248068208632264
51.99999809265137,21359,21359,21359,18348,3011,14.09710192424739,1.495291594822243e+20,1.6471802541377697e+20,0.9077886837618546,77276839027.68689,51757749327.03821,1.493048674497087,449004355.7599778,inf,0.0,77275771128.15059,1067899.5363117391,0,0,0,0,0,0,1976.9044189453123,1.478737768004181e+17,0.02484425978945967
52.50000158945719,21267,21267,21267,18209,3058,14.379084967320262,1.4832127509369592e+20,1.6460224961362526e+20,0.9010889914436403,59119765770.66869,37227022960.86795,1.588087391054982,234410620.20763728,inf,0.0,59118700973.95889,1064796.709794387,0,0,0,0,0,0,1962.089599609375,1.478737768004181e+17,0.02492902372197225
53.00000111262003,21208,21208,21208,18120,3088,14.560543191248586,1.4874415506719854e+20,1.6452720228916324e+20,0.9040702874517652,45896698376.20447,30503726061.184196,1.5046259687798513,133307259.36375904,98649009.75240043,1.3513289154989747,45895635284.35201,1063091.852457142,0,0,0,0,0,0,1946.62109375,1.478737768004181e+17,0.014470828691377216
53.500000635782875,21157,21157,21157,18037,3120,14.746892281514393,1.490134715754878e+20,1.6445882680531406e+20,0.9060837564644042,37348494713.27669,23886898937.854973,1.5635556047038124,87105066.46469301,54073450.486020535,1.6108656962294656,37347430558.99141,1064154.285285337,0,0,0,0,0,0,1353.193359375,1.478737768004181e+17,0.01702906664875511
54.00000015894572,21109,21109,21109,17974,3135,14.851485148514852,1.477218198650273e+20,1.6440856692988107e+20,0.8985043944092614,31418741595.776863,19257603493.79475,1.6314980005638144,57762732.36132322,34335487.11153439,1.6823041471259301,31417682187.530106,1059408.2467529674,0,0,0,0,0,0,1137.918212890625,1.478737768004181e+17,0.014099825103086053
54.49999968210856,21073,21073,21073,17931,3142,14.910074502918427,1.4855145201493138e+20,1.6437085236143155e+20,0.9037578736179135,24142652255.899345,15311936578.302338,1.576721019737667,34600609.66023998,20947167.18833009,1.6518037665501795,24141593175.841812,1059080.0575286278,0,0,0,0,0,0,1112.3338623046873,1.478737768004181e+17,0.01704803579652095
54.9999992052714,21041,21041,21041,17886,3155,14.994534480300366,1.4816996030713332e+20,1.6434204638876847e+20,0.9015949573648464,20055820370.14936,12431812166.726707,1.613266038866645,22721364.22614173,14347692.503729964,1.583624978039839,20054763192.54608,1057177.6032820717,0,0,0,0,0,0,1096.7303466796875,1.478737768004181e+17,0.018910035166793352
55.49999872843424,21008,21008,21008,17839,3169,15.084729626808835,1.4935560508156304e+20,1.6431282352552093e+20,0.9089710825787449,17815676748.63053,9964044604.30431,1.7879964869822482,18535698.477371,9964474.725703916,1.8601781817517322,17814617595.101673,1059153.528856385,0,0,0,0,0,0,1080.6727294921875,1.478737768004181e+17,0.018890966549365416
55.999998251597084,20978,20978,20978,17805,3173,15.125369434645819,1.488036868883551e+20,1.6428305747492055e+20,0.9057762204789224,13699196780.145359,7441867667.747455,1.840827785680299,10851617.59374348,5578751.821434944,1.9451694466939509,13698134697.098042,1062083.0473179799,0,0,0,0,0,0,890.9244995117188,1.478737768004181e+17,0.022590997203532123
56.500001748402916,20963,20963,20963,17785,3178,15.160043886848257,1.4913014284875284e+20,1.6425818502210644e+20,0.9079008320266195,9974311604.437267,6026180858.365358,1.6551630027152662,7057856.958045378,4181088.7337828865,1.6880428537711765,9973254541.878262,1057062.5590061361,0,0,0,0,0,0,874.7432250976562,1.478737768004181e+17,0.028149618316931743
57.00000127156576,20941,20941,20941,17751,3190,15.233274437705935,1.501561349319966e+20,1.642340137106519e+20,0.9142815884445364,7806591998.415099,4335153178.608685,1.800764973412204,3902580.032112729,2099154.714352303,1.8591197711298162,7805532134.457022,1059863.9580779606,0,0,0,0,0,0,685.0797729492188,1.478737768004181e+17,0.03262835041698813
57.5000007947286,20919,20919,20919,17723,3196,15.277976958745638,1.491992728043912e+20,1.641386362784046e+20,0.9089832606585452,6344193849.795195,3645902924.8573895,1.7400885269163742,2636297.608050359,1549722.1342723835,1.7011421271905225,6343138039.403521,1055810.3916741838,0,0,0,0,0,0,668.9247436523436,1.478737768004181e+17,0.03624139007965541
58.00000031789144,20897,20897,20897,17698,3199,15.308417476192755,1.4707017474594773e+20,1.6410074389392753e+20,0.8962188181243826,5478230422.930223,2883466039.8925414,1.8998768659451184,2011225.6994670716,1043413.3067943177,1.9275446137889187,5477164982.258509,1065440.6717144623,0,0,0,0,0,0,579.9046020507812,1.478737768004181e+17,0.03770470437880444
58.49999984105428,20877,20877,20877,17677,3200,15.327872778655937,1.4808884899581392e+20,1.6400304948507532e+20,0.9029639964669703,4415831202.821188,2456249366.226013,1.7977943377980552,1402403.9870954119,805986.5907419408,1.73998426674127,4414779338.658739,1051864.1624495655,0,0,0,0,0,0,555.2418823242188,1.478737768004181e+17,0.042528964118296604
58.999999364217125,20855,20855,20855,17658,3197,15.32965715655718,1.4933227028045405e+20,1.6393406156191203e+20,0.9109288750468528,3459505218.838626,1820109281.3354087,1.9007129156005387,934055.4901769867,481694.6870779125,1.939102745440716,3458448115.5408664,1057103.297759176,0,0,0,0,0,0,460.4060668945312,1.478737768004181e+17,0.047715118652364066
59.49999888737997,20832,20832,20832,17640,3192,15.32258064516129,1.493712464990767e+20,1.638145388149291e+20,0.9118314380375613,2331956729.6446285,1560180583.716251,1.4946710361502231,571111.0537477327,373189.6396842799,1.530350773485821,2330906989.744009,1049739.9006195324,0,0,0,0,0,0,445.9075622558593,1.478737768004181e+17,0.0633296998414967
59.99999841054281,20813,20813,20813,17618,3195,15.350982558977561,1.4916606856691738e+20,1.6377290206084612e+20,0.9108104374403655,2035072445.1719227,1133567317.7959223,1.7952815092877437,401239.4509717037,224448.00180925493,1.7876721901614137,2034021189.3481512,1051255.8237712912,0,0,0,0,0,0,415.0690002441406,1.478737768004181e+17,0.0656226495001529
60.50000190734863,20788,20788,20788,17595,3193,15.35982297479315,1.4918481789667846e+20,1.6361199951423147e+20,0.9118207609442601,1338577249.591291,767755911.0780046,1.743493251275392,221008.66845431222,120373.68960546046,1.836021386223977,1337528005.5237002,1049244.0675909147,0,0,0,0,0,0,393.3912048339843,1.478737768004181e+17,0.05078734561214861
61.000001430511475,20773,20773,20773,17573,3200,15.404611755644346,1.4648078605763202e+20,1.6331103471102788e+20,0.896943591820502,907716737.6309221,559394651.4910747,1.6226768261215758,121098.56456107384,74787.24479209534,1.6192408865672423,906663882.7959247,1052854.834997446,0,0,0,0,0,0,362.88928222656244,1.478737768004181e+17,0.06581931293093439
61.500000953674316,20756,20756,20756,17553,3203,15.431682405087685,1.480234464333284e+20,1.6282316678101382e+20,0.9091055613259872,572268767.6947947,440490354.39437795,1.299162994117309,67103.69604481997,51638.11473678868,1.2994993404941855,571213125.8027421,1055641.8920525443,0,0,0,0,0,0,349.67105102539057,1.478737768004181e+17,0.09400092877868443
62.00000047683716,20735,20735,20735,17541,3194,15.403906438389196,1.493289833161853e+20,1.6279189985285e+20,0.9172998377140752,157286444.8365025,120061081.16696556,1.3100535436439114,9561.227777482802,7344.88375116954,1.3017534519808225,156231177.6749205,1055267.1615820073,0,0,0,0,0,0,298.50830078125,1.478737768004181e+17,0.14923096380879847
62.5,20725,20725,20725,17527,3198,15.430639324487334,1.4833097389209515e+20,1.6251207661975034e+20,0.9127381606178322,119982145.80074167,94759219.04417637,1.2661791328694518,5929.431515537402,4681.141977941465,1.2666634644875425,118925676.08790861,1056469.712833081,0,0,0,0,0,0,273.2622985839844,1.478737768004181e+17,0.1628156444170865
62.99999952316284,20719,20719,20719,17519,3200,15.444760847531251,1.5024883216902963e+20,1.6245867221390203e+20,0.9248434086128917,125389779.18871504,74359862.27094975,1.6862562054220103,5247.959572984022,3044.312986493927,1.7238567769695683,124342601.69970644,1047177.4890086006,0,0,0,0,0,0,259.5032043457031,1.478737768004181e+17,0.1308204509147229
63.499999046325684,20712,20712,20712,17516,3196,15.430668211664736,1.49571166848363e+20,1.6244336018678815e+20,0.9207588828276894,76338234.56826247,47679298.22686502,1.60107714264237,2337.8962364716203,1477.134917717661,1.5827235606101113,75289755.65985426,1048478.9084082022,0,0,0,0,0,0,250.08392333984372,1.478737768004181e+17,0.19060913963052883
63.999998569488525,20702,20702,20702,17519,3183,15.375326055453579,1.491105800284121e+20,1.622207686878334e+20,0.9191830444062951,24420133.15747428,15417787.929099547,1.5838934398224338,395.28714566849555,204.0237356684955,1.9374566609777755,23364332.979982182,1055800.1774920914,0,0,0,0,0,0,183.0552520751953,1.478737768004181e+17,0.20050644883655175
64.49999809265137,20691,20691,20691,17498,3193,15.43183026436615,1.4946440024892578e+20,1.6218703660936128e+20,0.9215557751938038,17651622.627365015,12099894.384066477,1.4588245208660027,215.813876090157,108.56936449942191,1.9877971754297792,16606934.055424025,1044688.5719409902,0,0,0,0,0,0,165.348388671875,1.478737768004181e+17,0.20443038147014353
65.0000015894572,20687,20687,20687,17504,3183,15.386474597573356,1.4847436345653766e+20,1.621870172713188e+20,0.9154515938113494,12756921.663792226,9409052.631645095,1.3558136151653968,98.57775371401144,51.751016494620636,1.904846713962774,11699276.306484528,1057645.357307699,0,0,0,0,0,0,148.72116088867188,1.478737768004181e+17,0.20582737118863345
65.50000111262004,20678,20678,20678,17493,3185,15.402843601895734,1.5058391467574074e+20,1.6217730524081593e+20,0.9285141003677411,9793329.838567764,8249451.719938004,1.18714917924768,45.0104697343514,26.46947257757032,1.7004671930067976,8742059.965075389,1051269.8734923734,0,0,0,0,0,0,133.08074951171875,1.478737768004181e+17,0.19210861437639934
66.00000063578288,20673,20673,20673,17495,3178,15.372708363566003,1.4962540708716387e+20,1.621772137490592e+20,0.9226043759679023,7376734.120803914,7691820.780004741,0.9590361413490146,15.918167493207209,15.91817055753273,0.9999998074951195,6324732.919063706,1052001.2017402076,0,0,0,0,0,0,122.18629455566405,1.478737768004181e+17,0.19739478376062372
66.50000015894572,20662,20662,20662,17475,3187,15.424450682412157,1.4734666580466919e+20,1.620548123257292e+20,0.9092396806365939,7544168.878619801,7321804.077403719,1.0303702200803675,12.884268870314001,9.893534665231513,1.3022917800644815,6492589.970478351,1051578.9081414498,0,0,0,0,0,0,112.87462615966797,1.478737768004181e+17,0.15216362880551354
66.99999968210857,20652,20652,20652,17478,3174,15.368971528181289,1.4748624795965066e+20,1.6191564878959903e+20,0.9108832226050082,5490517.62023613,5762654.724378832,0.9527757401477779,3.023085286531643e-05,2.9470838095984852e-05,1.025788705664096,4440802.885925426,1049714.7343107038,0,0,0,0,0,0,9.509185791015625,1.478737768004181e+17,0.0013361038370341837
67.50000317891438,20644,20644,20644,17467,3177,15.38945940709165,1.489859520135801e+20,1.6189794016052796e+20,0.9202461246008126,5622856.003696227,5885092.761538934,0.955440505618448,3.325201592168367e-05,3.173424795730533e-05,1.0478274439154922,4575676.403295804,1047179.6004004234,0,0,0,0,0,0,10.009782791137695,1.478737768004181e+17,0.001461076428457955
67.99999872843425,20638,20638,20638,17461,3177,15.39393352068999,1.4917053041164557e+20,1.6188687995001104e+20,0.9214491653536584,5790076.064961297,6015361.839642229,0.9625482588268821,3.576923178240176e-05,3.4943652563136354e-05,1.0236260138453972,4738398.919923449,1051677.145037849,0,0,0,0,0,0,10.597281455993652,1.478737768004181e+17,0.0015462213835218605
68.50000222524007,20632,20632,20632,17476,3156,15.296626599457154,1.486382268698114e+20,1.6186993014448705e+20,0.9182571879603281,5997302.254932946,6193639.8317324985,0.9683001301119195,4.057552030161059e-05,3.9818976555618384e-05,1.0189995778755259,4944748.287320266,1052553.9676126796,0,0,0,0,0,0,11.226053237915039,1.478737768004181e+17,0.0018303253664080446
68.99999777475993,20625,20625,20625,17459,3166,15.35030303030303,1.4869936046172668e+20,1.617523643938259e+20,0.9193025463274314,6236026.747078294,6445408.583788543,0.9675145750671439,5.0985700712439136e-05,4.866100082469951e-05,1.0477733677553063,5184273.104709768,1051753.6423685255,0,0,0,0,0,0,12.011613845825194,1.478737768004181e+17,0.0021420702067350816
69.50000127156575,20615,20615,20615,17456,3159,15.323793354353626,1.4884735229439974e+20,1.6174361368932693e+20,0.9202672606307782,6670551.70126621,6783468.221749955,0.9833541609111253,6.949757411769763e-05,6.454986918006066e-05,1.076649341051884,5617363.604059037,1053188.0972071725,0,0,0,0,0,0,13.03330135345459,1.478737768004181e+17,0.0025893453174568935
69.99999682108562,20611,20611,20611,17445,3166,15.360729707437775,1.5064011281799863e+20,1.6165885182271947e+20,0.9318395566931011,7292810.387147043,7364051.526905835,0.9903258227487274,0.00010987615149320325,0.00010025726342816716,1.0959420568259164,6234736.583172297,1058073.803974746,0,0,0,0,0,0,14.277693748474121,1.478737768004181e+17,0.003276223965228903
70.50000031789143,20607,20607,20607,17439,3168,15.373416800116466,1.491371731022293e+20,1.6165144159859907e+20,0.9225848630076292,8439459.74534389,8402300.079507053,1.004422558761912,0.00020572507217089917,0.0001940863345057353,1.0599668064977543,7382576.42805252,1056883.3172913706,0,0,0,0,0,0,15.748183250427246,1.478737768004181e+17,0.0043465906465861995
71.00000381469727,20604,20604,20604,17435,3169,15.380508639099205,1.486177270050936e+20,1.6164341103755556e+20,0.9194171667817896,12384608.198814873,11746765.83583054,1.054299402226846,0.0007919696039564946,0.0007263535368784541,1.0903362670470764,11321973.610101227,1062634.5887136445,0,0,0,0,0,0,17.505081176757812,1.478737768004181e+17,0.006274734324183638
71.49999936421712,20594,20594,20594,17432,3162,15.353986598038263,1.47418360174408e+20,1.6164017537749595e+20,0.9120155916072586,20910847.535138525,20446492.07996994,1.0227107639468134,0.0030942426096378208,0.0029436069864965378,1.0511738230790681,19855285.201812617,1055562.3333259108,0,0,0,0,0,0,19.077016830444336,1.478737768004181e+17,0.011242559990113535
72.00000286102295,20586,20586,20586,17415,3171,15.403672398717575,1.506440411366948e+20,1.6150533102299185e+20,0.9327496509403095,22748544.24559491,22577463.33067901,1.0075775082616758,0.003965874302191633,0.004028375889325366,0.9844846685485947,21694622.86162987,1053921.3839650443,0,0,0,0,0,0,20.279945373535156,1.478737768004181e+17,0.014258284381205683
72.4999984105428,20580,20580,20580,17422,3158,15.344995140913507,1.5106282409261272e+20,1.615015486160038e+20,0.9353645546259692,20299463.988720182,18662622.025149353,1.087706966436177,0.0032894503529638224,0.0027403633513642355,1.2003701448299675,19236861.899040915,1062602.089679269,0,0,0,0,0,0,20.76408195495605,1.478737768004181e+17,0.016978160029636015
73.00000190734863,20570,20570,20570,17404,3166,15.391346621293145,1.5108172678743484e+20,1.6139182674097357e+20,0.9361175831407748,16805634.626834057,15623779.588538589,1.075644630775671,0.002564150693130652,0.0021703492697455074,1.18144610587554,15751175.212531492,1054459.414302563,0,0,0,0,0,0,20.889049530029293,1.478737768004181e+17,0.015234786211025909
73.49999745686848,20564,20564,20564,17394,3170,15.4152888543085,1.510079568634976e+20,1.6138304483587814e+20,0.9357114126646222,12372270.358474277,12076837.56093987,1.0244627615502526,0.0008616826779996484,0.0007963945439902659,1.0819796349712065,11319821.568939675,1052448.7895346014,0,0,0,0,0,0,20.748027801513672,1.478737768004181e+17,0.008086813870464893
74.00000095367432,20552,20552,20552,17376,3176,15.453483845854418,1.5036968836790344e+20,1.61382661276088e+20,0.9317586361440406,14203118.937538875,13489230.06779317,1.0529228774480008,0.0013352921824014946,0.0011891859862459531,1.1228623595008653,13155344.316689398,1047774.6208494762,0,0,0,0,0,0,21.54425811767578,1.478737768004181e+17,0.012201830861388202
74.49999650319417,20547,20547,20547,17372,3175,15.452377476030565,1.5210724903996798e+20,1.613732759852868e+20,0.9425801645982347,11759656.630512282,11785768.397657936,0.9977844662931911,0.0007539047381723445,0.000660865700200918,1.1407835781810745,10705746.166557185,1053910.4639550992,0,0,0,0,0,0,21.31389045715332,1.478737768004181e+17,0.004645056855486055
75.0,20540,20540,20540,17369,3171,15.438169425511198,1.5218173955309358e+20,1.613655186631342e+20,0.9430871032044172,13162738.314288959,12844242.5809308,1.0247967703312466,0.00088749021814906,0.0008234857274398879,1.0777238616000715,12105486.561390202,1057251.7528987583,0,0,0,0,0,0,19.717273712158203,1.478737768004181e+17,0.005162937221597893
75.50000349680583,20531,20531,20531,17376,3155,15.367005990940529,1.4959158130573017e+20,1.6135948577124208e+20,0.9270702654432404,12203391.164517906,12483991.958383074,0.9775231516649012,0.0007729449604244661,0.0007293941848228065,1.0597081475392343,11153169.328663452,1050221.835854453,0,0,0,0,0,0,19.73320960998535,1.478737768004181e+17,0.005827619720726315
75.99999904632568,20522,20522,20522,17342,3180,15.495565734333885,1.533665502816207e+20,1.6135736423854732e+20,0.9504775378884277,12235360.007023353,12164768.975378733,1.0058029077072894,0.0006572876105316238,0.0006079323303242524,1.081185483557104,11186780.765776018,1048579.2412473352,0,0,0,0,0,0,19.576063156127926,1.478737768004181e+17,0.004023246233712438
76.50000254313152,20517,20517,20517,17354,3163,15.416483891407125,1.5073030598743438e+20,1.6135457463125934e+20,0.9341557642967087,19121981.637237497,19105336.740094054,1.000871217156226,0.0024448127275076698,0.002543065768878478,0.9613643333282179,18064455.57963703,1057526.0576004693,0,0,0,0,0,0,19.539838790893555,1.478737768004181e+17,0.01926767656501286
76.99999809265137,20511,20511,20511,17359,3152,15.367363853542003,1.5224091544308036e+20,1.6134348595244548e+20,0.9435826587256952,946447847.810357,969439265.8130198,0.9762837974348181,0.6060408969177281,0.6167716359197253,0.9826017631533986,945381854.4834865,1065993.3268706182,0,0,0,0,0,0,20.199722290039062,1.478737768004181e+17,0.07825075194893125
77.5000015894572,20503,20503,20503,17340,3163,15.427010681363702,1.524224327222954e+20,1.6133006806004112e+20,0.9447862667830114,14533608.340410806,15129614.074250046,0.9606066796605462,0.0022943977961271947,0.0024864303042240483,0.9227677897222291,13469412.393262357,1064195.9471484497,0,0,0,0,0,0,20.447502136230465,1.478737768004181e+17,0.014141589860117878
77.99999713897705,20499,20499,20499,17336,3163,15.430020976633006,1.51335989290714e+20,1.6133005037976394e+20,0.9380520797859769,15485252.076442594,15484697.61807033,1.0000358068582247,0.0011471457973565697,0.0011785521867097607,0.9733517194169651,14423825.666169023,1061426.4102735706,0,0,0,0,0,0,19.7662296295166,1.478737768004181e+17,0.006853755052618826
78.50000063578288,20494,20494,20494,17324,3170,15.467941836635113,1.5289335745330227e+20,1.6132109991455988e+20,0.9477579655375448,637677748.7575141,666391803.6817476,0.9569111523197147,0.484703814839478,0.5051273835746204,0.9595674885201996,636611457.1500511,1066291.6074629559,0,0,0,0,0,0,19.294544219970703,1.478737768004181e+17,0.12445489575800697
78.99999618530273,20492,20492,20492,17329,3163,15.435291821198517,1.522538810085657e+20,1.6120974619579043e+20,0.9444458824694895,1839561544.7536871,1803592498.7576425,1.019943000439856,4.14764752752488,4.055032397614427,1.0228395536284587,1838496333.8929696,1065210.8607171946,0,0,0,0,0,0,21.12715148925781,1.478737768004181e+17,0.13708940959760912
79.49999968210857,20487,20487,20487,17327,3160,15.424415482989213,1.5265407657492362e+20,1.612093421582752e+20,0.9469307084266119,882547838.8312454,888808046.7749245,0.9929566254869153,1.0602966800978457,1.0668184528398061,0.993886707973039,881477775.0638001,1070063.7674455359,0,0,0,0,0,0,21.514238357543945,1.478737768004181e+17,0.14888187750359744
80.00000317891438,20483,20483,20483,17336,3147,15.363960357369526,1.5323463225698022e+20,1.6120896961571897e+20,0.9505341583799739,451225806.57396394,388490896.00420463,1.1614836054461373,0.15611563907191212,0.14071096748398368,1.1094774050905583,450160538.9822955,1065267.591668495,0,0,0,0,0,0,20.833770751953125,1.478737768004181e+17,0.04892440027067849
80.49999872843425,20481,20481,20481,17324,3157,15.414286411796299,1.5277092578684627e+20,1.612089596659879e+20,0.9476577859157173,93028480.13001767,94562613.69078155,0.9837765317509045,0.030595434187216452,0.030658063704641622,0.9979571600467485,91963305.53801294,1065174.5920047374,0,0,0,0,0,0,21.70591163635254,1.478737768004181e+17,0.023106677388358237
81.00000222524007,20478,20478,20478,17326,3152,15.39212813751343,1.5276597021799612e+20,1.6120452067889132e+20,0.9476531400896366,28070479.63668979,29157007.170699887,0.9627352859760601,0.0075547860144259266,0.007728448121470619,0.9775294982491716,27006278.48708152,1064201.1496082724,0,0,0,0,0,0,21.613265991210938,1.478737768004181e+17,0.019294095113577388
81.49999777475993,20476,20476,20476,17319,3157,15.418050400468841,1.5272075896458117e+20,1.6120450620320986e+20,0.9473727661934319,18869188.25645358,19021449.828306973,0.9919952699069867,0.001965025724462155,0.0018907341352287078,1.03929245674959,17797528.463766433,1071659.7926871502,0,0,0,0,0,0,21.259426116943356,1.478737768004181e+17,0.004528154374775421
82.00000127156575,20474,20474,20474,17307,3167,15.468398945003418,1.53608255133243e+20,1.6120440968586966e+20,0.9528787421669862,25286789.695108198,25861620.331449807,0.9777728298159815,0.0037834562095246512,0.0037758005560724044,1.0020275576897022,24219032.53708481,1067757.1580233905,0,0,0,0,0,0,22.18525886535644,1.478737768004181e+17,0.017228058103173596
82.49999682108562,20471,20471,20471,17326,3145,15.36319671730741,1.5338849520107264e+20,1.6119701082784596e+20,0.9515591785066498,19520397.67522368,19911551.337254934,0.980355440145972,0.002091030534513198,0.002157208864132528,0.9693222428668528,18449961.211221147,1070436.4640025254,0,0,0,0,0,0,21.94180679321289,1.478737768004181e+17,0.012336248765323863
83.00000031789143,20467,20467,20467,17332,3135,15.317340108467288,1.5250783902027468e+20,1.6110905199236524e+20,0.9466124785310129,16371314.500274934,16495624.631468907,0.9924640543191784,0.001018608481205099,0.001024396949184435,0.9943493896736569,15302845.765282538,1068468.7349923975,0,0,0,0,0,0,20.166618347167965,1.478737768004181e+17,0.00408844715184158
83.50000381469727,20460,20460,20460,17325,3135,15.32258064516129,1.5262361046622162e+20,1.610364344881852e+20,0.9477582570136897,17227143.38015517,17185042.71598909,1.0024498434401277,0.0011747612789056053,0.0011578619334293393,1.014595302763097,16148449.514341228,1078693.8658139403,0,0,0,0,0,0,20.263210296630856,1.478737768004181e+17,0.004852836357146431
83.99999936421712,20458,20458,20458,17309,3149,15.392511486948871,1.5438517095973513e+20,1.610049096403623e+20,0.9588848644714393,17459382.138796538,17319524.413374938,1.0080751481439985,0.0011740692730109348,0.0011371928147661562,1.0324276215659713,16385332.027083691,1074050.1117128495,0,0,0,0,0,0,19.523036956787106,1.478737768004181e+17,0.0045764586430851704
84.50000286102295,20457,20457,20457,17317,3140,15.349269198807255,1.535061430951577e+20,1.6087206906793122e+20,0.9542125241786805,16787455.022472586,17294132.569733057,0.9707023439760591,0.0013162480689620662,0.0013388182027149077,0.9831417486652984,15718606.03735406,1068848.9851185277,0,0,0,0,0,0,19.42826461791992,1.478737768004181e+17,0.011623479840960209
84.9999984105428,20455,20455,20455,17311,3144,15.37032510388658,1.526511247735138e+20,1.608237323158369e+20,0.9491828262866504,18043602.62671871,18556755.765334822,0.9723468290952715,0.0015957676815080307,0.001589952698901858,1.0036573305672483,16972927.977498785,1070674.6492199276,0,0,0,0,0,0,18.961515426635742,1.478737768004181e+17,0.011712844924325304
85.50000190734863,20453,20453,20453,17300,3153,15.415831418373832,1.5520720941082408e+20,1.6070183819347237e+20,0.9658085505155629,22004474.916394502,23058173.829700258,0.9543025860986211,0.0032122443140513907,0.0032872345045580906,0.9771874533433139,20934119.47395064,1070355.4424438593,0,0,0,0,0,0,20.181560516357422,1.478737768004181e+17,0.0199657993145548
85.99999745686848,20452,20452,20452,17307,3145,15.377469196166635,1.5184915575082336e+20,1.6070183487512117e+20,0.9449123954858568,17731733.819651652,17990901.790490106,0.9855944980492612,0.0015223072672214942,0.0014976955171303878,1.0164330798948127,16655502.164757367,1076231.6548942826,0,0,0,0,0,0,19.551643371582028,1.478737768004181e+17,0.009978397177610943
86.50000095367432,20452,20452,20452,17329,3123,15.269900254253862,1.5156097911472095e+20,1.6070183487512117e+20,0.9431191574912419,17622234.867095325,17629626.1695626,0.9995807453660001,0.001562360038010161,0.0015400239869238941,1.0145037033682065,16549965.024616186,1072269.8424791386,0,0,0,0,0,0,18.968515396118164,1.478737768004181e+17,0.008167864005961303
86.99999650319417,20450,20450,20450,17325,3125,15.28117359413203,1.526306415659065e+20,1.6069271266466778e+20,0.9498292675189002,15316589.081575878,15478044.238819404,0.9895687623867496,0.000905689765410679,0.000898634736826254,1.0078508300372868,14245464.207359202,1071124.8742166753,0,0,0,0,0,0,19.216712951660156,1.478737768004181e+17,0.005490481631355628
87.5,20448,20448,20448,17316,3132,15.316901408450704,1.563077714178022e+20,1.6069267095251403e+20,0.9727125107279623,15936718.897065464,15892934.21339877,1.0027549779718954,0.0010686610624480739,0.0010367439467019487,1.0307859195586901,14864158.128142059,1072560.7689234077,0,0,0,0,0,0,19.224090576171875,1.478737768004181e+17,0.007261969885189079
88.00000349680583,20448,20448,20448,17310,3138,15.3462441314554,1.54274746152608e+20,1.60692670952514e+20,0.9600608742025171,24657410.613200538,24934084.868650988,0.9889037734126627,0.003353271855053879,0.0034148649468744036,0.9819632422427422,23584310.89982254,1073099.7133779982,0,0,0,0,0,0,19.899675369262695,1.478737768004181e+17,0.02151901689229794
88.49999904632568,20448,20448,20448,17314,3134,15.326682316118935,1.517659533805119e+20,1.60692670952514e+20,0.944448508329045,14471208.922237951,14743935.291616883,0.9815024710849077,0.0008633653597199557,0.0008420725850749988,1.0252861511256306,13394137.349505667,1077071.5727322851,0,0,0,0,0,0,20.376781463623047,1.478737768004181e+17,0.0060896830523110585
89.00000254313152,20448,20448,20448,17309,3139,15.351134585289515,1.5352614678591465e+20,1.60692670952514e+20,0.9554022960467369,37425673.199856654,39333892.9546426,0.9514866286694178,0.0070842743604388955,0.007650905157226774,0.9259393777411214,36348330.03609906,1077343.163757597,0,0,0,0,0,0,19.05853271484375,1.478737768004181e+17,0.0272576619198306
89.49999809265137,20448,20448,20448,17303,3145,15.38047730829421,1.528323709951118e+20,1.60692670952514e+20,0.951084888247797,32456387.012793303,33954260.548433185,0.9558855498118335,0.00810526174625604,0.008630581558507848,0.9391327445676059,31370973.085351355,1085413.927441949,0,0,0,0,0,0,20.42718505859375,1.478737768004181e+17,0.024458180482369342
90.0000015894572,20447,20447,20447,17306,3141,15.361666748178218,1.5262709572888953e+20,1.606835249750725e+20,0.9498615103979527,15771134.43368578,16197887.168212866,0.9736538024931698,0.0012812051279050586,0.0012419326540580684,1.0316220639812197,14684976.966247745,1086157.467438036,0,0,0,0,0,0,20.163879394531246,1.478737768004181e+17,0.007252454623107873
90.49999713897705,20446,20446,20446,17307,3139,15.352636212462095,1.5367743983606065e+20,1.606835249750374e+20,0.9563982359730708,20034851.923198313,20444686.150011167,0.9799539976399867,0.00211650168551248,0.0023417836208112107,0.9037989960743292,18941784.06160983,1093067.8615884813,0,0,0,0,0,0,19.493980407714844,1.478737768004181e+17,0.015326931681321522
91.00000063578288,20446,20446,20446,17307,3139,15.352636212462095,1.531506949584809e+20,1.606835249750374e+20,0.9531200848517185,192133475.78283346,256528855.98677692,0.748974126297656,0.047751450753944914,0.05967026864755505,0.8002553337909515,191061721.1366814,1071754.6461520114,0,0,0,0,0,0,20.650350570678707,1.478737768004181e+17,0.1074714787696584
91.49999618530273,20446,20446,20446,17316,3130,15.308617822556979,1.555948052454947e+20,1.6068352497503738e+20,0.9683307935251405,1186953130.8002944,1057059405.4502863,1.1228821433121594,1.0115435625455587,0.9242380419626767,1.0944621586853136,1185864652.9988039,1088477.801490547,0,0,0,0,0,0,20.59364891052246,1.478737768004181e+17,0.09762856427699722
91.99999968210857,20446,20446,20446,17306,3140,15.357527144673774,1.5530751086283244e+20,1.6068352497503745e+20,0.9665428418187851,1472407889.5018432,1798439967.0266616,0.8187139501443336,1.8700047164027245,2.3020491367306173,0.8123218078040312,1471322941.484794,1084948.0170488756,0,0,0,0,0,0,21.799182891845703,1.478737768004181e+17,0.1119983532959361
92.50000317891438,20445,20445,20445,17311,3134,15.328931279041331,1.5724151164924884e+20,1.606835249741679e+20,0.9785789282039189,1128695331.9197435,1043188179.1706372,1.0819671411701453,0.7128352106559492,0.6576905124850384,1.0838459687711632,1127602048.672795,1093283.2469484266,0,0,0,0,0,0,22.10686683654785,1.478737768004181e+17,0.07049682808564287
92.99999872843425,20444,20444,20444,17304,3140,15.359029544120524,1.570145276503349e+20,1.606835249740732e+20,0.9771663129475764,80212515.0407741,86824902.78812486,0.9238422671950848,0.023197979913960658,0.024722443246854617,0.9383368659128012,79119303.95817804,1093211.0825960557,0,0,0,0,0,0,22.290807723999023,1.478737768004181e+17,0.05697678309225909
93.50000222524007,20444,20444,20444,17307,3137,15.344355312072002,1.571343985121736e+20,1.606835249740732e+20,0.9779123188735607,351006015.18961823,392456690.9370265,0.8943815287020819,0.12792825494583496,0.1383800894741147,0.924470098494662,349913207.4926404,1092807.6969778736,0,0,0,0,0,0,22.421175003051758,1.478737768004181e+17,0.07656850367916003
93.99999777475993,20443,20443,20443,17304,3139,15.354889204128552,1.553663025053327e+20,1.6068340917970505e+20,0.9669094233093735,789049183.7608446,851000829.8327403,0.9272014269550454,0.3625510024256574,0.38336935870035005,0.9456963479155758,787956348.5991228,1092835.1617217546,0,0,0,0,0,0,22.631200790405273,1.478737768004181e+17,0.05422281198650315
94.50000127156575,20443,20443,20443,17291,3152,15.418480653524433,1.5580534039331783e+20,1.6068340917970508e+20,0.9696417395467897,24916082.192222074,27473927.71073991,0.9068991683516026,0.007438213097593301,0.00833339243890733,0.8925792409421912,23827234.90214601,1088847.2900760602,0,0,0,0,0,0,22.584367752075195,1.478737768004181e+17,0.019420968779717454
94.99999682108562,20441,20441,20441,17296,3145,15.385744337361185,1.55536020126653e+20,1.6068340885881864e+20,0.9679656489196822,261186840.59177065,243395205.9734732,1.0730977200111185,0.0785134453270945,0.07459105259548196,1.0525852980368067,260096427.6672184,1090412.9245522593,0,0,0,0,0,0,21.335880279541012,1.478737768004181e+17,0.09293500360712845
95.50000031789143,20439,20439,20439,17288,3151,15.416605509075787,1.5336530232219523e+20,1.6068340885711857e+20,0.954456364929184,1864979148.1788373,2031022485.4266162,0.9182464308301828,1.532482562513677,1.6764937896523908,0.9140997550795739,1863889346.3133082,1089801.865528893,0,0,0,0,0,0,22.16468048095703,1.478737768004181e+17,0.05343191098717693
96.00000381469727,20438,20438,20438,17295,3143,15.378217046677758,1.5431943328058327e+20,1.6066593107984613e+20,0.9604987955031434,3365590312.0939636,3351107156.39669,1.0043219016943783,6.6315947427029105,6.619819139781004,1.0017788405805745,3364494136.214894,1096175.8790691777,0,0,0,0,0,0,22.536354064941403,1.478737768004181e+17,0.07369157803557856
96.49999936421712,20438,20438,20438,17295,3143,15.378217046677758,1.557738333166327e+20,1.6066593107984613e+20,0.969551119329821,273725523.29879206,307009695.5695653,0.8915859246431148,0.06718259859433992,0.07537893083764896,0.8912649442990603,272634714.26832896,1090809.0304631034,0,0,0,0,0,0,21.085657119750977,1.478737768004181e+17,0.08212714749864877
97.00000286102295,20437,20437,20437,17311,3126,15.29578705289426,1.5832302077889862e+20,1.6066553876148093e+20,0.9854199102020257,1279646031.888394,1377170994.5467122,0.9291845652831093,1.0222501639408708,1.0959212726203078,0.9327770064146195,1278546363.6826906,1099668.2057039316,0,0,0,0,0,0,22.270883560180664,1.478737768004181e+17,0.0753575507277844
97.4999984105428,20437,20437,20437,17277,3160,15.462151979253315,1.5666139669190613e+20,1.6066553876148093e+20,0.97507777896591,16010340.232622841,15550147.42291719,1.0295941123379602,0.001394290337439573,0.0013732793718166806,1.01529984798002,14907604.705930071,1102735.526692772,0,0,0,0,0,0,21.276432037353516,1.478737768004181e+17,0.003713764529473678
98.00000190734863,20437,20437,20437,17303,3134,15.334931741449331,1.557567087564568e+20,1.6066553876148093e+20,0.9694469016637624,223931457.72044283,263515883.7081608,0.8497835294378042,0.05615952282834813,0.06345190016427468,0.8850723569026798,222833857.3754773,1097600.3449655287,0,0,0,0,0,0,21.72428321838379,1.478737768004181e+17,0.09052063735073877
98.49999745686848,20437,20437,20437,17294,3143,15.378969516073788,1.566405530236934e+20,1.6066553876148093e+20,0.9749480456803938,1098189521.5172117,1517288407.5394282,0.7237842957609719,1.1764665947001638,1.6274557802946257,0.7228869803683284,1097091579.54517,1097941.9720415026,0,0,0,0,0,0,22.777185440063473,1.478737768004181e+17,0.1254544145791263
99.00000095367432,20437,20437,20437,17300,3137,15.349610999657484,1.5632803690396634e+20,1.6066553876148093e+20,0.9730029109481038,2758629898.0228024,2485013692.7999063,1.110106518131338,5.115575423205382,4.6179420986304365,1.1077608410730249,2757534830.1987305,1095067.8240715521,0,0,0,0,0,0,21.862825393676758,1.478737768004181e+17,0.09205308670458107
99.49999650319417,20437,20437,20437,17292,3145,15.388755688212555,1.557181794426696e+20,1.6066553876148093e+20,0.9692070909732793,28200982.995699152,27715566.634011175,1.0175142138747508,0.004419438897496818,0.004260164256149283,1.0373869719031683,27115450.232256077,1085532.7634430747,0,0,0,0,0,0,22.69552230834961,1.478737768004181e+17,0.01858539128545571
100.0,20437,20437,20437,17289,3148,15.403434946420708,1.566839466906193e+20,1.6066553876148093e+20,0.9752181326403009,652533664.7779267,706965482.6799014,0.9230063995548419,0.22399249529706172,0.24000401824285678,0.9332864380229117,651435411.6516445,1098253.1262823027,0,0,0,0,0,0,21.30522918701172,1.478737768004181e+17,0.057489239883556156
100.50000349680583,20437,20437,20437,17273,3164,15.481724323530852,1.559354829508011e+20,1.6066553876148093e+20,0.970559611929588,17048344.74109363,16789726.722270906,1.015403348910955,0.001449054529222326,0.0014172752046071448,1.0224228325676454,15949631.546884613,1098713.194209019,0,0,0,0,0,0,23.18407440185547,1.478737768004181e+17,0.00628984142502024
100.99999904632568,20437,20437,20437,17294,3143,15.378969516073788,1.578666826913876e+20,1.6066553876148093e+20,0.9825796117097119,256272541.05938476,255712387.17353886,1.002190562186046,0.09194938393736823,0.09072531787750374,1.0134920007832569,255189563.82403052,1082977.2353542733,0,0,0,0,0,0,21.40711212158203,1.478737768004181e+17,0.11762391483321302
101.50000254313152,20436,20436,20436,17297,3139,15.360148757095322,1.5638482857944888e+20,1.606655386364853e+20,0.9733563893454354,580302601.6361291,823089524.1043911,0.7050297502784525,0.33589477838863424,0.4605115639041562,0.7293948832488867,579196592.387928,1106009.2482010718,0,0,0,0,0,0,22.129867553710938,1.478737768004181e+17,0.09969366002075672
101.99999809265137,20436,20436,20436,17294,3142,15.374828733607359,1.5570643970707738e+20,1.606655386364853e+20,0.9691340223205664,34930695.54127797,35622017.10481827,0.9805928574593045,0.006565585816328637,0.007299451350865773,0.8994629186137265,33824237.10063702,1106458.4406409492,0,0,0,0,0,0,20.78287696838379,1.478737768004181e+17,0.02448914040139255
102.5000015894572,20436,20436,20436,17290,3146,15.39440203562341,1.576904117232616e+20,1.606655386364853e+20,0.9814824825630151,321323944.6741237,334698054.7617667,0.9600412673531596,0.11297392636234803,0.11607698862805925,0.9732672056504306,320225692.26531327,1098252.4088104758,0,0,0,0,0,0,21.699665069580075,1.478737768004181e+17,0.08493050269282301
102.99999713897705,20436,20436,20436,17286,3150,15.41397533763946,1.582599278645786e+20,1.606655386364853e+20,0.9850272137240985,17972139.90742154,18079098.965206712,0.9940838280717963,0.001706303101221452,0.0017626473504253578,0.968034304087934,16872339.477920186,1099800.429501352,0,0,0,0,0,0,21.685535430908203,1.478737768004181e+17,0.006717301300981581
103.50000063578288,20436,20436,20436,17283,3153,15.428655314151497,1.577853850731806e+20,1.606655386364853e+20,0.9820736071484427,19598306.664099142,18801870.846052382,1.0423593920290106,0.00163790500525974,0.0014841241083923826,1.103617275669711,18495507.12222366,1102799.5418754816,0,0,0,0,0,0,21.345285415649414,1.478737768004181e+17,0.007906280845449068
103.99999618530273,20436,20436,20436,17294,3142,15.374828733607359,1.5718457585602023e+20,1.606655386364853e+20,0.9783341044382832,21216407.010072887,20956757.311677285,1.0123897840936928,0.0022749216413794,0.002128309646250353,1.0688865905331717,20116455.541641142,1099951.4684317452,0,0,0,0,0,0,20.79121971130371,1.478737768004181e+17,0.006465789839493883
104.49999968210857,20436,20436,20436,17296,3140,15.365042082599334,1.5813966505980402e+20,1.606655386309281e+20,0.9842786848216009,22183700.972252183,22156143.160562243,1.0012438000373185,0.0029052149593067293,0.002617668782656489,1.10984818956294,21088133.009888023,1095567.9623641556,0,0,0,0,0,0,20.683242797851562,1.478737768004181e+17,0.012152853661023528
105.00000317891438,20436,20436,20436,17306,3130,15.316108827559209,1.5889554632218568e+20,1.6066553863092814e+20,0.988983373013124,21177400.65552967,21025000.248800058,1.0072485329334686,0.0020975719905956653,0.0020984308892939762,0.9995906947888096,20078718.56794024,1098682.0875894346,0,0,0,0,0,0,20.155609130859375,1.478737768004181e+17,0.013658996784628353
105.49999872843425,20436,20436,20436,17292,3144,15.384615384615385,1.5921018849736537e+20,1.606655386309281e+20,0.990941740550188,170552661.41875282,160192324.61595488,1.0646743645654424,0.04207578948195294,0.04164118583660899,1.0104368700509452,169445052.81945515,1107608.5992976641,0,0,0,0,0,0,21.702087402343746,1.478737768004181e+17,0.08345032876458178
106.00000222524007,20435,20435,20435,17301,3134,15.336432591142648,1.5805045879692067e+20,1.6066553863089416e+20,0.9837234552209653,16463567.585587341,16237344.046254124,1.0139322994381834,0.001089406259279782,0.0010197636620799628,1.0682928798009652,15359937.232359756,1103630.3532275858,0,0,0,0,0,0,21.18952751159668,1.478737768004181e+17,0.004220855480550019
106.49999777475993,20435,20435,20435,17309,3126,15.297284071446049,1.5802504922339364e+20,1.606655386308942e+20,0.98356530323801,18796230.451401018,18409883.53409051,1.0209858425554452,0.0016108517880621441,0.0015886105863171772,1.014000411388752,17676785.85925886,1119444.5921421554,0,0,0,0,0,0,20.889965057373047,1.478737768004181e+17,0.009690607216405708
107.00000127156575,20434,20434,20434,17306,3128,15.307820299500833,1.5875953955469047e+20,1.6066553861718186e+20,0.9881368520038835,18182377.25560819,18374741.886295978,0.9895310295035352,0.0018085292212898251,0.001661459577745881,1.0885183398463867,17082791.72692456,1099585.5286836307,0,0,0,0,0,0,21.188016891479492,1.478737768004181e+17,0.00632868268778745
107.49999682108562,20434,20434,20434,17311,3123,15.283351277282959,1.5684487978765337e+20,1.6066553861718186e+20,0.9762197988292188,17650744.383668706,17483974.256305743,1.009538456469805,0.001512045525369541,0.0013625218741072794,1.1097403675520652,16537338.153220478,1113406.2304482318,0,0,0,0,0,0,20.730901718139645,1.478737768004181e+17,0.005196740017801694
108.00000031789143,20434,20434,20434,17305,3129,15.312714103944407,1.5895675551805925e+20,1.6066553861718186e+20,0.9893643458713687,25314700.11213854,24921923.42026547,1.015760288050387,0.0034127921291709907,0.003471559377624726,0.9830718008649058,24208752.187553547,1105947.92458499,0,0,0,0,0,0,20.339876174926758,1.478737768004181e+17,0.018140952109559697
108.50000381469727,20434,20434,20434,17318,3116,15.249094646177939,1.6008433010586518e+20,1.6066553861718186e+20,0.9963824942404013,205011396.11837637,210296915.3637117,0.9748663967029951,0.0679022541641437,0.07057146060630609,0.9621772538186083,203905819.76977992,1105576.3485964783,0,0,0,0,0,0,21.501636505126953,1.478737768004181e+17,0.10199622704975855
108.99999936421712,20434,20434,20434,17316,3118,15.258882255065087,1.6135802714139646e+20,1.6066553861718186e+20,1.0043101248106763,16247148.893752322,16395442.25374425,0.9909552083013764,0.001136860223858185,0.001038344019425286,1.0948781931516558,15138286.411208168,1108862.4825441535,0,0,0,0,0,0,20.940683364868164,1.478737768004181e+17,0.004753679720470507
109.50000286102295,20433,20433,20433,17317,3116,15.249840943571673,1.5885789381983253e+20,1.6066553803438444e+20,0.9887490233645186,19176212.560121626,18949378.641297497,1.0119705201483375,0.0016720648835178722,0.0016301296519898685,1.0257250897048675,18063781.23092614,1112431.3291954882,0,0,0,0,0,0,20.371757507324215,1.478737768004181e+17,0.009046946137193352
109.9999984105428,20433,20433,20433,17330,3103,15.186218372240983,1.593398139060523e+20,1.6066553803438444e+20,0.9917485470465457,26698998.25459333,30955609.76215144,0.8624930492319829,0.00379777905313965,0.004737874330450877,0.8015786802809176,25595837.098060012,1103161.1565333179,0,0,0,0,0,0,20.348466873168945,1.478737768004181e+17,0.019291360829165667
110.50000190734863,20432,20432,20432,17332,3100,15.172278778386843,1.5833575217029553e+20,1.6066553803418036e+20,0.9854991562447624,49028080.94909736,61171098.99693257,0.8014909287726851,0.013631578651310651,0.017797828252613397,0.7659124730181065,47920158.35636492,1107922.5927324397,0,0,0,0,0,0,20.589792251586914,1.478737768004181e+17,0.02722739101751053
110.99999745686848,20432,20432,20432,17341,3091,15.128230227094754,1.6058218334639804e+20,1.6066553803418036e+20,0.9994811912448544,19906960.379952125,19903260.426960804,1.0001858968285573,0.0020116142910783282,0.0019530509735239338,1.0299855550870376,18804268.82453675,1102691.5554153803,0,0,0,0,0,0,20.63349723815918,1.478737768004181e+17,0.009144982442536035
111.50000095367432,20432,20432,20432,17341,3091,15.128230227094754,1.578916051127352e+20,1.6066553803418036e+20,0.9827347360523884,38440530.404088214,36886587.216974184,1.0421275944552264,0.009980155005011582,0.008552904369442777,1.166873213345865,37331683.26322214,1108847.1408660635,0,0,0,0,0,0,20.884782791137695,1.478737768004181e+17,0.020192324268656737
111.99999650319417,20432,20432,20432,17325,3107,15.206538762725136,1.5747253566949143e+20,1.6066553803418036e+20,0.980126401692878,16810289.738447834,16312307.238181155,1.0305280235956495,0.0009744236051589216,0.0009145999790970104,1.06540960794792,15694643.937848387,1115645.8005994465,0,0,0,0,0,0,20.19410705566406,1.478737768004181e+17,0.0037091078318330583
112.5,20432,20432,20432,17335,3097,15.157595927956148,1.5885619701355895e+20,1.6066553803418036e+20,0.9887384622566883,18802118.317312866,18675227.036009282,1.006794631254491,0.0015094562201655945,0.001433808094078221,1.0527602866797923,17690333.631781884,1111784.685530986,0,0,0,0,0,0,19.89658546447754,1.478737768004181e+17,0.008021350166516974
113.00000349680583,20432,20432,20432,17336,3096,15.152701644479249,1.5914489020053088e+20,1.606655380341804e+20,0.9905353204411141,17291070.645134646,17847384.387699127,0.9688293964829992,0.0011451397946820438,0.0011972295757266345,0.9564914013981187,16182664.062706098,1108406.5824285476,0,0,0,0,0,0,19.9705753326416,1.478737768004181e+17,0.004277228342795455
113.49999904632568,20432,20432,20432,17339,3093,15.138018794048552,1.5900908435465224e+20,1.6066553803418036e+20,0.9896900499024519,17411043.23000183,17822800.309487484,0.9768971725915334,0.0010673929544525928,0.001075139837712256,0.9927945342662147,16299367.5817755,1111675.6482263305,0,0,0,0,0,0,20.266376495361328,1.478737768004181e+17,0.004179470061277603
114.00000254313152,20432,20432,20432,17352,3080,15.074393108848865,1.586557761428209e+20,1.6066553803418036e+20,0.9874910206883825,23385833.534290783,24196443.49214744,0.9664987973079711,0.0030739248316320475,0.003069848783154087,1.0013277684882487,22268734.98789741,1117098.5463933737,0,0,0,0,0,0,20.399368286132812,1.478737768004181e+17,0.011080676900083625
114.49999809265137,20432,20432,20432,17322,3110,15.221221613155834,1.5958277612007417e+20,1.606655380341804e+20,0.9932607706210409,23798338.05619227,23442907.866666317,1.0151615231159674,0.004056099871914461,0.003729330873380987,1.0876213480723493,22690458.48453158,1107879.5716606888,0,0,0,0,0,0,20.8584041595459,1.478737768004181e+17,0.010562586793209153
115.0000015894572,20432,20432,20432,17323,3109,15.216327329678935,1.60559021490508e+20,1.6066553803418036e+20,0.9993370293033862,17183571.360958315,17661123.332221907,0.9729602719894764,0.00101391390087042,0.0010658678126328107,0.9512567026167542,16071468.68177997,1112102.6791783432,0,0,0,0,0,0,19.818105697631836,1.478737768004181e+17,0.0040721693532682944
115.49999713897705,20431,20431,20431,17320,3111,15.226861142381676,1.5800036048308873e+20,1.6066553803378485e+20,0.9834116414552093,19982220.023436982,20955989.643227264,0.9535326349951221,0.0018802123569811174,0.002031161501353383,0.9256833372079539,18870854.26042648,1111365.763010502,0,0,0,0,0,0,19.59783363342285,1.478737768004181e+17,0.011178563515788352
116.00000063578288,20431,20431,20431,17339,3092,15.13386520483579,1.6116578309996203e+20,1.6066553803378485e+20,1.003113580375102,16814307.260785826,17213809.080950156,0.976791782789874,0.0010446779960809737,0.0010272255418312083,1.016989895148687,15712553.253374811,1101754.007411013,0,0,0,0,0,0,19.830833435058594,1.478737768004181e+17,0.003441293841814731
116.49999618530273,20431,20431,20431,17312,3119,15.266017326611522,1.5896428490138917e+20,1.6066553803378485e+20,0.9894112131748009,17341368.100716747,17786653.59318576,0.9749651900434151,0.0010015915402701895,0.001030724879246314,0.9717350967627488,16239834.143677829,1101533.9570389204,0,0,0,0,0,0,20.0855712890625,1.478737768004181e+17,0.004764613773578505
116.99999968210857,20431,20431,20431,17318,3113,15.236650188439137,1.578747248971766e+20,1.6066553803378485e+20,0.9826296717344487,19542423.234082118,19779866.338600606,0.9879957174404603,0.0016723974163597893,0.0016179350397357286,1.0336616584019074,18431684.18952033,1110739.044561788,0,0,0,0,0,0,20.429445266723633,1.478737768004181e+17,0.005381120187565165
117.50000317891438,20431,20431,20431,17317,3114,15.241544711467867,1.5903846266744065e+20,1.6066553803378485e+20,0.9898729037586016,20886656.367252298,20754395.96820888,1.0063726450649786,0.0022822686578954244,0.00207397109242035,1.1004341700982865,19780224.247032236,1106432.1202200605,0,0,0,0,0,0,20.177839279174805,1.478737768004181e+17,0.008025202645116726
117.99999872843425,20431,20431,20431,17318,3113,15.236650188439137,1.5789577914207928e+20,1.6066553803378485e+20,0.9827607156730578,19730391.45245897,19921284.27898656,0.9904176445727977,0.0018699337897334183,0.0018665422466720703,1.0018170191793916,18620436.582978033,1109954.8694809405,0,0,0,0,0,0,20.369558334350586,1.478737768004181e+17,0.00837140458419981
118.50000222524007,20431,20431,20431,17315,3116,15.251333757525328,1.5714922737537332e+20,1.6066553803378485e+20,0.9781140952724279,26175304.122607958,26807639.414908577,0.9764121233311965,0.0042781751908691395,0.004350188432201817,0.983445948961749,25075009.453533642,1100294.6690743167,0,0,0,0,0,0,19.90807342529297,1.478737768004181e+17,0.021358217364192134
118.99999777475993,20431,20431,20431,17316,3115,15.246439234496599,1.5853675356660616e+20,1.6066553803378485e+20,0.9867502110705841,16018245.134551182,16323418.188317873,0.981304586438575,0.0009997560332033598,0.0009779610402621184,1.0222861566503711,14917421.511128873,1100823.6234223116,0,0,0,0,0,0,19.90320587158203,1.478737768004181e+17,0.005913349928861499
119.50000127156575,20431,20431,20431,17320,3111,15.226861142381676,1.5692321564933934e+20,1.6066553803378485e+20,0.9767073734028852,21507207.161206476,21531557.38342999,0.9988690914553978,0.0023774272133990034,0.0023200463184779663,1.0247326505785803,20398812.81298702,1108394.3482194575,0,0,0,0,0,0,20.770814895629883,1.478737768004181e+17,0.017547809458231187
119.99999682108562,20431,20431,20431,17309,3122,15.280700895697715,1.576449765683746e+20,1.6066553803378485e+20,0.9811996928378313,17344746.83982052,16820491.519136764,1.0311676576209028,0.0012781160828995986,0.0011957129465766758,1.0689154839034258,16236501.000869492,1108245.8389510252,0,0,0,0,0,0,21.213932037353512,1.478737768004181e+17,0.005823269640478663
