max_superdroplets,time_s,metric,n_members,estimate,95ci_low,95ci_high,95ci_half_width,accuracy_margin,precision_margin,accuracy_pass,precision_pass
512,600.0,ensemble_mean_l1_bins_250,20,0.11191345501915742,0.13015242586105202,0.19448924367995257,0.032168408909450275,0.05,0.01,False,False
512,600.0,ensemble_mean_l1_bins_500,20,0.16262397692596445,0.18807363124949592,0.26986844256852405,0.040897405659514066,0.05,0.01,False,False
512,600.0,ensemble_mean_l1_bins_1000,20,0.22396404750711782,0.2640029743458419,0.36396489689694866,0.049980961275553376,0.05,0.01,False,False
512,600.0,golovin_relative_error_radius_moment_0_m3,20,0.026764237147665588,0.0031969820091322723,0.0503314922861989,0.023567255138533316,0.05,0.025,False,True
512,600.0,golovin_relative_error_radius_moment_6_um6_m3,20,-0.054838783962896806,-0.1351604781907524,0.02548291026495879,0.0803216942278556,0.1,0.05,False,False
512,1200.0,ensemble_mean_l1_bins_250,20,0.12776566657545596,0.14052420213578198,0.2116571919681154,0.0355664949161667,0.05,0.01,False,False
512,1200.0,ensemble_mean_l1_bins_500,20,0.17605846373947778,0.1999122770255212,0.28637136088351195,0.04322954192899538,0.05,0.01,False,False
512,1200.0,ensemble_mean_l1_bins_1000,20,0.24609745262510682,0.28357840890695585,0.38287056373577233,0.04964607741440824,0.05,0.01,False,False
512,1200.0,golovin_relative_error_radius_moment_0_m3,20,0.04064632032194746,0.01829713782393089,0.06299550281996404,0.022349182498016575,0.05,0.025,False,True
512,1200.0,golovin_relative_error_radius_moment_6_um6_m3,20,-0.08181608703482533,-0.16498587689286867,0.001353702823218006,0.08316978985804334,0.1,0.05,False,False
512,1800.0,ensemble_mean_l1_bins_250,20,0.1376836366131996,0.1457490611571142,0.21278033401587054,0.03351563642937817,0.05,0.01,False,False
512,1800.0,ensemble_mean_l1_bins_500,20,0.1858867192725692,0.20819961133868622,0.2860990742026732,0.0389497314319935,0.05,0.01,False,False
512,1800.0,ensemble_mean_l1_bins_1000,20,0.23902319560697163,0.28230134138512064,0.38502499541154817,0.05136182701321376,0.05,0.01,False,False
512,1800.0,golovin_relative_error_radius_moment_0_m3,20,0.032439255750382576,0.007581461072052521,0.05729705042871263,0.024857794678330054,0.05,0.025,False,True
512,1800.0,golovin_relative_error_radius_moment_6_um6_m3,20,-0.10659387236561649,-0.18959064406205103,-0.023597100669181942,0.08299677169643455,0.1,0.05,False,False
512,2400.0,ensemble_mean_l1_bins_250,20,0.11980411871381959,0.13397024744614333,0.21297730740848506,0.03950352998117086,0.05,0.01,False,False
512,2400.0,ensemble_mean_l1_bins_500,20,0.18721944503290802,0.210169673236669,0.3002803694348397,0.04505534809908536,0.05,0.01,False,False
512,2400.0,ensemble_mean_l1_bins_1000,20,0.26044578550626335,0.29915950575606104,0.4053561889778891,0.053098341610914035,0.05,0.01,False,False
512,2400.0,golovin_relative_error_radius_moment_0_m3,20,0.03983484868256614,0.012802126940544594,0.06686757042458769,0.027032721742021544,0.05,0.025,False,False
512,2400.0,golovin_relative_error_radius_moment_6_um6_m3,20,-0.1589381482359402,-0.2512844608932021,-0.06659183557867829,0.09234631265726191,0.1,0.05,False,False
512,3000.0,ensemble_mean_l1_bins_250,20,0.17760260647587872,0.17692941046499433,0.2742918278610047,0.048681208698005185,0.05,0.01,False,False
512,3000.0,ensemble_mean_l1_bins_500,20,0.21885484790996212,0.24014752453829907,0.34968902216732106,0.054770748814510994,0.05,0.01,False,False
512,3000.0,ensemble_mean_l1_bins_1000,20,0.29835547304295407,0.34477383251300914,0.46820554349240806,0.06171585548969946,0.05,0.01,False,False
512,3000.0,golovin_relative_error_radius_moment_0_m3,20,0.03785770431415514,0.008322685829122208,0.06739272279918807,0.029535018485032927,0.05,0.025,False,False
512,3000.0,golovin_relative_error_radius_moment_6_um6_m3,20,-0.20391446409983177,-0.311745689778816,-0.09608323842084752,0.10783122567898423,0.1,0.05,False,False
512,3600.0,ensemble_mean_l1_bins_250,20,0.22327470521189466,0.23487748220396037,0.32731464875239213,0.04621858327421588,0.05,0.01,False,False
512,3600.0,ensemble_mean_l1_bins_500,20,0.2613930311810586,0.29420412258371825,0.40865943145538913,0.05722765443583544,0.05,0.01,False,False
512,3600.0,ensemble_mean_l1_bins_1000,20,0.36098654252955775,0.4112554696764224,0.5457818737883221,0.06726320205594985,0.05,0.01,False,False
512,3600.0,golovin_relative_error_radius_moment_0_m3,20,0.035745326118735085,0.005122529067308146,0.06636812317016202,0.03062279705142694,0.05,0.025,False,False
512,3600.0,golovin_relative_error_radius_moment_6_um6_m3,20,-0.25479460934783854,-0.3984712099720885,-0.11111800872358857,0.14367660062424997,0.1,0.05,False,False
1024,600.0,ensemble_mean_l1_bins_250,20,0.07127735381136174,0.08263393070320013,0.13469379815033847,0.026029933723569168,0.05,0.01,False,False
1024,600.0,ensemble_mean_l1_bins_500,20,0.11634915527014848,0.1303485938655493,0.1901022986175373,0.029876852375993995,0.05,0.01,False,False
1024,600.0,ensemble_mean_l1_bins_1000,20,0.16135672262696127,0.18758406183935947,0.2591494336364376,0.03578268589853907,0.05,0.01,False,False
1024,600.0,golovin_relative_error_radius_moment_0_m3,20,-0.026659604821128825,-0.0454498975976447,-0.007869312044612949,0.018790292776515876,0.05,0.025,True,True
1024,600.0,golovin_relative_error_radius_moment_6_um6_m3,20,0.008871488360847835,-0.05169666587828841,0.06943964259998409,0.06056815423913625,0.1,0.05,True,False
1024,1200.0,ensemble_mean_l1_bins_250,20,0.08339918000594439,0.08863907498160231,0.14135191996214097,0.02635642249026933,0.05,0.01,False,False
1024,1200.0,ensemble_mean_l1_bins_500,20,0.11156103169605133,0.1273468262282235,0.18913518479125965,0.03089417928151808,0.05,0.01,False,False
1024,1200.0,ensemble_mean_l1_bins_1000,20,0.15794749562827265,0.18579503405263093,0.2592070353771056,0.03670600066223734,0.05,0.01,False,False
1024,1200.0,golovin_relative_error_radius_moment_0_m3,20,-0.01970657498582354,-0.044170147668234454,0.004756997696587377,0.024463572682410915,0.05,0.025,True,True
1024,1200.0,golovin_relative_error_radius_moment_6_um6_m3,20,-0.011978285074669932,-0.07831658849308226,0.054360018343742406,0.06633830341841233,0.1,0.05,True,False
1024,1800.0,ensemble_mean_l1_bins_250,20,0.07428981753461746,0.08979563088150404,0.13760903714937187,0.023906703133933914,0.05,0.01,False,False
1024,1800.0,ensemble_mean_l1_bins_500,20,0.10507674074900736,0.12772286631251742,0.18544500499529848,0.02886106934139053,0.05,0.01,False,False
1024,1800.0,ensemble_mean_l1_bins_1000,20,0.17021692938017224,0.1971076179146319,0.26731564728585,0.035104014685609045,0.05,0.01,False,False
1024,1800.0,golovin_relative_error_radius_moment_0_m3,20,-0.019993330417064265,-0.045616307313891255,0.005629646479762721,0.025622976896826986,0.05,0.025,True,False
1024,1800.0,golovin_relative_error_radius_moment_6_um6_m3,20,0.010185741723024461,-0.08937520885698232,0.10974669230303123,0.09956095058000677,0.1,0.05,False,False
1024,2400.0,ensemble_mean_l1_bins_250,20,0.10287722584480466,0.11422714320769176,0.16320693369309588,0.024489895242702064,0.05,0.01,False,False
1024,2400.0,ensemble_mean_l1_bins_500,20,0.13674348327481733,0.15542988080589176,0.22031315610926933,0.03244163765168878,0.05,0.01,False,False
1024,2400.0,ensemble_mean_l1_bins_1000,20,0.19293542928449112,0.22454423970454682,0.2969310466513516,0.0361934034734024,0.05,0.01,False,False
1024,2400.0,golovin_relative_error_radius_moment_0_m3,20,-0.021375443736021398,-0.04912885001109556,0.006377962539052758,0.02775340627507416,0.05,0.025,True,False
1024,2400.0,golovin_relative_error_radius_moment_6_um6_m3,20,-0.029794671477212858,-0.13482192817348557,0.07523258521905986,0.10502725669627272,0.1,0.05,False,False
1024,3000.0,ensemble_mean_l1_bins_250,20,0.10596114707938588,0.11886133658723134,0.18012349883284756,0.03063108112280811,0.05,0.01,False,False
1024,3000.0,ensemble_mean_l1_bins_500,20,0.1493868607334189,0.173444981029263,0.24097762943359105,0.03376632420216402,0.05,0.01,False,False
1024,3000.0,ensemble_mean_l1_bins_1000,20,0.2106841291827122,0.2462665886060608,0.3311413922857365,0.042437401839837866,0.05,0.01,False,False
1024,3000.0,golovin_relative_error_radius_moment_0_m3,20,-0.025794740365826276,-0.05450704054244812,0.0029175598107955697,0.028712300176621845,0.05,0.025,False,False
1024,3000.0,golovin_relative_error_radius_moment_6_um6_m3,20,-0.013858207770561065,-0.13643566583765002,0.10871925029652788,0.12257745806708895,0.1,0.05,False,False
1024,3600.0,ensemble_mean_l1_bins_250,20,0.133067448406568,0.14045644239255384,0.23066142148293672,0.04510248954519144,0.05,0.01,False,False
1024,3600.0,ensemble_mean_l1_bins_500,20,0.1720347088634539,0.20704352836773188,0.2965708375212747,0.04476365457677142,0.05,0.01,False,False
1024,3600.0,ensemble_mean_l1_bins_1000,20,0.23295825796664188,0.28323245433999916,0.3941936408148204,0.055480593237410614,0.05,0.01,False,False
1024,3600.0,golovin_relative_error_radius_moment_0_m3,20,-0.02342462282797312,-0.053426759058543064,0.0065775134025968275,0.030002136230569944,0.05,0.025,False,False
1024,3600.0,golovin_relative_error_radius_moment_6_um6_m3,20,-0.0196439838793555,-0.1789041198645958,0.1396161521058848,0.1592601359852403,0.1,0.05,False,False
2048,600.0,ensemble_mean_l1_bins_250,20,0.05879801819926947,0.06066107484067208,0.1026332692764791,0.02098609721790351,0.05,0.01,False,False
2048,600.0,ensemble_mean_l1_bins_500,20,0.07210879563778745,0.08542139073011519,0.13037475334690685,0.022476681308395828,0.05,0.01,False,False
2048,600.0,ensemble_mean_l1_bins_1000,20,0.10559509547264008,0.1263893966485057,0.18148108119605494,0.027545842273774615,0.05,0.01,False,False
2048,600.0,golovin_relative_error_radius_moment_0_m3,20,0.0021358911900902664,-0.012544906912390841,0.016816689292571376,0.014680798102481109,0.05,0.025,True,True
2048,600.0,golovin_relative_error_radius_moment_6_um6_m3,20,-0.012586920283677716,-0.04556621965538923,0.020392379088033798,0.03297929937171151,0.1,0.05,True,True
2048,1200.0,ensemble_mean_l1_bins_250,20,0.05631155433329012,0.0653725067156214,0.1042007335528986,0.0194141134186386,0.05,0.01,False,False
2048,1200.0,ensemble_mean_l1_bins_500,20,0.07235523635875551,0.08801410800974745,0.13520274988375564,0.023594320937004094,0.05,0.01,False,False
2048,1200.0,ensemble_mean_l1_bins_1000,20,0.12466184872790706,0.14260643328715292,0.19542451969875035,0.02640904320579872,0.05,0.01,False,False
2048,1200.0,golovin_relative_error_radius_moment_0_m3,20,0.00320637802842757,-0.009412576231649816,0.015825332288504957,0.012618954260077387,0.05,0.025,True,True
2048,1200.0,golovin_relative_error_radius_moment_6_um6_m3,20,-0.008252556426516433,-0.058028482921589714,0.041523370068556845,0.04977592649507328,0.1,0.05,True,True
2048,1800.0,ensemble_mean_l1_bins_250,20,0.05810690444306664,0.06731419342263112,0.10554569597614773,0.019115751276758304,0.05,0.01,False,False
2048,1800.0,ensemble_mean_l1_bins_500,20,0.08561620006731098,0.09757409815188459,0.14072970604016038,0.0215778039441379,0.05,0.01,False,False
2048,1800.0,ensemble_mean_l1_bins_1000,20,0.11962263316088367,0.1393782162008124,0.1958059075321562,0.028213845665671908,0.05,0.01,False,False
2048,1800.0,golovin_relative_error_radius_moment_0_m3,20,0.0017530129059091294,-0.013184549912477393,0.01669057572429565,0.014937562818386521,0.05,0.025,True,True
2048,1800.0,golovin_relative_error_radius_moment_6_um6_m3,20,-0.013445296987721433,-0.08622984636514536,0.059339252389702495,0.07278454937742393,0.1,0.05,True,False
2048,2400.0,ensemble_mean_l1_bins_250,20,0.06711684934911703,0.07261260047045849,0.11011375420582738,0.018750576867684443,0.05,0.01,False,False
2048,2400.0,ensemble_mean_l1_bins_500,20,0.08216417794533015,0.10023783656198068,0.14887589764306705,0.024319030540543185,0.05,0.01,False,False
2048,2400.0,ensemble_mean_l1_bins_1000,20,0.12397031445081394,0.14917683745636287,0.20456020242430145,0.02769168248396929,0.05,0.01,False,False
2048,2400.0,golovin_relative_error_radius_moment_0_m3,20,0.0018603453233625,-0.015059505611810589,0.018780196258535588,0.01691985093517309,0.05,0.025,True,True
2048,2400.0,golovin_relative_error_radius_moment_6_um6_m3,20,-0.027754405444454816,-0.11544615321891329,0.059937342330003654,0.08769174777445847,0.1,0.05,False,False
2048,3000.0,ensemble_mean_l1_bins_250,20,0.08486222503328705,0.091135461792105,0.1322438184382529,0.02055417832307395,0.05,0.01,False,False
2048,3000.0,ensemble_mean_l1_bins_500,20,0.10698707503478452,0.12397970158235959,0.17490242396893257,0.025461361193286493,0.05,0.01,False,False
2048,3000.0,ensemble_mean_l1_bins_1000,20,0.16183903163136082,0.18634669692093012,0.25078659414885324,0.03221994861396156,0.05,0.01,False,False
2048,3000.0,golovin_relative_error_radius_moment_0_m3,20,0.0025330402776700344,-0.014696959351959036,0.019763039907299104,0.01722999962962907,0.05,0.025,True,True
2048,3000.0,golovin_relative_error_radius_moment_6_um6_m3,20,-0.01829269138022408,-0.12034002741572655,0.08375464465527838,0.10204733603550246,0.1,0.05,False,False
2048,3600.0,ensemble_mean_l1_bins_250,20,0.08711218155990466,0.09686993772869713,0.1551606015670286,0.029145331919165733,0.05,0.01,False,False
2048,3600.0,ensemble_mean_l1_bins_500,20,0.13331820970135932,0.14606474390852928,0.21316878543337486,0.03355202076242279,0.05,0.01,False,False
2048,3600.0,ensemble_mean_l1_bins_1000,20,0.18299636482019818,0.21418287573167838,0.2862186096184344,0.036017866943378024,0.05,0.01,False,False
2048,3600.0,golovin_relative_error_radius_moment_0_m3,20,0.00275457203093582,-0.014905336394448375,0.020414480456320015,0.017659908425384195,0.05,0.025,True,True
2048,3600.0,golovin_relative_error_radius_moment_6_um6_m3,20,-0.02109982059524205,-0.15674869376489123,0.11454905257440715,0.1356488731696492,0.1,0.05,False,False
4096,600.0,ensemble_mean_l1_bins_250,20,0.04613362837044133,0.04554124692502519,0.07722334463287077,0.01584104885392279,0.05,0.01,False,False
4096,600.0,ensemble_mean_l1_bins_500,20,0.05945617585329221,0.06857990973792079,0.10050269206300665,0.01596139116254293,0.05,0.01,False,False
4096,600.0,ensemble_mean_l1_bins_1000,20,0.08213936284891599,0.09644468354587465,0.13553172172026598,0.019543519087195663,0.05,0.01,False,False
4096,600.0,golovin_relative_error_radius_moment_0_m3,20,-0.0010668307501578045,-0.010172425264727211,0.0080387637644116,0.009105594514569406,0.05,0.025,True,True
4096,600.0,golovin_relative_error_radius_moment_6_um6_m3,20,-0.0021635816119697227,-0.024483921058716034,0.02015675783477659,0.02232033944674631,0.1,0.05,True,True
4096,1200.0,ensemble_mean_l1_bins_250,20,0.042219518152889116,0.047115554680879745,0.07242500995163359,0.012654727635376922,0.05,0.01,False,False
4096,1200.0,ensemble_mean_l1_bins_500,20,0.05796966089944906,0.06777571970016577,0.09911331576631281,0.01566879803307352,0.05,0.01,False,False
4096,1200.0,ensemble_mean_l1_bins_1000,20,0.08148202712583993,0.09719712306133761,0.13521869330028702,0.019010785119474703,0.05,0.01,False,False
4096,1200.0,golovin_relative_error_radius_moment_0_m3,20,-0.0011335494263606082,-0.012962329600243414,0.010695230747522199,0.011828780173882806,0.05,0.025,True,True
4096,1200.0,golovin_relative_error_radius_moment_6_um6_m3,20,0.010213819627204445,-0.022165145387080615,0.04259278464148951,0.03237896501428506,0.1,0.05,True,True
4096,1800.0,ensemble_mean_l1_bins_250,20,0.043255049639603325,0.04937495814162313,0.07736674626239474,0.013995894060385806,0.05,0.01,False,False
4096,1800.0,ensemble_mean_l1_bins_500,20,0.06417257731687508,0.07392465662464878,0.1055393457546288,0.015807344564990007,0.05,0.01,False,False
4096,1800.0,ensemble_mean_l1_bins_1000,20,0.08717704306826293,0.1011798521443005,0.14208642351966688,0.02045328568768319,0.05,0.01,False,False
4096,1800.0,golovin_relative_error_radius_moment_0_m3,20,-0.0006518652430676896,-0.013328089104172807,0.01202435861803743,0.012676223861105118,0.05,0.025,True,True
4096,1800.0,golovin_relative_error_radius_moment_6_um6_m3,20,0.019525506990302678,-0.028028752054135,0.06707976603474036,0.04755425904443768,0.1,0.05,True,True
4096,2400.0,ensemble_mean_l1_bins_250,20,0.043842698388241855,0.05086972138322606,0.07763303631720461,0.013381657466989275,0.05,0.01,False,False
4096,2400.0,ensemble_mean_l1_bins_500,20,0.06007373251902037,0.07324427527648703,0.10583734381559581,0.016296534269554394,0.05,0.01,False,False
4096,2400.0,ensemble_mean_l1_bins_1000,20,0.08926425503010302,0.10749271485894282,0.14726220347314195,0.019884744307099564,0.05,0.01,False,False
4096,2400.0,golovin_relative_error_radius_moment_0_m3,20,-5.773703066173086e-05,-0.012450400396105054,0.012334926334781593,0.012392663365443323,0.05,0.025,True,True
4096,2400.0,golovin_relative_error_radius_moment_6_um6_m3,20,0.01132943177763553,-0.03334703204020929,0.056005895595480346,0.04467646381784482,0.1,0.05,True,True
4096,3000.0,ensemble_mean_l1_bins_250,20,0.05206472724712319,0.05871573593598529,0.08982869552145499,0.015556479792734852,0.05,0.01,False,False
4096,3000.0,ensemble_mean_l1_bins_500,20,0.07201822760645374,0.08550963806396225,0.12226867855972597,0.018379520247881857,0.05,0.01,False,False
4096,3000.0,ensemble_mean_l1_bins_1000,20,0.10574647502973006,0.12494233727667603,0.16919417212634089,0.022125917424832428,0.05,0.01,False,False
4096,3000.0,golovin_relative_error_radius_moment_0_m3,20,-0.00010981849907413244,-0.01300597661456424,0.012786339616415976,0.012896158115490108,0.05,0.025,True,True
4096,3000.0,golovin_relative_error_radius_moment_6_um6_m3,20,0.015929947445225707,-0.04670423873705698,0.07856413362750839,0.06263418618228268,0.1,0.05,True,False
4096,3600.0,ensemble_mean_l1_bins_250,20,0.0617979003295576,0.06751151197728182,0.10340653109523128,0.017947509558974728,0.05,0.01,False,False
4096,3600.0,ensemble_mean_l1_bins_500,20,0.07902148018408657,0.09398043107313164,0.13932938150797256,0.022674475217420456,0.05,0.01,False,False
4096,3600.0,ensemble_mean_l1_bins_1000,20,0.11402702800715639,0.13691471124192167,0.19266396099981709,0.027874624878947707,0.05,0.01,False,False
4096,3600.0,golovin_relative_error_radius_moment_0_m3,20,-0.0009726892630479711,-0.0133019093758936,0.011356530849797658,0.012329220112845629,0.05,0.025,True,True
4096,3600.0,golovin_relative_error_radius_moment_6_um6_m3,20,-0.020264415874997888,-0.07521051300330811,0.034681681253312335,0.05494609712831022,0.1,0.05,True,False
8192,600.0,ensemble_mean_l1_bins_250,20,0.02495984085302733,0.02752591581425797,0.04610550450507041,0.009289794345406218,0.05,0.01,True,True
8192,600.0,ensemble_mean_l1_bins_500,20,0.03891586143020206,0.04495193441084306,0.06427968751350586,0.009663876551331402,0.05,0.01,False,True
8192,600.0,ensemble_mean_l1_bins_1000,20,0.052823151376694355,0.0639228001623904,0.09043346596445796,0.013255332901033784,0.05,0.01,False,False
8192,600.0,golovin_relative_error_radius_moment_0_m3,20,0.0032954187479640406,-0.003457741806330471,0.010048579302258552,0.006753160554294512,0.05,0.025,True,True
8192,600.0,golovin_relative_error_radius_moment_6_um6_m3,20,-0.015079697505185757,-0.034050559983155274,0.0038911649727837623,0.018970862477969516,0.1,0.05,True,True
8192,1200.0,ensemble_mean_l1_bins_250,20,0.031204718011767465,0.03442085063686173,0.052863910335357166,0.009221529849247716,0.05,0.01,False,True
8192,1200.0,ensemble_mean_l1_bins_500,20,0.04726820689196577,0.05217480347945796,0.07352908075339218,0.01067713863696711,0.05,0.01,False,False
8192,1200.0,ensemble_mean_l1_bins_1000,20,0.06718720632332358,0.0762566655194966,0.10206697503222038,0.012905154756361892,0.05,0.01,False,False
8192,1200.0,golovin_relative_error_radius_moment_0_m3,20,0.000415626981311068,-0.008676436037577886,0.009507690000200021,0.009092063018888954,0.05,0.025,True,True
8192,1200.0,golovin_relative_error_radius_moment_6_um6_m3,20,-0.026692808238722998,-0.05794974514980071,0.004564128672354714,0.03125693691107771,0.1,0.05,True,True
8192,1800.0,ensemble_mean_l1_bins_250,20,0.03212723204976196,0.03610190559011947,0.05576360801095276,0.009830851210416644,0.05,0.01,False,True
8192,1800.0,ensemble_mean_l1_bins_500,20,0.04123279172512697,0.04974838273615216,0.07118670835529685,0.010719162809572344,0.05,0.01,False,False
8192,1800.0,ensemble_mean_l1_bins_1000,20,0.05535773637561229,0.06852200158992562,0.09641149816778671,0.013944748288930546,0.05,0.01,False,False
8192,1800.0,golovin_relative_error_radius_moment_0_m3,20,0.0003157158602496546,-0.008979506328457752,0.00961093804895706,0.009295222188707406,0.05,0.025,True,True
8192,1800.0,golovin_relative_error_radius_moment_6_um6_m3,20,-0.021847834830923785,-0.05807820341920286,0.014382533757355292,0.03623036858827908,0.1,0.05,True,True
8192,2400.0,ensemble_mean_l1_bins_250,20,0.03358642182262757,0.03570955755960135,0.059974962885221764,0.012132702662810208,0.05,0.01,False,False
8192,2400.0,ensemble_mean_l1_bins_500,20,0.046881026693720795,0.0542572479496811,0.07877232584467589,0.012257538947497395,0.05,0.01,False,False
8192,2400.0,ensemble_mean_l1_bins_1000,20,0.06157919102374542,0.07453341888019926,0.10526649198141956,0.015366536550610148,0.05,0.01,False,False
8192,2400.0,golovin_relative_error_radius_moment_0_m3,20,0.0017342837904057607,-0.00824211683208818,0.011710684412899703,0.009976400622493942,0.05,0.025,True,True
8192,2400.0,golovin_relative_error_radius_moment_6_um6_m3,20,-0.021917587785532506,-0.06955943893418419,0.02572426336311918,0.04764185114865169,0.1,0.05,True,True
8192,3000.0,ensemble_mean_l1_bins_250,20,0.03138491945887967,0.037855768249795606,0.06253315490134503,0.012338693325774714,0.05,0.01,False,False
8192,3000.0,ensemble_mean_l1_bins_500,20,0.04955799412285448,0.05911967346406643,0.08787756349652986,0.014378945016231718,0.05,0.01,False,False
8192,3000.0,ensemble_mean_l1_bins_1000,20,0.07262545546932277,0.08681956139691324,0.1230201649561777,0.018100301779632226,0.05,0.01,False,False
8192,3000.0,golovin_relative_error_radius_moment_0_m3,20,0.0006805930374016944,-0.009624074863541603,0.010985260938344992,0.010304667900943297,0.05,0.025,True,True
8192,3000.0,golovin_relative_error_radius_moment_6_um6_m3,20,-0.028428420481340082,-0.07912485476680678,0.02226801380412661,0.05069643428546669,0.1,0.05,True,False
8192,3600.0,ensemble_mean_l1_bins_250,20,0.0458339711960542,0.05041805289063856,0.08002485491958254,0.01480340101447199,0.05,0.01,False,False
8192,3600.0,ensemble_mean_l1_bins_500,20,0.06188892496496586,0.07156326486030874,0.1038322366935295,0.016134485916610382,0.05,0.01,False,False
8192,3600.0,ensemble_mean_l1_bins_1000,20,0.08572466431129014,0.10223648074994542,0.1412687748964307,0.01951614707324264,0.05,0.01,False,False
8192,3600.0,golovin_relative_error_radius_moment_0_m3,20,0.0006583920906218177,-0.009526463466743537,0.010843247647987173,0.010184855557365355,0.05,0.025,True,True
8192,3600.0,golovin_relative_error_radius_moment_6_um6_m3,20,-0.01459097410211005,-0.08581326236363057,0.05663131415941047,0.07122228826152052,0.1,0.05,True,False
16384,600.0,ensemble_mean_l1_bins_250,20,0.019850679147737346,0.022327593120773093,0.03530818756100076,0.0064902972201138324,0.05,0.01,True,True
16384,600.0,ensemble_mean_l1_bins_500,20,0.03036125714807592,0.034453735644517126,0.04986236367024855,0.007704314012865712,0.05,0.01,True,True
16384,600.0,ensemble_mean_l1_bins_1000,20,0.039194413886987266,0.04744166012500607,0.06730948770782354,0.009933913791408733,0.05,0.01,False,True
16384,600.0,golovin_relative_error_radius_moment_0_m3,20,0.005807589340793224,0.002686235954175751,0.008928942727410696,0.0031213533866174727,0.05,0.025,True,True
16384,600.0,golovin_relative_error_radius_moment_6_um6_m3,20,-0.014882637925491016,-0.025487802547679343,-0.004277473303302691,0.010605164622188325,0.1,0.05,True,True
16384,1200.0,ensemble_mean_l1_bins_250,20,0.024032274266049796,0.025425521020104223,0.03824427243548916,0.006409375707692469,0.05,0.01,True,True
16384,1200.0,ensemble_mean_l1_bins_500,20,0.029247055874196144,0.03403003438418168,0.048857644730942645,0.007413805173380483,0.05,0.01,True,True
16384,1200.0,ensemble_mean_l1_bins_1000,20,0.040872760647099014,0.049055702530074595,0.06830769831158051,0.009625997890752958,0.05,0.01,False,True
16384,1200.0,golovin_relative_error_radius_moment_0_m3,20,0.007406037888348871,0.003447414773361037,0.011364661003336704,0.003958623114987833,0.05,0.025,True,True
16384,1200.0,golovin_relative_error_radius_moment_6_um6_m3,20,-0.016528273058739308,-0.035057499619770414,0.002000953502291798,0.018529226561031106,0.1,0.05,True,True
16384,1800.0,ensemble_mean_l1_bins_250,20,0.024029395003572363,0.026183640547921005,0.03978393215427974,0.006800145803179369,0.05,0.01,True,True
16384,1800.0,ensemble_mean_l1_bins_500,20,0.03183683925693359,0.03677796031030737,0.05206588814525723,0.0076439639174749295,0.05,0.01,False,True
16384,1800.0,ensemble_mean_l1_bins_1000,20,0.042061255714433664,0.05052616303864437,0.06970663223832017,0.009590234599837901,0.05,0.01,False,True
16384,1800.0,golovin_relative_error_radius_moment_0_m3,20,0.007033308676788985,0.001289424899924405,0.012777192453653566,0.0057438837768645805,0.05,0.025,True,True
16384,1800.0,golovin_relative_error_radius_moment_6_um6_m3,20,-0.027581142200253955,-0.05076714225432957,-0.0043951421461783345,0.023186000054075617,0.1,0.05,True,True
16384,2400.0,ensemble_mean_l1_bins_250,20,0.027029622650930618,0.027968737130018465,0.04372121096269016,0.007876236916335847,0.05,0.01,True,True
16384,2400.0,ensemble_mean_l1_bins_500,20,0.032961617088847914,0.03736206804820346,0.05445218439111656,0.008545058171456552,0.05,0.01,False,True
16384,2400.0,ensemble_mean_l1_bins_1000,20,0.0439905681464016,0.05275091721502075,0.07320024890790644,0.010224665846442844,0.05,0.01,False,False
16384,2400.0,golovin_relative_error_radius_moment_0_m3,20,0.008207202668992154,0.002778622337896465,0.013635783000087841,0.005428580331095688,0.05,0.025,True,True
16384,2400.0,golovin_relative_error_radius_moment_6_um6_m3,20,-0.034833284521226394,-0.06256131156946909,-0.007105257472983698,0.027728027048242697,0.1,0.05,True,True
16384,3000.0,ensemble_mean_l1_bins_250,20,0.03212343426346608,0.03159282821329431,0.05143026656104367,0.009918719173874681,0.05,0.01,False,True
16384,3000.0,ensemble_mean_l1_bins_500,20,0.040919470143668306,0.046017198636048244,0.06507632335638619,0.009529562360168973,0.05,0.01,False,True
16384,3000.0,ensemble_mean_l1_bins_1000,20,0.05647764656612431,0.06448249169925062,0.08821161342686878,0.011864560863809083,0.05,0.01,False,False
16384,3000.0,golovin_relative_error_radius_moment_0_m3,20,0.008838420121310947,0.003307110586843541,0.014369729655778353,0.005531309534467406,0.05,0.025,True,True
16384,3000.0,golovin_relative_error_radius_moment_6_um6_m3,20,-0.03496011248512641,-0.07024614175652377,0.0003259167862709536,0.03528602927139736,0.1,0.05,True,True
16384,3600.0,ensemble_mean_l1_bins_250,20,0.03966748457180109,0.04013571287164992,0.060737498594947974,0.010300892861649025,0.05,0.01,False,False
16384,3600.0,ensemble_mean_l1_bins_500,20,0.04995606959250691,0.055773290052160904,0.0781495543353511,0.0111881321415951,0.05,0.01,False,False
16384,3600.0,ensemble_mean_l1_bins_1000,20,0.06664244624061448,0.07721571454683637,0.10448710390388403,0.013635694678523831,0.05,0.01,False,False
16384,3600.0,golovin_relative_error_radius_moment_0_m3,20,0.008564631022231733,0.002980285893845672,0.014148976150617795,0.0055843451283860614,0.05,0.025,True,True
16384,3600.0,golovin_relative_error_radius_moment_6_um6_m3,20,-0.046705369674721955,-0.08883688490845892,-0.004573854440984987,0.04213151523373697,0.1,0.05,True,True
